  0
SECTION
  2
HEADER
  9
$ACADVER
  1
AC1009
  9
$ANGDIR
  70
0
  9
$CECOLOR
  62
256
  9
$CELTYPE
  6
BYLAYER
  9
$EXTMIN
  10
0.0
  20
0.0
  9
$EXTMAX
  10
3.75
  20
3.0
  9
$FILLMODE
  70
1
  9
$MIRRTEXT
  70
0
  0
ENDSEC
  0
SECTION
  2
TABLES
  0
TABLE
  2
LAYER
  70
23
  0
LAYER
  2
Top_Silk
  70
64
  62
3
  6
CONTINUOUS
  0
LAYER
  2
Top_Paste
  70
64
  62
7
  6
CONTINUOUS
  0
LAYER
  2
Board_Outline
  70
64
  62
21
  6
CONTINUOUS
  0
ENDTAB
  0
ENDSEC
  0
SECTION
  2
ENTITIES
  0
POLYLINE
  8
Top_Silk
  6
CONTINUOUS
  66
1
  70
0
  40
0.008
  41
0.008
  0
VERTEX
  8
Top_Silk
  10
0.4207
  20
0.4604
  42
0
  0
VERTEX
  8
Top_Silk
  10
0.4206
  20
0.5096
  42
0
  0
VERTEX
  8
Top_Silk
  10
0.3143
  20
0.5096
  42
0
  0
VERTEX
  8
Top_Silk
  10
0.3144
  20
0.4604
  42
0
  0
VERTEX
  8
Top_Silk
  10
0.4207
  20
0.4604
  42
0
  0
SEQEND
  0
POLYLINE
  8
Top_Silk
  6
CONTINUOUS
  66
1
  70
0
  40
0.0046
  41
0.0046
  0
VERTEX
  8
Top_Silk
  10
0.2728
  20
0.4909
  42
0
  0
VERTEX
  8
Top_Silk
  10
0.2699
  20
0.4894
  42
0
  0
VERTEX
  8
Top_Silk
  10
0.2671
  20
0.4866
  42
0
  0
VERTEX
  8
Top_Silk
  10
0.2656
  20
0.4837
  42
0
  0
VERTEX
  8
Top_Silk
  10
0.2656
  20
0.478
  42
0
  0
VERTEX
  8
Top_Silk
  10
0.2671
  20
0.4751
  42
0
  0
VERTEX
  8
Top_Silk
  10
0.2699
  20
0.4722
  42
0
  0
VERTEX
  8
Top_Silk
  10
0.2728
  20
0.4708
  42
0
  0
VERTEX
  8
Top_Silk
  10
0.2771
  20
0.4693
  42
0
  0
VERTEX
  8
Top_Silk
  10
0.2843
  20
0.4693
  42
0
  0
VERTEX
  8
Top_Silk
  10
0.2886
  20
0.4708
  42
0
  0
VERTEX
  8
Top_Silk
  10
0.2915
  20
0.4722
  42
0
  0
VERTEX
  8
Top_Silk
  10
0.2943
  20
0.4751
  42
0
  0
VERTEX
  8
Top_Silk
  10
0.2958
  20
0.478
  42
0
  0
VERTEX
  8
Top_Silk
  10
0.2958
  20
0.4837
  42
0
  0
VERTEX
  8
Top_Silk
  10
0.2943
  20
0.4866
  42
0
  0
VERTEX
  8
Top_Silk
  10
0.2915
  20
0.4894
  42
0
  0
VERTEX
  8
Top_Silk
  10
0.2886
  20
0.4909
  42
0
  0
SEQEND
  0
POLYLINE
  8
Top_Silk
  6
CONTINUOUS
  66
1
  70
0
  40
0.0023
  41
0.0023
  0
VERTEX
  8
Top_Silk
  10
0.2716
  20
0.4909
  42
1
  0
VERTEX
  8
Top_Silk
  10
0.2739
  20
0.4909
  42
1
  0
VERTEX
  8
Top_Silk
  10
0.2716
  20
0.4909
  42
1
  0
SEQEND
  0
POLYLINE
  8
Top_Silk
  6
CONTINUOUS
  66
1
  70
0
  40
0.0023
  41
0.0023
  0
VERTEX
  8
Top_Silk
  10
0.2874
  20
0.4909
  42
1
  0
VERTEX
  8
Top_Silk
  10
0.2897
  20
0.4909
  42
1
  0
VERTEX
  8
Top_Silk
  10
0.2874
  20
0.4909
  42
1
  0
SEQEND
  0
POLYLINE
  8
Top_Silk
  6
CONTINUOUS
  66
1
  70
0
  40
0.0046
  41
0.0046
  0
VERTEX
  8
Top_Silk
  10
0.2714
  20
0.5001
  42
0
  0
VERTEX
  8
Top_Silk
  10
0.2699
  20
0.503
  42
0
  0
VERTEX
  8
Top_Silk
  10
0.2657
  20
0.5073
  42
0
  0
VERTEX
  8
Top_Silk
  10
0.2958
  20
0.5073
  42
0
  0
SEQEND
  0
POLYLINE
  8
Top_Silk
  6
CONTINUOUS
  66
1
  70
0
  40
0.0023
  41
0.0023
  0
VERTEX
  8
Top_Silk
  10
0.2702
  20
0.5001
  42
1
  0
VERTEX
  8
Top_Silk
  10
0.2726
  20
0.5001
  42
1
  0
VERTEX
  8
Top_Silk
  10
0.2702
  20
0.5001
  42
1
  0
SEQEND
  0
POLYLINE
  8
Top_Silk
  6
CONTINUOUS
  66
1
  70
0
  40
0.0023
  41
0.0023
  0
VERTEX
  8
Top_Silk
  10
0.2946
  20
0.5073
  42
1
  0
VERTEX
  8
Top_Silk
  10
0.2969
  20
0.5073
  42
1
  0
VERTEX
  8
Top_Silk
  10
0.2946
  20
0.5073
  42
1
  0
SEQEND
  0
POLYLINE
  8
Top_Silk
  6
CONTINUOUS
  66
1
  70
0
  40
0.008
  41
0.008
  0
VERTEX
  8
Top_Silk
  10
0.3732
  20
0.7504
  42
0
  0
VERTEX
  8
Top_Silk
  10
0.3731
  20
0.7996
  42
0
  0
VERTEX
  8
Top_Silk
  10
0.2668
  20
0.7996
  42
0
  0
VERTEX
  8
Top_Silk
  10
0.2669
  20
0.7504
  42
0
  0
VERTEX
  8
Top_Silk
  10
0.3732
  20
0.7504
  42
0
  0
SEQEND
  0
POLYLINE
  8
Top_Silk
  6
CONTINUOUS
  66
1
  70
0
  40
0.0046
  41
0.0046
  0
VERTEX
  8
Top_Silk
  10
0.2353
  20
0.7711
  42
0
  0
VERTEX
  8
Top_Silk
  10
0.2324
  20
0.7697
  42
0
  0
VERTEX
  8
Top_Silk
  10
0.2295
  20
0.7668
  42
0
  0
VERTEX
  8
Top_Silk
  10
0.2281
  20
0.7639
  42
0
  0
VERTEX
  8
Top_Silk
  10
0.2281
  20
0.7582
  42
0
  0
VERTEX
  8
Top_Silk
  10
0.2295
  20
0.7553
  42
0
  0
VERTEX
  8
Top_Silk
  10
0.2324
  20
0.7524
  42
0
  0
VERTEX
  8
Top_Silk
  10
0.2353
  20
0.751
  42
0
  0
VERTEX
  8
Top_Silk
  10
0.2396
  20
0.7496
  42
0
  0
VERTEX
  8
Top_Silk
  10
0.2468
  20
0.7496
  42
0
  0
VERTEX
  8
Top_Silk
  10
0.2511
  20
0.751
  42
0
  0
VERTEX
  8
Top_Silk
  10
0.254
  20
0.7524
  42
0
  0
VERTEX
  8
Top_Silk
  10
0.2568
  20
0.7553
  42
0
  0
VERTEX
  8
Top_Silk
  10
0.2583
  20
0.7582
  42
0
  0
VERTEX
  8
Top_Silk
  10
0.2583
  20
0.7639
  42
0
  0
VERTEX
  8
Top_Silk
  10
0.2568
  20
0.7668
  42
0
  0
VERTEX
  8
Top_Silk
  10
0.254
  20
0.7697
  42
0
  0
VERTEX
  8
Top_Silk
  10
0.2511
  20
0.7711
  42
0
  0
SEQEND
  0
POLYLINE
  8
Top_Silk
  6
CONTINUOUS
  66
1
  70
0
  40
0.0023
  41
0.0023
  0
VERTEX
  8
Top_Silk
  10
0.2341
  20
0.7711
  42
1
  0
VERTEX
  8
Top_Silk
  10
0.2364
  20
0.7711
  42
1
  0
VERTEX
  8
Top_Silk
  10
0.2341
  20
0.7711
  42
1
  0
SEQEND
  0
POLYLINE
  8
Top_Silk
  6
CONTINUOUS
  66
1
  70
0
  40
0.0023
  41
0.0023
  0
VERTEX
  8
Top_Silk
  10
0.2499
  20
0.7711
  42
1
  0
VERTEX
  8
Top_Silk
  10
0.2522
  20
0.7711
  42
1
  0
VERTEX
  8
Top_Silk
  10
0.2499
  20
0.7711
  42
1
  0
SEQEND
  0
POLYLINE
  8
Top_Silk
  6
CONTINUOUS
  66
1
  70
0
  40
0.0046
  41
0.0046
  0
VERTEX
  8
Top_Silk
  10
0.2353
  20
0.7818
  42
0
  0
VERTEX
  8
Top_Silk
  10
0.2339
  20
0.7818
  42
0
  0
VERTEX
  8
Top_Silk
  10
0.231
  20
0.7832
  42
0
  0
VERTEX
  8
Top_Silk
  10
0.2296
  20
0.7847
  42
0
  0
VERTEX
  8
Top_Silk
  10
0.2282
  20
0.7875
  42
0
  0
VERTEX
  8
Top_Silk
  10
0.2282
  20
0.7933
  42
0
  0
VERTEX
  8
Top_Silk
  10
0.2296
  20
0.7961
  42
0
  0
VERTEX
  8
Top_Silk
  10
0.231
  20
0.7976
  42
0
  0
VERTEX
  8
Top_Silk
  10
0.2339
  20
0.799
  42
0
  0
VERTEX
  8
Top_Silk
  10
0.2367
  20
0.799
  42
0
  0
VERTEX
  8
Top_Silk
  10
0.2396
  20
0.7976
  42
0
  0
VERTEX
  8
Top_Silk
  10
0.2439
  20
0.7947
  42
0
  0
VERTEX
  8
Top_Silk
  10
0.2583
  20
0.7803
  42
0
  0
VERTEX
  8
Top_Silk
  10
0.2583
  20
0.8004
  42
0
  0
SEQEND
  0
POLYLINE
  8
Top_Silk
  6
CONTINUOUS
  66
1
  70
0
  40
0.0023
  41
0.0023
  0
VERTEX
  8
Top_Silk
  10
0.2342
  20
0.7818
  42
1
  0
VERTEX
  8
Top_Silk
  10
0.2365
  20
0.7818
  42
1
  0
VERTEX
  8
Top_Silk
  10
0.2342
  20
0.7818
  42
1
  0
SEQEND
  0
POLYLINE
  8
Top_Silk
  6
CONTINUOUS
  66
1
  70
0
  40
0.0023
  41
0.0023
  0
VERTEX
  8
Top_Silk
  10
0.2571
  20
0.8004
  42
1
  0
VERTEX
  8
Top_Silk
  10
0.2594
  20
0.8004
  42
1
  0
VERTEX
  8
Top_Silk
  10
0.2571
  20
0.8004
  42
1
  0
SEQEND
  0
POLYLINE
  8
Top_Silk
  6
CONTINUOUS
  66
1
  70
0
  40
0.0046
  41
0.0046
  0
VERTEX
  8
Top_Silk
  10
0.2319
  20
0.7066
  42
0
  0
VERTEX
  8
Top_Silk
  10
0.229
  20
0.7052
  42
0
  0
VERTEX
  8
Top_Silk
  10
0.2262
  20
0.7023
  42
0
  0
VERTEX
  8
Top_Silk
  10
0.2247
  20
0.6995
  42
0
  0
VERTEX
  8
Top_Silk
  10
0.2247
  20
0.6937
  42
0
  0
VERTEX
  8
Top_Silk
  10
0.2262
  20
0.6909
  42
0
  0
VERTEX
  8
Top_Silk
  10
0.229
  20
0.688
  42
0
  0
VERTEX
  8
Top_Silk
  10
0.2319
  20
0.6865
  42
0
  0
VERTEX
  8
Top_Silk
  10
0.2362
  20
0.6851
  42
0
  0
VERTEX
  8
Top_Silk
  10
0.2434
  20
0.6851
  42
0
  0
VERTEX
  8
Top_Silk
  10
0.2477
  20
0.6865
  42
0
  0
VERTEX
  8
Top_Silk
  10
0.2506
  20
0.688
  42
0
  0
VERTEX
  8
Top_Silk
  10
0.2534
  20
0.6909
  42
0
  0
VERTEX
  8
Top_Silk
  10
0.2549
  20
0.6937
  42
0
  0
VERTEX
  8
Top_Silk
  10
0.2549
  20
0.6995
  42
0
  0
VERTEX
  8
Top_Silk
  10
0.2534
  20
0.7023
  42
0
  0
VERTEX
  8
Top_Silk
  10
0.2506
  20
0.7052
  42
0
  0
VERTEX
  8
Top_Silk
  10
0.2477
  20
0.7066
  42
0
  0
SEQEND
  0
POLYLINE
  8
Top_Silk
  6
CONTINUOUS
  66
1
  70
0
  40
0.0023
  41
0.0023
  0
VERTEX
  8
Top_Silk
  10
0.2307
  20
0.7066
  42
1
  0
VERTEX
  8
Top_Silk
  10
0.233
  20
0.7066
  42
1
  0
VERTEX
  8
Top_Silk
  10
0.2307
  20
0.7066
  42
1
  0
SEQEND
  0
POLYLINE
  8
Top_Silk
  6
CONTINUOUS
  66
1
  70
0
  40
0.0023
  41
0.0023
  0
VERTEX
  8
Top_Silk
  10
0.2465
  20
0.7066
  42
1
  0
VERTEX
  8
Top_Silk
  10
0.2488
  20
0.7066
  42
1
  0
VERTEX
  8
Top_Silk
  10
0.2465
  20
0.7066
  42
1
  0
SEQEND
  0
POLYLINE
  8
Top_Silk
  6
CONTINUOUS
  66
1
  70
0
  40
0.0046
  41
0.0046
  0
VERTEX
  8
Top_Silk
  10
0.2248
  20
0.7188
  42
0
  0
VERTEX
  8
Top_Silk
  10
0.2248
  20
0.7345
  42
0
  0
VERTEX
  8
Top_Silk
  10
0.2362
  20
0.7259
  42
0
  0
VERTEX
  8
Top_Silk
  10
0.2362
  20
0.7303
  42
0
  0
VERTEX
  8
Top_Silk
  10
0.2377
  20
0.7331
  42
0
  0
VERTEX
  8
Top_Silk
  10
0.2391
  20
0.7345
  42
0
  0
VERTEX
  8
Top_Silk
  10
0.2434
  20
0.736
  42
0
  0
VERTEX
  8
Top_Silk
  10
0.2462
  20
0.736
  42
0
  0
VERTEX
  8
Top_Silk
  10
0.2506
  20
0.7345
  42
0
  0
VERTEX
  8
Top_Silk
  10
0.2534
  20
0.7317
  42
0
  0
VERTEX
  8
Top_Silk
  10
0.2549
  20
0.7274
  42
0
  0
VERTEX
  8
Top_Silk
  10
0.2549
  20
0.7231
  42
0
  0
VERTEX
  8
Top_Silk
  10
0.2534
  20
0.7188
  42
0
  0
VERTEX
  8
Top_Silk
  10
0.252
  20
0.7174
  42
0
  0
VERTEX
  8
Top_Silk
  10
0.2491
  20
0.7159
  42
0
  0
SEQEND
  0
POLYLINE
  8
Top_Silk
  6
CONTINUOUS
  66
1
  70
0
  40
0.0023
  41
0.0023
  0
VERTEX
  8
Top_Silk
  10
0.2236
  20
0.7188
  42
1
  0
VERTEX
  8
Top_Silk
  10
0.2259
  20
0.7188
  42
1
  0
VERTEX
  8
Top_Silk
  10
0.2236
  20
0.7188
  42
1
  0
SEQEND
  0
POLYLINE
  8
Top_Silk
  6
CONTINUOUS
  66
1
  70
0
  40
0.0023
  41
0.0023
  0
VERTEX
  8
Top_Silk
  10
0.248
  20
0.7159
  42
1
  0
VERTEX
  8
Top_Silk
  10
0.2503
  20
0.7159
  42
1
  0
VERTEX
  8
Top_Silk
  10
0.248
  20
0.7159
  42
1
  0
SEQEND
  0
POLYLINE
  8
Top_Silk
  6
CONTINUOUS
  66
1
  70
0
  40
0.008
  41
0.008
  0
VERTEX
  8
Top_Silk
  10
3.1576
  20
2.3174
  42
0
  0
VERTEX
  8
Top_Silk
  10
3.1576
  20
2.3926
  42
0
  0
VERTEX
  8
Top_Silk
  10
2.9824
  20
2.3926
  42
0
  0
VERTEX
  8
Top_Silk
  10
2.9824
  20
2.3174
  42
0
  0
VERTEX
  8
Top_Silk
  10
3.1576
  20
2.3174
  42
0
  0
SEQEND
  0
POLYLINE
  8
Top_Silk
  6
CONTINUOUS
  66
1
  70
0
  40
0.0046
  41
0.0046
  0
VERTEX
  8
Top_Silk
  10
2.965
  20
2.3596
  42
0
  0
VERTEX
  8
Top_Silk
  10
2.9679
  20
2.3611
  42
0
  0
VERTEX
  8
Top_Silk
  10
2.9708
  20
2.3639
  42
0
  0
VERTEX
  8
Top_Silk
  10
2.9722
  20
2.3668
  42
0
  0
VERTEX
  8
Top_Silk
  10
2.9722
  20
2.3725
  42
0
  0
VERTEX
  8
Top_Silk
  10
2.9708
  20
2.3754
  42
0
  0
VERTEX
  8
Top_Silk
  10
2.9679
  20
2.3783
  42
0
  0
VERTEX
  8
Top_Silk
  10
2.965
  20
2.3797
  42
0
  0
VERTEX
  8
Top_Silk
  10
2.9607
  20
2.3812
  42
0
  0
VERTEX
  8
Top_Silk
  10
2.9535
  20
2.3812
  42
0
  0
VERTEX
  8
Top_Silk
  10
2.9492
  20
2.3797
  42
0
  0
VERTEX
  8
Top_Silk
  10
2.9464
  20
2.3783
  42
0
  0
VERTEX
  8
Top_Silk
  10
2.9435
  20
2.3754
  42
0
  0
VERTEX
  8
Top_Silk
  10
2.942
  20
2.3725
  42
0
  0
VERTEX
  8
Top_Silk
  10
2.942
  20
2.3668
  42
0
  0
VERTEX
  8
Top_Silk
  10
2.9435
  20
2.3639
  42
0
  0
VERTEX
  8
Top_Silk
  10
2.9464
  20
2.3611
  42
0
  0
VERTEX
  8
Top_Silk
  10
2.9492
  20
2.3596
  42
0
  0
SEQEND
  0
POLYLINE
  8
Top_Silk
  6
CONTINUOUS
  66
1
  70
0
  40
0.0023
  41
0.0023
  0
VERTEX
  8
Top_Silk
  10
2.9639
  20
2.3596
  42
1
  0
VERTEX
  8
Top_Silk
  10
2.9662
  20
2.3596
  42
1
  0
VERTEX
  8
Top_Silk
  10
2.9639
  20
2.3596
  42
1
  0
SEQEND
  0
POLYLINE
  8
Top_Silk
  6
CONTINUOUS
  66
1
  70
0
  40
0.0023
  41
0.0023
  0
VERTEX
  8
Top_Silk
  10
2.9481
  20
2.3596
  42
1
  0
VERTEX
  8
Top_Silk
  10
2.9504
  20
2.3596
  42
1
  0
VERTEX
  8
Top_Silk
  10
2.9481
  20
2.3596
  42
1
  0
SEQEND
  0
POLYLINE
  8
Top_Silk
  6
CONTINUOUS
  66
1
  70
0
  40
0.0046
  41
0.0046
  0
VERTEX
  8
Top_Silk
  10
2.942
  20
2.336
  42
0
  0
VERTEX
  8
Top_Silk
  10
2.9722
  20
2.336
  42
0
  0
VERTEX
  8
Top_Silk
  10
2.9521
  20
2.3504
  42
0
  0
VERTEX
  8
Top_Silk
  10
2.9521
  20
2.3288
  42
0
  0
SEQEND
  0
POLYLINE
  8
Top_Silk
  6
CONTINUOUS
  66
1
  70
0
  40
0.0023
  41
0.0023
  0
VERTEX
  8
Top_Silk
  10
2.9409
  20
2.336
  42
1
  0
VERTEX
  8
Top_Silk
  10
2.9432
  20
2.336
  42
1
  0
VERTEX
  8
Top_Silk
  10
2.9409
  20
2.336
  42
1
  0
SEQEND
  0
POLYLINE
  8
Top_Silk
  6
CONTINUOUS
  66
1
  70
0
  40
0.0023
  41
0.0023
  0
VERTEX
  8
Top_Silk
  10
2.9509
  20
2.3288
  42
1
  0
VERTEX
  8
Top_Silk
  10
2.9532
  20
2.3288
  42
1
  0
VERTEX
  8
Top_Silk
  10
2.9509
  20
2.3288
  42
1
  0
SEQEND
  0
POLYLINE
  8
Top_Silk
  6
CONTINUOUS
  66
1
  70
0
  40
0.008
  41
0.008
  0
VERTEX
  8
Top_Silk
  10
3.3946
  20
0.6332
  42
0
  0
VERTEX
  8
Top_Silk
  10
3.3454
  20
0.6331
  42
0
  0
VERTEX
  8
Top_Silk
  10
3.3454
  20
0.5268
  42
0
  0
VERTEX
  8
Top_Silk
  10
3.3946
  20
0.5269
  42
0
  0
VERTEX
  8
Top_Silk
  10
3.3946
  20
0.6332
  42
0
  0
SEQEND
  0
POLYLINE
  8
Top_Silk
  6
CONTINUOUS
  66
1
  70
0
  40
0.0046
  41
0.0046
  0
VERTEX
  8
Top_Silk
  10
3.3629
  20
0.5047
  42
0
  0
VERTEX
  8
Top_Silk
  10
3.3615
  20
0.5076
  42
0
  0
VERTEX
  8
Top_Silk
  10
3.3586
  20
0.5105
  42
0
  0
VERTEX
  8
Top_Silk
  10
3.3558
  20
0.5119
  42
0
  0
VERTEX
  8
Top_Silk
  10
3.35
  20
0.5119
  42
0
  0
VERTEX
  8
Top_Silk
  10
3.3471
  20
0.5105
  42
0
  0
VERTEX
  8
Top_Silk
  10
3.3443
  20
0.5076
  42
0
  0
VERTEX
  8
Top_Silk
  10
3.3428
  20
0.5047
  42
0
  0
VERTEX
  8
Top_Silk
  10
3.3414
  20
0.5004
  42
0
  0
VERTEX
  8
Top_Silk
  10
3.3414
  20
0.4932
  42
0
  0
VERTEX
  8
Top_Silk
  10
3.3428
  20
0.4889
  42
0
  0
VERTEX
  8
Top_Silk
  10
3.3443
  20
0.486
  42
0
  0
VERTEX
  8
Top_Silk
  10
3.3471
  20
0.4832
  42
0
  0
VERTEX
  8
Top_Silk
  10
3.35
  20
0.4817
  42
0
  0
VERTEX
  8
Top_Silk
  10
3.3558
  20
0.4817
  42
0
  0
VERTEX
  8
Top_Silk
  10
3.3586
  20
0.4832
  42
0
  0
VERTEX
  8
Top_Silk
  10
3.3615
  20
0.486
  42
0
  0
VERTEX
  8
Top_Silk
  10
3.3629
  20
0.4889
  42
0
  0
SEQEND
  0
POLYLINE
  8
Top_Silk
  6
CONTINUOUS
  66
1
  70
0
  40
0.0023
  41
0.0023
  0
VERTEX
  8
Top_Silk
  10
3.3618
  20
0.5047
  42
1
  0
VERTEX
  8
Top_Silk
  10
3.3641
  20
0.5047
  42
1
  0
VERTEX
  8
Top_Silk
  10
3.3618
  20
0.5047
  42
1
  0
SEQEND
  0
POLYLINE
  8
Top_Silk
  6
CONTINUOUS
  66
1
  70
0
  40
0.0023
  41
0.0023
  0
VERTEX
  8
Top_Silk
  10
3.3618
  20
0.4889
  42
1
  0
VERTEX
  8
Top_Silk
  10
3.3641
  20
0.4889
  42
1
  0
VERTEX
  8
Top_Silk
  10
3.3618
  20
0.4889
  42
1
  0
SEQEND
  0
POLYLINE
  8
Top_Silk
  6
CONTINUOUS
  66
1
  70
0
  40
0.0046
  41
0.0046
  0
VERTEX
  8
Top_Silk
  10
3.3894
  20
0.5118
  42
0
  0
VERTEX
  8
Top_Silk
  10
3.3751
  20
0.5118
  42
0
  0
VERTEX
  8
Top_Silk
  10
3.3737
  20
0.4989
  42
0
  0
VERTEX
  8
Top_Silk
  10
3.3751
  20
0.5004
  42
0
  0
VERTEX
  8
Top_Silk
  10
3.3794
  20
0.5018
  42
0
  0
VERTEX
  8
Top_Silk
  10
3.3837
  20
0.5018
  42
0
  0
VERTEX
  8
Top_Silk
  10
3.388
  20
0.5004
  42
0
  0
VERTEX
  8
Top_Silk
  10
3.3909
  20
0.4975
  42
0
  0
VERTEX
  8
Top_Silk
  10
3.3923
  20
0.4932
  42
0
  0
VERTEX
  8
Top_Silk
  10
3.3923
  20
0.4904
  42
0
  0
VERTEX
  8
Top_Silk
  10
3.3909
  20
0.486
  42
0
  0
VERTEX
  8
Top_Silk
  10
3.388
  20
0.4832
  42
0
  0
VERTEX
  8
Top_Silk
  10
3.3837
  20
0.4817
  42
0
  0
VERTEX
  8
Top_Silk
  10
3.3794
  20
0.4817
  42
0
  0
VERTEX
  8
Top_Silk
  10
3.3751
  20
0.4832
  42
0
  0
VERTEX
  8
Top_Silk
  10
3.3737
  20
0.4846
  42
0
  0
VERTEX
  8
Top_Silk
  10
3.3722
  20
0.4875
  42
0
  0
SEQEND
  0
POLYLINE
  8
Top_Silk
  6
CONTINUOUS
  66
1
  70
0
  40
0.0023
  41
0.0023
  0
VERTEX
  8
Top_Silk
  10
3.3882
  20
0.5118
  42
1
  0
VERTEX
  8
Top_Silk
  10
3.3906
  20
0.5118
  42
1
  0
VERTEX
  8
Top_Silk
  10
3.3882
  20
0.5118
  42
1
  0
SEQEND
  0
POLYLINE
  8
Top_Silk
  6
CONTINUOUS
  66
1
  70
0
  40
0.0023
  41
0.0023
  0
VERTEX
  8
Top_Silk
  10
3.371
  20
0.4875
  42
1
  0
VERTEX
  8
Top_Silk
  10
3.3734
  20
0.4875
  42
1
  0
VERTEX
  8
Top_Silk
  10
3.371
  20
0.4875
  42
1
  0
SEQEND
  0
POLYLINE
  8
Top_Silk
  6
CONTINUOUS
  66
1
  70
0
  40
0.008
  41
0.008
  0
VERTEX
  8
Top_Silk
  10
2.9354
  20
2.1618
  42
0
  0
VERTEX
  8
Top_Silk
  10
2.9846
  20
2.1619
  42
0
  0
VERTEX
  8
Top_Silk
  10
2.9846
  20
2.2682
  42
0
  0
VERTEX
  8
Top_Silk
  10
2.9354
  20
2.2681
  42
0
  0
VERTEX
  8
Top_Silk
  10
2.9354
  20
2.1618
  42
0
  0
SEQEND
  0
POLYLINE
  8
Top_Silk
  6
CONTINUOUS
  66
1
  70
0
  40
0.0046
  41
0.0046
  0
VERTEX
  8
Top_Silk
  10
2.9503
  20
2.1218
  42
0
  0
VERTEX
  8
Top_Silk
  10
2.9474
  20
2.1204
  42
0
  0
VERTEX
  8
Top_Silk
  10
2.9446
  20
2.1175
  42
0
  0
VERTEX
  8
Top_Silk
  10
2.9431
  20
2.1146
  42
0
  0
VERTEX
  8
Top_Silk
  10
2.9431
  20
2.1089
  42
0
  0
VERTEX
  8
Top_Silk
  10
2.9446
  20
2.106
  42
0
  0
VERTEX
  8
Top_Silk
  10
2.9474
  20
2.1032
  42
0
  0
VERTEX
  8
Top_Silk
  10
2.9503
  20
2.1017
  42
0
  0
VERTEX
  8
Top_Silk
  10
2.9546
  20
2.1003
  42
0
  0
VERTEX
  8
Top_Silk
  10
2.9618
  20
2.1003
  42
0
  0
VERTEX
  8
Top_Silk
  10
2.9661
  20
2.1017
  42
0
  0
VERTEX
  8
Top_Silk
  10
2.969
  20
2.1032
  42
0
  0
VERTEX
  8
Top_Silk
  10
2.9718
  20
2.106
  42
0
  0
VERTEX
  8
Top_Silk
  10
2.9733
  20
2.1089
  42
0
  0
VERTEX
  8
Top_Silk
  10
2.9733
  20
2.1146
  42
0
  0
VERTEX
  8
Top_Silk
  10
2.9718
  20
2.1175
  42
0
  0
VERTEX
  8
Top_Silk
  10
2.969
  20
2.1204
  42
0
  0
VERTEX
  8
Top_Silk
  10
2.9661
  20
2.1218
  42
0
  0
SEQEND
  0
POLYLINE
  8
Top_Silk
  6
CONTINUOUS
  66
1
  70
0
  40
0.0023
  41
0.0023
  0
VERTEX
  8
Top_Silk
  10
2.9491
  20
2.1218
  42
1
  0
VERTEX
  8
Top_Silk
  10
2.9514
  20
2.1218
  42
1
  0
VERTEX
  8
Top_Silk
  10
2.9491
  20
2.1218
  42
1
  0
SEQEND
  0
POLYLINE
  8
Top_Silk
  6
CONTINUOUS
  66
1
  70
0
  40
0.0023
  41
0.0023
  0
VERTEX
  8
Top_Silk
  10
2.9649
  20
2.1218
  42
1
  0
VERTEX
  8
Top_Silk
  10
2.9672
  20
2.1218
  42
1
  0
VERTEX
  8
Top_Silk
  10
2.9649
  20
2.1218
  42
1
  0
SEQEND
  0
POLYLINE
  8
Top_Silk
  6
CONTINUOUS
  66
1
  70
0
  40
0.0046
  41
0.0046
  0
VERTEX
  8
Top_Silk
  10
2.9474
  20
2.1483
  42
0
  0
VERTEX
  8
Top_Silk
  10
2.9446
  20
2.1469
  42
0
  0
VERTEX
  8
Top_Silk
  10
2.9432
  20
2.1425
  42
0
  0
VERTEX
  8
Top_Silk
  10
2.9432
  20
2.1397
  42
0
  0
VERTEX
  8
Top_Silk
  10
2.9446
  20
2.1354
  42
0
  0
VERTEX
  8
Top_Silk
  10
2.9489
  20
2.1325
  42
0
  0
VERTEX
  8
Top_Silk
  10
2.9561
  20
2.1311
  42
0
  0
VERTEX
  8
Top_Silk
  10
2.9632
  20
2.1311
  42
0
  0
VERTEX
  8
Top_Silk
  10
2.969
  20
2.1325
  42
0
  0
VERTEX
  8
Top_Silk
  10
2.9718
  20
2.1354
  42
0
  0
VERTEX
  8
Top_Silk
  10
2.9733
  20
2.1397
  42
0
  0
VERTEX
  8
Top_Silk
  10
2.9733
  20
2.1411
  42
0
  0
VERTEX
  8
Top_Silk
  10
2.9718
  20
2.1454
  42
0
  0
VERTEX
  8
Top_Silk
  10
2.969
  20
2.1483
  42
0
  0
VERTEX
  8
Top_Silk
  10
2.9646
  20
2.1497
  42
0
  0
VERTEX
  8
Top_Silk
  10
2.9632
  20
2.1497
  42
0
  0
VERTEX
  8
Top_Silk
  10
2.9589
  20
2.1483
  42
0
  0
VERTEX
  8
Top_Silk
  10
2.9561
  20
2.1454
  42
0
  0
VERTEX
  8
Top_Silk
  10
2.9546
  20
2.1411
  42
0
  0
VERTEX
  8
Top_Silk
  10
2.9546
  20
2.1397
  42
0
  0
VERTEX
  8
Top_Silk
  10
2.9561
  20
2.1354
  42
0
  0
VERTEX
  8
Top_Silk
  10
2.9589
  20
2.1325
  42
0
  0
VERTEX
  8
Top_Silk
  10
2.9632
  20
2.1311
  42
0
  0
SEQEND
  0
POLYLINE
  8
Top_Silk
  6
CONTINUOUS
  66
1
  70
0
  40
0.0023
  41
0.0023
  0
VERTEX
  8
Top_Silk
  10
2.9463
  20
2.1483
  42
1
  0
VERTEX
  8
Top_Silk
  10
2.9486
  20
2.1483
  42
1
  0
VERTEX
  8
Top_Silk
  10
2.9463
  20
2.1483
  42
1
  0
SEQEND
  0
POLYLINE
  8
Top_Silk
  6
CONTINUOUS
  66
1
  70
0
  40
0.0023
  41
0.0023
  0
VERTEX
  8
Top_Silk
  10
2.9621
  20
2.1311
  42
1
  0
VERTEX
  8
Top_Silk
  10
2.9644
  20
2.1311
  42
1
  0
VERTEX
  8
Top_Silk
  10
2.9621
  20
2.1311
  42
1
  0
SEQEND
  0
POLYLINE
  8
Top_Silk
  6
CONTINUOUS
  66
1
  70
0
  40
0.0046
  41
0.0046
  0
VERTEX
  8
Top_Silk
  10
2.8203
  20
2.117
  42
0
  0
VERTEX
  8
Top_Silk
  10
2.8174
  20
2.1156
  42
0
  0
VERTEX
  8
Top_Silk
  10
2.8146
  20
2.1127
  42
0
  0
VERTEX
  8
Top_Silk
  10
2.8131
  20
2.1098
  42
0
  0
VERTEX
  8
Top_Silk
  10
2.8131
  20
2.1041
  42
0
  0
VERTEX
  8
Top_Silk
  10
2.8146
  20
2.1012
  42
0
  0
VERTEX
  8
Top_Silk
  10
2.8174
  20
2.0984
  42
0
  0
VERTEX
  8
Top_Silk
  10
2.8203
  20
2.0969
  42
0
  0
VERTEX
  8
Top_Silk
  10
2.8246
  20
2.0955
  42
0
  0
VERTEX
  8
Top_Silk
  10
2.8318
  20
2.0955
  42
0
  0
VERTEX
  8
Top_Silk
  10
2.8361
  20
2.0969
  42
0
  0
VERTEX
  8
Top_Silk
  10
2.839
  20
2.0984
  42
0
  0
VERTEX
  8
Top_Silk
  10
2.8418
  20
2.1012
  42
0
  0
VERTEX
  8
Top_Silk
  10
2.8433
  20
2.1041
  42
0
  0
VERTEX
  8
Top_Silk
  10
2.8433
  20
2.1098
  42
0
  0
VERTEX
  8
Top_Silk
  10
2.8418
  20
2.1127
  42
0
  0
VERTEX
  8
Top_Silk
  10
2.839
  20
2.1156
  42
0
  0
VERTEX
  8
Top_Silk
  10
2.8361
  20
2.117
  42
0
  0
SEQEND
  0
POLYLINE
  8
Top_Silk
  6
CONTINUOUS
  66
1
  70
0
  40
0.0023
  41
0.0023
  0
VERTEX
  8
Top_Silk
  10
2.8191
  20
2.117
  42
1
  0
VERTEX
  8
Top_Silk
  10
2.8214
  20
2.117
  42
1
  0
VERTEX
  8
Top_Silk
  10
2.8191
  20
2.117
  42
1
  0
SEQEND
  0
POLYLINE
  8
Top_Silk
  6
CONTINUOUS
  66
1
  70
0
  40
0.0023
  41
0.0023
  0
VERTEX
  8
Top_Silk
  10
2.8349
  20
2.117
  42
1
  0
VERTEX
  8
Top_Silk
  10
2.8372
  20
2.117
  42
1
  0
VERTEX
  8
Top_Silk
  10
2.8349
  20
2.117
  42
1
  0
SEQEND
  0
POLYLINE
  8
Top_Silk
  6
CONTINUOUS
  66
1
  70
0
  40
0.0046
  41
0.0046
  0
VERTEX
  8
Top_Silk
  10
2.8433
  20
2.132
  42
0
  0
VERTEX
  8
Top_Silk
  10
2.8132
  20
2.1464
  42
0
  0
VERTEX
  8
Top_Silk
  10
2.8132
  20
2.1263
  42
0
  0
SEQEND
  0
POLYLINE
  8
Top_Silk
  6
CONTINUOUS
  66
1
  70
0
  40
0.0023
  41
0.0023
  0
VERTEX
  8
Top_Silk
  10
2.8421
  20
2.132
  42
1
  0
VERTEX
  8
Top_Silk
  10
2.8444
  20
2.132
  42
1
  0
VERTEX
  8
Top_Silk
  10
2.8421
  20
2.132
  42
1
  0
SEQEND
  0
POLYLINE
  8
Top_Silk
  6
CONTINUOUS
  66
1
  70
0
  40
0.0023
  41
0.0023
  0
VERTEX
  8
Top_Silk
  10
2.812
  20
2.1263
  42
1
  0
VERTEX
  8
Top_Silk
  10
2.8143
  20
2.1263
  42
1
  0
VERTEX
  8
Top_Silk
  10
2.812
  20
2.1263
  42
1
  0
SEQEND
  0
POLYLINE
  8
Top_Silk
  6
CONTINUOUS
  66
1
  70
0
  40
0.0046
  41
0.0046
  0
VERTEX
  8
Top_Silk
  10
2.7504
  20
2.117
  42
0
  0
VERTEX
  8
Top_Silk
  10
2.7476
  20
2.1156
  42
0
  0
VERTEX
  8
Top_Silk
  10
2.7447
  20
2.1127
  42
0
  0
VERTEX
  8
Top_Silk
  10
2.7433
  20
2.1099
  42
0
  0
VERTEX
  8
Top_Silk
  10
2.7433
  20
2.1041
  42
0
  0
VERTEX
  8
Top_Silk
  10
2.7447
  20
2.1012
  42
0
  0
VERTEX
  8
Top_Silk
  10
2.7476
  20
2.0984
  42
0
  0
VERTEX
  8
Top_Silk
  10
2.7504
  20
2.0969
  42
0
  0
VERTEX
  8
Top_Silk
  10
2.7548
  20
2.0955
  42
0
  0
VERTEX
  8
Top_Silk
  10
2.7619
  20
2.0955
  42
0
  0
VERTEX
  8
Top_Silk
  10
2.7662
  20
2.0969
  42
0
  0
VERTEX
  8
Top_Silk
  10
2.7691
  20
2.0984
  42
0
  0
VERTEX
  8
Top_Silk
  10
2.772
  20
2.1012
  42
0
  0
VERTEX
  8
Top_Silk
  10
2.7734
  20
2.1041
  42
0
  0
VERTEX
  8
Top_Silk
  10
2.7734
  20
2.1099
  42
0
  0
VERTEX
  8
Top_Silk
  10
2.772
  20
2.1127
  42
0
  0
VERTEX
  8
Top_Silk
  10
2.7691
  20
2.1156
  42
0
  0
VERTEX
  8
Top_Silk
  10
2.7662
  20
2.117
  42
0
  0
SEQEND
  0
POLYLINE
  8
Top_Silk
  6
CONTINUOUS
  66
1
  70
0
  40
0.0023
  41
0.0023
  0
VERTEX
  8
Top_Silk
  10
2.7493
  20
2.117
  42
1
  0
VERTEX
  8
Top_Silk
  10
2.7516
  20
2.117
  42
1
  0
VERTEX
  8
Top_Silk
  10
2.7493
  20
2.117
  42
1
  0
SEQEND
  0
POLYLINE
  8
Top_Silk
  6
CONTINUOUS
  66
1
  70
0
  40
0.0023
  41
0.0023
  0
VERTEX
  8
Top_Silk
  10
2.7651
  20
2.117
  42
1
  0
VERTEX
  8
Top_Silk
  10
2.7674
  20
2.117
  42
1
  0
VERTEX
  8
Top_Silk
  10
2.7651
  20
2.117
  42
1
  0
SEQEND
  0
POLYLINE
  8
Top_Silk
  6
CONTINUOUS
  66
1
  70
0
  40
0.0046
  41
0.0046
  0
VERTEX
  8
Top_Silk
  10
2.7433
  20
2.1334
  42
0
  0
VERTEX
  8
Top_Silk
  10
2.7447
  20
2.1292
  42
0
  0
VERTEX
  8
Top_Silk
  10
2.7476
  20
2.1277
  42
0
  0
VERTEX
  8
Top_Silk
  10
2.7505
  20
2.1277
  42
0
  0
VERTEX
  8
Top_Silk
  10
2.7533
  20
2.1292
  42
0
  0
VERTEX
  8
Top_Silk
  10
2.7548
  20
2.132
  42
0
  0
VERTEX
  8
Top_Silk
  10
2.7562
  20
2.1378
  42
0
  0
VERTEX
  8
Top_Silk
  10
2.7576
  20
2.1421
  42
0
  0
VERTEX
  8
Top_Silk
  10
2.7605
  20
2.1449
  42
0
  0
VERTEX
  8
Top_Silk
  10
2.7634
  20
2.1463
  42
0
  0
VERTEX
  8
Top_Silk
  10
2.7677
  20
2.1463
  42
0
  0
VERTEX
  8
Top_Silk
  10
2.7705
  20
2.1449
  42
0
  0
VERTEX
  8
Top_Silk
  10
2.772
  20
2.1435
  42
0
  0
VERTEX
  8
Top_Silk
  10
2.7734
  20
2.1392
  42
0
  0
VERTEX
  8
Top_Silk
  10
2.7734
  20
2.1334
  42
0
  0
VERTEX
  8
Top_Silk
  10
2.772
  20
2.1292
  42
0
  0
VERTEX
  8
Top_Silk
  10
2.7705
  20
2.1277
  42
0
  0
VERTEX
  8
Top_Silk
  10
2.7677
  20
2.1263
  42
0
  0
VERTEX
  8
Top_Silk
  10
2.7634
  20
2.1263
  42
0
  0
VERTEX
  8
Top_Silk
  10
2.7605
  20
2.1277
  42
0
  0
VERTEX
  8
Top_Silk
  10
2.7576
  20
2.1306
  42
0
  0
VERTEX
  8
Top_Silk
  10
2.7562
  20
2.1349
  42
0
  0
VERTEX
  8
Top_Silk
  10
2.7548
  20
2.1406
  42
0
  0
VERTEX
  8
Top_Silk
  10
2.7533
  20
2.1435
  42
0
  0
VERTEX
  8
Top_Silk
  10
2.7505
  20
2.1449
  42
0
  0
VERTEX
  8
Top_Silk
  10
2.7476
  20
2.1449
  42
0
  0
VERTEX
  8
Top_Silk
  10
2.7447
  20
2.1435
  42
0
  0
VERTEX
  8
Top_Silk
  10
2.7433
  20
2.1392
  42
0
  0
VERTEX
  8
Top_Silk
  10
2.7433
  20
2.1334
  42
0
  0
SEQEND
  0
POLYLINE
  8
Top_Silk
  6
CONTINUOUS
  66
1
  70
0
  40
0.0023
  41
0.0023
  0
VERTEX
  8
Top_Silk
  10
2.7422
  20
2.1334
  42
1
  0
VERTEX
  8
Top_Silk
  10
2.7445
  20
2.1334
  42
1
  0
VERTEX
  8
Top_Silk
  10
2.7422
  20
2.1334
  42
1
  0
SEQEND
  0
POLYLINE
  8
Top_Silk
  6
CONTINUOUS
  66
1
  70
0
  40
0.008
  41
0.008
  0
VERTEX
  8
Top_Silk
  10
3.317
  20
2.5754
  42
0
  0
VERTEX
  8
Top_Silk
  10
3.317
  20
2.6246
  42
0
  0
VERTEX
  8
Top_Silk
  10
3.2107
  20
2.6246
  42
0
  0
VERTEX
  8
Top_Silk
  10
3.2107
  20
2.5754
  42
0
  0
VERTEX
  8
Top_Silk
  10
3.317
  20
2.5754
  42
0
  0
SEQEND
  0
POLYLINE
  8
Top_Silk
  6
CONTINUOUS
  66
1
  70
0
  40
0.0046
  41
0.0046
  0
VERTEX
  8
Top_Silk
  10
3.3537
  20
2.6232
  42
0
  0
VERTEX
  8
Top_Silk
  10
3.3566
  20
2.6246
  42
0
  0
VERTEX
  8
Top_Silk
  10
3.3595
  20
2.6275
  42
0
  0
VERTEX
  8
Top_Silk
  10
3.3609
  20
2.6304
  42
0
  0
VERTEX
  8
Top_Silk
  10
3.3609
  20
2.6361
  42
0
  0
VERTEX
  8
Top_Silk
  10
3.3595
  20
2.639
  42
0
  0
VERTEX
  8
Top_Silk
  10
3.3566
  20
2.6418
  42
0
  0
VERTEX
  8
Top_Silk
  10
3.3537
  20
2.6433
  42
0
  0
VERTEX
  8
Top_Silk
  10
3.3494
  20
2.6447
  42
0
  0
VERTEX
  8
Top_Silk
  10
3.3422
  20
2.6447
  42
0
  0
VERTEX
  8
Top_Silk
  10
3.338
  20
2.6433
  42
0
  0
VERTEX
  8
Top_Silk
  10
3.3351
  20
2.6418
  42
0
  0
VERTEX
  8
Top_Silk
  10
3.3322
  20
2.639
  42
0
  0
VERTEX
  8
Top_Silk
  10
3.3308
  20
2.6361
  42
0
  0
VERTEX
  8
Top_Silk
  10
3.3308
  20
2.6304
  42
0
  0
VERTEX
  8
Top_Silk
  10
3.3322
  20
2.6275
  42
0
  0
VERTEX
  8
Top_Silk
  10
3.3351
  20
2.6246
  42
0
  0
VERTEX
  8
Top_Silk
  10
3.338
  20
2.6232
  42
0
  0
SEQEND
  0
POLYLINE
  8
Top_Silk
  6
CONTINUOUS
  66
1
  70
0
  40
0.0023
  41
0.0023
  0
VERTEX
  8
Top_Silk
  10
3.3526
  20
2.6232
  42
1
  0
VERTEX
  8
Top_Silk
  10
3.3549
  20
2.6232
  42
1
  0
VERTEX
  8
Top_Silk
  10
3.3526
  20
2.6232
  42
1
  0
SEQEND
  0
POLYLINE
  8
Top_Silk
  6
CONTINUOUS
  66
1
  70
0
  40
0.0023
  41
0.0023
  0
VERTEX
  8
Top_Silk
  10
3.3368
  20
2.6232
  42
1
  0
VERTEX
  8
Top_Silk
  10
3.3391
  20
2.6232
  42
1
  0
VERTEX
  8
Top_Silk
  10
3.3368
  20
2.6232
  42
1
  0
SEQEND
  0
POLYLINE
  8
Top_Silk
  6
CONTINUOUS
  66
1
  70
0
  40
0.0046
  41
0.0046
  0
VERTEX
  8
Top_Silk
  10
3.3509
  20
2.5953
  42
0
  0
VERTEX
  8
Top_Silk
  10
3.3465
  20
2.5967
  42
0
  0
VERTEX
  8
Top_Silk
  10
3.3437
  20
2.5996
  42
0
  0
VERTEX
  8
Top_Silk
  10
3.3422
  20
2.6039
  42
0
  0
VERTEX
  8
Top_Silk
  10
3.3422
  20
2.6053
  42
0
  0
VERTEX
  8
Top_Silk
  10
3.3437
  20
2.6096
  42
0
  0
VERTEX
  8
Top_Silk
  10
3.3465
  20
2.6125
  42
0
  0
VERTEX
  8
Top_Silk
  10
3.3509
  20
2.6139
  42
0
  0
VERTEX
  8
Top_Silk
  10
3.3523
  20
2.6139
  42
0
  0
VERTEX
  8
Top_Silk
  10
3.3566
  20
2.6125
  42
0
  0
VERTEX
  8
Top_Silk
  10
3.3594
  20
2.6096
  42
0
  0
VERTEX
  8
Top_Silk
  10
3.3609
  20
2.6053
  42
0
  0
VERTEX
  8
Top_Silk
  10
3.3609
  20
2.6039
  42
0
  0
VERTEX
  8
Top_Silk
  10
3.3594
  20
2.5996
  42
0
  0
VERTEX
  8
Top_Silk
  10
3.3566
  20
2.5967
  42
0
  0
VERTEX
  8
Top_Silk
  10
3.3509
  20
2.5953
  42
0
  0
VERTEX
  8
Top_Silk
  10
3.3437
  20
2.5953
  42
0
  0
VERTEX
  8
Top_Silk
  10
3.3365
  20
2.5967
  42
0
  0
VERTEX
  8
Top_Silk
  10
3.3322
  20
2.5996
  42
0
  0
VERTEX
  8
Top_Silk
  10
3.3308
  20
2.6039
  42
0
  0
VERTEX
  8
Top_Silk
  10
3.3308
  20
2.6067
  42
0
  0
VERTEX
  8
Top_Silk
  10
3.3322
  20
2.6111
  42
0
  0
VERTEX
  8
Top_Silk
  10
3.3351
  20
2.6125
  42
0
  0
SEQEND
  0
POLYLINE
  8
Top_Silk
  6
CONTINUOUS
  66
1
  70
0
  40
0.0023
  41
0.0023
  0
VERTEX
  8
Top_Silk
  10
3.3497
  20
2.5953
  42
1
  0
VERTEX
  8
Top_Silk
  10
3.352
  20
2.5953
  42
1
  0
VERTEX
  8
Top_Silk
  10
3.3497
  20
2.5953
  42
1
  0
SEQEND
  0
POLYLINE
  8
Top_Silk
  6
CONTINUOUS
  66
1
  70
0
  40
0.0023
  41
0.0023
  0
VERTEX
  8
Top_Silk
  10
3.3339
  20
2.6125
  42
1
  0
VERTEX
  8
Top_Silk
  10
3.3362
  20
2.6125
  42
1
  0
VERTEX
  8
Top_Silk
  10
3.3339
  20
2.6125
  42
1
  0
SEQEND
  0
POLYLINE
  8
Top_Silk
  6
CONTINUOUS
  66
1
  70
0
  40
0.008
  41
0.008
  0
VERTEX
  8
Top_Silk
  10
1.8419
  20
1.4746
  42
0
  0
VERTEX
  8
Top_Silk
  10
1.8419
  20
1.4254
  42
0
  0
VERTEX
  8
Top_Silk
  10
1.9481
  20
1.4254
  42
0
  0
VERTEX
  8
Top_Silk
  10
1.9481
  20
1.4746
  42
0
  0
VERTEX
  8
Top_Silk
  10
1.8419
  20
1.4746
  42
0
  0
SEQEND
  0
POLYLINE
  8
Top_Silk
  6
CONTINUOUS
  66
1
  70
0
  40
0.0046
  41
0.0046
  0
VERTEX
  8
Top_Silk
  10
1.8051
  20
1.4379
  42
0
  0
VERTEX
  8
Top_Silk
  10
1.8022
  20
1.4364
  42
0
  0
VERTEX
  8
Top_Silk
  10
1.7993
  20
1.4335
  42
0
  0
VERTEX
  8
Top_Silk
  10
1.7979
  20
1.4307
  42
0
  0
VERTEX
  8
Top_Silk
  10
1.7979
  20
1.425
  42
0
  0
VERTEX
  8
Top_Silk
  10
1.7993
  20
1.4221
  42
0
  0
VERTEX
  8
Top_Silk
  10
1.8022
  20
1.4192
  42
0
  0
VERTEX
  8
Top_Silk
  10
1.8051
  20
1.4178
  42
0
  0
VERTEX
  8
Top_Silk
  10
1.8094
  20
1.4163
  42
0
  0
VERTEX
  8
Top_Silk
  10
1.8166
  20
1.4163
  42
0
  0
VERTEX
  8
Top_Silk
  10
1.8209
  20
1.4178
  42
0
  0
VERTEX
  8
Top_Silk
  10
1.8237
  20
1.4192
  42
0
  0
VERTEX
  8
Top_Silk
  10
1.8266
  20
1.4221
  42
0
  0
VERTEX
  8
Top_Silk
  10
1.8281
  20
1.425
  42
0
  0
VERTEX
  8
Top_Silk
  10
1.8281
  20
1.4307
  42
0
  0
VERTEX
  8
Top_Silk
  10
1.8266
  20
1.4335
  42
0
  0
VERTEX
  8
Top_Silk
  10
1.8237
  20
1.4364
  42
0
  0
VERTEX
  8
Top_Silk
  10
1.8209
  20
1.4379
  42
0
  0
SEQEND
  0
POLYLINE
  8
Top_Silk
  6
CONTINUOUS
  66
1
  70
0
  40
0.0023
  41
0.0023
  0
VERTEX
  8
Top_Silk
  10
1.8039
  20
1.4379
  42
1
  0
VERTEX
  8
Top_Silk
  10
1.8062
  20
1.4379
  42
1
  0
VERTEX
  8
Top_Silk
  10
1.8039
  20
1.4379
  42
1
  0
SEQEND
  0
POLYLINE
  8
Top_Silk
  6
CONTINUOUS
  66
1
  70
0
  40
0.0023
  41
0.0023
  0
VERTEX
  8
Top_Silk
  10
1.8197
  20
1.4379
  42
1
  0
VERTEX
  8
Top_Silk
  10
1.822
  20
1.4379
  42
1
  0
VERTEX
  8
Top_Silk
  10
1.8197
  20
1.4379
  42
1
  0
SEQEND
  0
POLYLINE
  8
Top_Silk
  6
CONTINUOUS
  66
1
  70
0
  40
0.0046
  41
0.0046
  0
VERTEX
  8
Top_Silk
  10
1.8037
  20
1.4471
  42
0
  0
VERTEX
  8
Top_Silk
  10
1.8022
  20
1.45
  42
0
  0
VERTEX
  8
Top_Silk
  10
1.7979
  20
1.4543
  42
0
  0
VERTEX
  8
Top_Silk
  10
1.8281
  20
1.4543
  42
0
  0
SEQEND
  0
POLYLINE
  8
Top_Silk
  6
CONTINUOUS
  66
1
  70
0
  40
0.0023
  41
0.0023
  0
VERTEX
  8
Top_Silk
  10
1.8025
  20
1.4471
  42
1
  0
VERTEX
  8
Top_Silk
  10
1.8048
  20
1.4471
  42
1
  0
VERTEX
  8
Top_Silk
  10
1.8025
  20
1.4471
  42
1
  0
SEQEND
  0
POLYLINE
  8
Top_Silk
  6
CONTINUOUS
  66
1
  70
0
  40
0.0023
  41
0.0023
  0
VERTEX
  8
Top_Silk
  10
1.8269
  20
1.4543
  42
1
  0
VERTEX
  8
Top_Silk
  10
1.8292
  20
1.4543
  42
1
  0
VERTEX
  8
Top_Silk
  10
1.8269
  20
1.4543
  42
1
  0
SEQEND
  0
POLYLINE
  8
Top_Silk
  6
CONTINUOUS
  66
1
  70
0
  40
0.0046
  41
0.0046
  0
VERTEX
  8
Top_Silk
  10
1.7979
  20
1.4722
  42
0
  0
VERTEX
  8
Top_Silk
  10
1.7994
  20
1.4679
  42
0
  0
VERTEX
  8
Top_Silk
  10
1.8037
  20
1.465
  42
0
  0
VERTEX
  8
Top_Silk
  10
1.8108
  20
1.4636
  42
0
  0
VERTEX
  8
Top_Silk
  10
1.8152
  20
1.4636
  42
0
  0
VERTEX
  8
Top_Silk
  10
1.8223
  20
1.465
  42
0
  0
VERTEX
  8
Top_Silk
  10
1.8266
  20
1.4679
  42
0
  0
VERTEX
  8
Top_Silk
  10
1.8281
  20
1.4722
  42
0
  0
VERTEX
  8
Top_Silk
  10
1.8281
  20
1.475
  42
0
  0
VERTEX
  8
Top_Silk
  10
1.8266
  20
1.4794
  42
0
  0
VERTEX
  8
Top_Silk
  10
1.8223
  20
1.4822
  42
0
  0
VERTEX
  8
Top_Silk
  10
1.8152
  20
1.4837
  42
0
  0
VERTEX
  8
Top_Silk
  10
1.8108
  20
1.4837
  42
0
  0
VERTEX
  8
Top_Silk
  10
1.8037
  20
1.4822
  42
0
  0
VERTEX
  8
Top_Silk
  10
1.7994
  20
1.4794
  42
0
  0
VERTEX
  8
Top_Silk
  10
1.7979
  20
1.475
  42
0
  0
VERTEX
  8
Top_Silk
  10
1.7979
  20
1.4722
  42
0
  0
SEQEND
  0
POLYLINE
  8
Top_Silk
  6
CONTINUOUS
  66
1
  70
0
  40
0.0023
  41
0.0023
  0
VERTEX
  8
Top_Silk
  10
1.7968
  20
1.4722
  42
1
  0
VERTEX
  8
Top_Silk
  10
1.7991
  20
1.4722
  42
1
  0
VERTEX
  8
Top_Silk
  10
1.7968
  20
1.4722
  42
1
  0
SEQEND
  0
POLYLINE
  8
Top_Silk
  6
CONTINUOUS
  66
1
  70
0
  40
0.0046
  41
0.0046
  0
VERTEX
  8
Top_Silk
  10
1.8037
  20
1.4822
  42
0
  0
VERTEX
  8
Top_Silk
  10
1.8223
  20
1.465
  42
0
  0
SEQEND
  0
POLYLINE
  8
Top_Silk
  6
CONTINUOUS
  66
1
  70
0
  40
0.0023
  41
0.0023
  0
VERTEX
  8
Top_Silk
  10
1.8025
  20
1.4822
  42
1
  0
VERTEX
  8
Top_Silk
  10
1.8048
  20
1.4822
  42
1
  0
VERTEX
  8
Top_Silk
  10
1.8025
  20
1.4822
  42
1
  0
SEQEND
  0
POLYLINE
  8
Top_Silk
  6
CONTINUOUS
  66
1
  70
0
  40
0.0023
  41
0.0023
  0
VERTEX
  8
Top_Silk
  10
1.8212
  20
1.465
  42
1
  0
VERTEX
  8
Top_Silk
  10
1.8235
  20
1.465
  42
1
  0
VERTEX
  8
Top_Silk
  10
1.8212
  20
1.465
  42
1
  0
SEQEND
  0
POLYLINE
  8
Top_Silk
  6
CONTINUOUS
  66
1
  70
0
  40
0.008
  41
0.008
  0
VERTEX
  8
Top_Silk
  10
1.9619
  20
1.4746
  42
0
  0
VERTEX
  8
Top_Silk
  10
1.9619
  20
1.4254
  42
0
  0
VERTEX
  8
Top_Silk
  10
2.0681
  20
1.4254
  42
0
  0
VERTEX
  8
Top_Silk
  10
2.0681
  20
1.4746
  42
0
  0
VERTEX
  8
Top_Silk
  10
1.9619
  20
1.4746
  42
0
  0
SEQEND
  0
POLYLINE
  8
Top_Silk
  6
CONTINUOUS
  66
1
  70
0
  40
0.0046
  41
0.0046
  0
VERTEX
  8
Top_Silk
  10
2.0903
  20
1.4443
  42
0
  0
VERTEX
  8
Top_Silk
  10
2.0874
  20
1.4429
  42
0
  0
VERTEX
  8
Top_Silk
  10
2.0845
  20
1.44
  42
0
  0
VERTEX
  8
Top_Silk
  10
2.0831
  20
1.4371
  42
0
  0
VERTEX
  8
Top_Silk
  10
2.0831
  20
1.4314
  42
0
  0
VERTEX
  8
Top_Silk
  10
2.0845
  20
1.4285
  42
0
  0
VERTEX
  8
Top_Silk
  10
2.0874
  20
1.4257
  42
0
  0
VERTEX
  8
Top_Silk
  10
2.0903
  20
1.4242
  42
0
  0
VERTEX
  8
Top_Silk
  10
2.0946
  20
1.4228
  42
0
  0
VERTEX
  8
Top_Silk
  10
2.1018
  20
1.4228
  42
0
  0
VERTEX
  8
Top_Silk
  10
2.1061
  20
1.4242
  42
0
  0
VERTEX
  8
Top_Silk
  10
2.109
  20
1.4257
  42
0
  0
VERTEX
  8
Top_Silk
  10
2.1118
  20
1.4285
  42
0
  0
VERTEX
  8
Top_Silk
  10
2.1133
  20
1.4314
  42
0
  0
VERTEX
  8
Top_Silk
  10
2.1133
  20
1.4371
  42
0
  0
VERTEX
  8
Top_Silk
  10
2.1118
  20
1.44
  42
0
  0
VERTEX
  8
Top_Silk
  10
2.109
  20
1.4429
  42
0
  0
VERTEX
  8
Top_Silk
  10
2.1061
  20
1.4443
  42
0
  0
SEQEND
  0
POLYLINE
  8
Top_Silk
  6
CONTINUOUS
  66
1
  70
0
  40
0.0023
  41
0.0023
  0
VERTEX
  8
Top_Silk
  10
2.0891
  20
1.4443
  42
1
  0
VERTEX
  8
Top_Silk
  10
2.0914
  20
1.4443
  42
1
  0
VERTEX
  8
Top_Silk
  10
2.0891
  20
1.4443
  42
1
  0
SEQEND
  0
POLYLINE
  8
Top_Silk
  6
CONTINUOUS
  66
1
  70
0
  40
0.0023
  41
0.0023
  0
VERTEX
  8
Top_Silk
  10
2.1049
  20
1.4443
  42
1
  0
VERTEX
  8
Top_Silk
  10
2.1072
  20
1.4443
  42
1
  0
VERTEX
  8
Top_Silk
  10
2.1049
  20
1.4443
  42
1
  0
SEQEND
  0
POLYLINE
  8
Top_Silk
  6
CONTINUOUS
  66
1
  70
0
  40
0.0046
  41
0.0046
  0
VERTEX
  8
Top_Silk
  10
2.0889
  20
1.4536
  42
0
  0
VERTEX
  8
Top_Silk
  10
2.0874
  20
1.4564
  42
0
  0
VERTEX
  8
Top_Silk
  10
2.0832
  20
1.4608
  42
0
  0
VERTEX
  8
Top_Silk
  10
2.1133
  20
1.4608
  42
0
  0
SEQEND
  0
POLYLINE
  8
Top_Silk
  6
CONTINUOUS
  66
1
  70
0
  40
0.0023
  41
0.0023
  0
VERTEX
  8
Top_Silk
  10
2.0877
  20
1.4536
  42
1
  0
VERTEX
  8
Top_Silk
  10
2.09
  20
1.4536
  42
1
  0
VERTEX
  8
Top_Silk
  10
2.0877
  20
1.4536
  42
1
  0
SEQEND
  0
POLYLINE
  8
Top_Silk
  6
CONTINUOUS
  66
1
  70
0
  40
0.0023
  41
0.0023
  0
VERTEX
  8
Top_Silk
  10
2.1121
  20
1.4608
  42
1
  0
VERTEX
  8
Top_Silk
  10
2.1144
  20
1.4608
  42
1
  0
VERTEX
  8
Top_Silk
  10
2.1121
  20
1.4608
  42
1
  0
SEQEND
  0
POLYLINE
  8
Top_Silk
  6
CONTINUOUS
  66
1
  70
0
  40
0.0046
  41
0.0046
  0
VERTEX
  8
Top_Silk
  10
2.0889
  20
1.47
  42
0
  0
VERTEX
  8
Top_Silk
  10
2.0874
  20
1.4729
  42
0
  0
VERTEX
  8
Top_Silk
  10
2.0832
  20
1.4772
  42
0
  0
VERTEX
  8
Top_Silk
  10
2.1133
  20
1.4772
  42
0
  0
SEQEND
  0
POLYLINE
  8
Top_Silk
  6
CONTINUOUS
  66
1
  70
0
  40
0.0023
  41
0.0023
  0
VERTEX
  8
Top_Silk
  10
2.0877
  20
1.47
  42
1
  0
VERTEX
  8
Top_Silk
  10
2.09
  20
1.47
  42
1
  0
VERTEX
  8
Top_Silk
  10
2.0877
  20
1.47
  42
1
  0
SEQEND
  0
POLYLINE
  8
Top_Silk
  6
CONTINUOUS
  66
1
  70
0
  40
0.0023
  41
0.0023
  0
VERTEX
  8
Top_Silk
  10
2.1121
  20
1.4772
  42
1
  0
VERTEX
  8
Top_Silk
  10
2.1144
  20
1.4772
  42
1
  0
VERTEX
  8
Top_Silk
  10
2.1121
  20
1.4772
  42
1
  0
SEQEND
  0
POLYLINE
  8
Top_Silk
  6
CONTINUOUS
  66
1
  70
0
  40
0.008
  41
0.008
  0
VERTEX
  8
Top_Silk
  10
0.5731
  20
1.8004
  42
0
  0
VERTEX
  8
Top_Silk
  10
0.5731
  20
1.8496
  42
0
  0
VERTEX
  8
Top_Silk
  10
0.4669
  20
1.8496
  42
0
  0
VERTEX
  8
Top_Silk
  10
0.4669
  20
1.8004
  42
0
  0
VERTEX
  8
Top_Silk
  10
0.5731
  20
1.8004
  42
0
  0
SEQEND
  0
POLYLINE
  8
Top_Silk
  6
CONTINUOUS
  66
1
  70
0
  40
0.0046
  41
0.0046
  0
VERTEX
  8
Top_Silk
  10
0.5079
  20
1.7831
  42
0
  0
VERTEX
  8
Top_Silk
  10
0.5064
  20
1.7859
  42
0
  0
VERTEX
  8
Top_Silk
  10
0.5035
  20
1.7888
  42
0
  0
VERTEX
  8
Top_Silk
  10
0.5007
  20
1.7902
  42
0
  0
VERTEX
  8
Top_Silk
  10
0.495
  20
1.7902
  42
0
  0
VERTEX
  8
Top_Silk
  10
0.4921
  20
1.7888
  42
0
  0
VERTEX
  8
Top_Silk
  10
0.4892
  20
1.7859
  42
0
  0
VERTEX
  8
Top_Silk
  10
0.4878
  20
1.7831
  42
0
  0
VERTEX
  8
Top_Silk
  10
0.4863
  20
1.7787
  42
0
  0
VERTEX
  8
Top_Silk
  10
0.4863
  20
1.7715
  42
0
  0
VERTEX
  8
Top_Silk
  10
0.4878
  20
1.7673
  42
0
  0
VERTEX
  8
Top_Silk
  10
0.4892
  20
1.7644
  42
0
  0
VERTEX
  8
Top_Silk
  10
0.4921
  20
1.7615
  42
0
  0
VERTEX
  8
Top_Silk
  10
0.495
  20
1.7601
  42
0
  0
VERTEX
  8
Top_Silk
  10
0.5007
  20
1.7601
  42
0
  0
VERTEX
  8
Top_Silk
  10
0.5035
  20
1.7615
  42
0
  0
VERTEX
  8
Top_Silk
  10
0.5064
  20
1.7644
  42
0
  0
VERTEX
  8
Top_Silk
  10
0.5079
  20
1.7673
  42
0
  0
SEQEND
  0
POLYLINE
  8
Top_Silk
  6
CONTINUOUS
  66
1
  70
0
  40
0.0023
  41
0.0023
  0
VERTEX
  8
Top_Silk
  10
0.5067
  20
1.7831
  42
1
  0
VERTEX
  8
Top_Silk
  10
0.509
  20
1.7831
  42
1
  0
VERTEX
  8
Top_Silk
  10
0.5067
  20
1.7831
  42
1
  0
SEQEND
  0
POLYLINE
  8
Top_Silk
  6
CONTINUOUS
  66
1
  70
0
  40
0.0023
  41
0.0023
  0
VERTEX
  8
Top_Silk
  10
0.5067
  20
1.7673
  42
1
  0
VERTEX
  8
Top_Silk
  10
0.509
  20
1.7673
  42
1
  0
VERTEX
  8
Top_Silk
  10
0.5067
  20
1.7673
  42
1
  0
SEQEND
  0
POLYLINE
  8
Top_Silk
  6
CONTINUOUS
  66
1
  70
0
  40
0.0046
  41
0.0046
  0
VERTEX
  8
Top_Silk
  10
0.5171
  20
1.7844
  42
0
  0
VERTEX
  8
Top_Silk
  10
0.52
  20
1.7859
  42
0
  0
VERTEX
  8
Top_Silk
  10
0.5243
  20
1.7902
  42
0
  0
VERTEX
  8
Top_Silk
  10
0.5243
  20
1.7601
  42
0
  0
SEQEND
  0
POLYLINE
  8
Top_Silk
  6
CONTINUOUS
  66
1
  70
0
  40
0.0023
  41
0.0023
  0
VERTEX
  8
Top_Silk
  10
0.516
  20
1.7844
  42
1
  0
VERTEX
  8
Top_Silk
  10
0.5183
  20
1.7844
  42
1
  0
VERTEX
  8
Top_Silk
  10
0.516
  20
1.7844
  42
1
  0
SEQEND
  0
POLYLINE
  8
Top_Silk
  6
CONTINUOUS
  66
1
  70
0
  40
0.0023
  41
0.0023
  0
VERTEX
  8
Top_Silk
  10
0.5232
  20
1.7601
  42
1
  0
VERTEX
  8
Top_Silk
  10
0.5255
  20
1.7601
  42
1
  0
VERTEX
  8
Top_Silk
  10
0.5232
  20
1.7601
  42
1
  0
SEQEND
  0
POLYLINE
  8
Top_Silk
  6
CONTINUOUS
  66
1
  70
0
  40
0.0046
  41
0.0046
  0
VERTEX
  8
Top_Silk
  10
0.535
  20
1.783
  42
0
  0
VERTEX
  8
Top_Silk
  10
0.535
  20
1.7844
  42
0
  0
VERTEX
  8
Top_Silk
  10
0.5365
  20
1.7873
  42
0
  0
VERTEX
  8
Top_Silk
  10
0.5379
  20
1.7888
  42
0
  0
VERTEX
  8
Top_Silk
  10
0.5408
  20
1.7902
  42
0
  0
VERTEX
  8
Top_Silk
  10
0.5465
  20
1.7902
  42
0
  0
VERTEX
  8
Top_Silk
  10
0.5494
  20
1.7888
  42
0
  0
VERTEX
  8
Top_Silk
  10
0.5508
  20
1.7873
  42
0
  0
VERTEX
  8
Top_Silk
  10
0.5522
  20
1.7844
  42
0
  0
VERTEX
  8
Top_Silk
  10
0.5522
  20
1.7816
  42
0
  0
VERTEX
  8
Top_Silk
  10
0.5508
  20
1.7787
  42
0
  0
VERTEX
  8
Top_Silk
  10
0.5479
  20
1.7744
  42
0
  0
VERTEX
  8
Top_Silk
  10
0.5336
  20
1.7601
  42
0
  0
VERTEX
  8
Top_Silk
  10
0.5537
  20
1.7601
  42
0
  0
SEQEND
  0
POLYLINE
  8
Top_Silk
  6
CONTINUOUS
  66
1
  70
0
  40
0.0023
  41
0.0023
  0
VERTEX
  8
Top_Silk
  10
0.5339
  20
1.783
  42
1
  0
VERTEX
  8
Top_Silk
  10
0.5362
  20
1.783
  42
1
  0
VERTEX
  8
Top_Silk
  10
0.5339
  20
1.783
  42
1
  0
SEQEND
  0
POLYLINE
  8
Top_Silk
  6
CONTINUOUS
  66
1
  70
0
  40
0.0023
  41
0.0023
  0
VERTEX
  8
Top_Silk
  10
0.5525
  20
1.7601
  42
1
  0
VERTEX
  8
Top_Silk
  10
0.5548
  20
1.7601
  42
1
  0
VERTEX
  8
Top_Silk
  10
0.5525
  20
1.7601
  42
1
  0
SEQEND
  0
POLYLINE
  8
Top_Silk
  6
CONTINUOUS
  66
1
  70
0
  40
0.008
  41
0.008
  0
VERTEX
  8
Top_Silk
  10
2.1377
  20
1.8449
  42
0
  0
VERTEX
  8
Top_Silk
  10
2.1377
  20
1.8941
  42
0
  0
VERTEX
  8
Top_Silk
  10
2.0314
  20
1.8941
  42
0
  0
VERTEX
  8
Top_Silk
  10
2.0314
  20
1.8449
  42
0
  0
VERTEX
  8
Top_Silk
  10
2.1377
  20
1.8449
  42
0
  0
SEQEND
  0
POLYLINE
  8
Top_Silk
  6
CONTINUOUS
  66
1
  70
0
  40
0.0046
  41
0.0046
  0
VERTEX
  8
Top_Silk
  10
2.0545
  20
1.8276
  42
0
  0
VERTEX
  8
Top_Silk
  10
2.0531
  20
1.8304
  42
0
  0
VERTEX
  8
Top_Silk
  10
2.0502
  20
1.8333
  42
0
  0
VERTEX
  8
Top_Silk
  10
2.0474
  20
1.8347
  42
0
  0
VERTEX
  8
Top_Silk
  10
2.0416
  20
1.8347
  42
0
  0
VERTEX
  8
Top_Silk
  10
2.0388
  20
1.8333
  42
0
  0
VERTEX
  8
Top_Silk
  10
2.0359
  20
1.8304
  42
0
  0
VERTEX
  8
Top_Silk
  10
2.0344
  20
1.8276
  42
0
  0
VERTEX
  8
Top_Silk
  10
2.033
  20
1.8233
  42
0
  0
VERTEX
  8
Top_Silk
  10
2.033
  20
1.8161
  42
0
  0
VERTEX
  8
Top_Silk
  10
2.0344
  20
1.8118
  42
0
  0
VERTEX
  8
Top_Silk
  10
2.0359
  20
1.8089
  42
0
  0
VERTEX
  8
Top_Silk
  10
2.0388
  20
1.8061
  42
0
  0
VERTEX
  8
Top_Silk
  10
2.0416
  20
1.8046
  42
0
  0
VERTEX
  8
Top_Silk
  10
2.0474
  20
1.8046
  42
0
  0
VERTEX
  8
Top_Silk
  10
2.0502
  20
1.8061
  42
0
  0
VERTEX
  8
Top_Silk
  10
2.0531
  20
1.8089
  42
0
  0
VERTEX
  8
Top_Silk
  10
2.0545
  20
1.8118
  42
0
  0
SEQEND
  0
POLYLINE
  8
Top_Silk
  6
CONTINUOUS
  66
1
  70
0
  40
0.0023
  41
0.0023
  0
VERTEX
  8
Top_Silk
  10
2.0534
  20
1.8276
  42
1
  0
VERTEX
  8
Top_Silk
  10
2.0557
  20
1.8276
  42
1
  0
VERTEX
  8
Top_Silk
  10
2.0534
  20
1.8276
  42
1
  0
SEQEND
  0
POLYLINE
  8
Top_Silk
  6
CONTINUOUS
  66
1
  70
0
  40
0.0023
  41
0.0023
  0
VERTEX
  8
Top_Silk
  10
2.0534
  20
1.8118
  42
1
  0
VERTEX
  8
Top_Silk
  10
2.0557
  20
1.8118
  42
1
  0
VERTEX
  8
Top_Silk
  10
2.0534
  20
1.8118
  42
1
  0
SEQEND
  0
POLYLINE
  8
Top_Silk
  6
CONTINUOUS
  66
1
  70
0
  40
0.0046
  41
0.0046
  0
VERTEX
  8
Top_Silk
  10
2.0638
  20
1.829
  42
0
  0
VERTEX
  8
Top_Silk
  10
2.0667
  20
1.8304
  42
0
  0
VERTEX
  8
Top_Silk
  10
2.071
  20
1.8347
  42
0
  0
VERTEX
  8
Top_Silk
  10
2.071
  20
1.8046
  42
0
  0
SEQEND
  0
POLYLINE
  8
Top_Silk
  6
CONTINUOUS
  66
1
  70
0
  40
0.0023
  41
0.0023
  0
VERTEX
  8
Top_Silk
  10
2.0627
  20
1.829
  42
1
  0
VERTEX
  8
Top_Silk
  10
2.065
  20
1.829
  42
1
  0
VERTEX
  8
Top_Silk
  10
2.0627
  20
1.829
  42
1
  0
SEQEND
  0
POLYLINE
  8
Top_Silk
  6
CONTINUOUS
  66
1
  70
0
  40
0.0023
  41
0.0023
  0
VERTEX
  8
Top_Silk
  10
2.0698
  20
1.8046
  42
1
  0
VERTEX
  8
Top_Silk
  10
2.0722
  20
1.8046
  42
1
  0
VERTEX
  8
Top_Silk
  10
2.0698
  20
1.8046
  42
1
  0
SEQEND
  0
POLYLINE
  8
Top_Silk
  6
CONTINUOUS
  66
1
  70
0
  40
0.0046
  41
0.0046
  0
VERTEX
  8
Top_Silk
  10
2.0832
  20
1.8347
  42
0
  0
VERTEX
  8
Top_Silk
  10
2.0989
  20
1.8347
  42
0
  0
VERTEX
  8
Top_Silk
  10
2.0903
  20
1.8232
  42
0
  0
VERTEX
  8
Top_Silk
  10
2.0946
  20
1.8232
  42
0
  0
VERTEX
  8
Top_Silk
  10
2.0975
  20
1.8218
  42
0
  0
VERTEX
  8
Top_Silk
  10
2.0989
  20
1.8204
  42
0
  0
VERTEX
  8
Top_Silk
  10
2.1004
  20
1.8161
  42
0
  0
VERTEX
  8
Top_Silk
  10
2.1004
  20
1.8132
  42
0
  0
VERTEX
  8
Top_Silk
  10
2.0989
  20
1.8089
  42
0
  0
VERTEX
  8
Top_Silk
  10
2.0961
  20
1.806
  42
0
  0
VERTEX
  8
Top_Silk
  10
2.0917
  20
1.8046
  42
0
  0
VERTEX
  8
Top_Silk
  10
2.0874
  20
1.8046
  42
0
  0
VERTEX
  8
Top_Silk
  10
2.0832
  20
1.806
  42
0
  0
VERTEX
  8
Top_Silk
  10
2.0817
  20
1.8075
  42
0
  0
VERTEX
  8
Top_Silk
  10
2.0803
  20
1.8103
  42
0
  0
SEQEND
  0
POLYLINE
  8
Top_Silk
  6
CONTINUOUS
  66
1
  70
0
  40
0.0023
  41
0.0023
  0
VERTEX
  8
Top_Silk
  10
2.082
  20
1.8347
  42
1
  0
VERTEX
  8
Top_Silk
  10
2.0843
  20
1.8347
  42
1
  0
VERTEX
  8
Top_Silk
  10
2.082
  20
1.8347
  42
1
  0
SEQEND
  0
POLYLINE
  8
Top_Silk
  6
CONTINUOUS
  66
1
  70
0
  40
0.0023
  41
0.0023
  0
VERTEX
  8
Top_Silk
  10
2.0791
  20
1.8103
  42
1
  0
VERTEX
  8
Top_Silk
  10
2.0814
  20
1.8103
  42
1
  0
VERTEX
  8
Top_Silk
  10
2.0791
  20
1.8103
  42
1
  0
SEQEND
  0
POLYLINE
  8
Top_Silk
  6
CONTINUOUS
  66
1
  70
0
  40
0.008
  41
0.008
  0
VERTEX
  8
Top_Silk
  10
0.8177
  20
2.1599
  42
0
  0
VERTEX
  8
Top_Silk
  10
0.8177
  20
2.2601
  42
0
  0
VERTEX
  8
Top_Silk
  10
0.5923
  20
2.2601
  42
0
  0
VERTEX
  8
Top_Silk
  10
0.5923
  20
2.1599
  42
0
  0
VERTEX
  8
Top_Silk
  10
0.8177
  20
2.1599
  42
0
  0
SEQEND
  0
POLYLINE
  8
Top_Silk
  6
CONTINUOUS
  66
1
  70
0
  40
0.0046
  41
0.0046
  0
VERTEX
  8
Top_Silk
  10
0.6921
  20
2.2893
  42
0
  0
VERTEX
  8
Top_Silk
  10
0.6907
  20
2.2922
  42
0
  0
VERTEX
  8
Top_Silk
  10
0.6878
  20
2.2951
  42
0
  0
VERTEX
  8
Top_Silk
  10
0.685
  20
2.2965
  42
0
  0
VERTEX
  8
Top_Silk
  10
0.6792
  20
2.2965
  42
0
  0
VERTEX
  8
Top_Silk
  10
0.6764
  20
2.2951
  42
0
  0
VERTEX
  8
Top_Silk
  10
0.6735
  20
2.2922
  42
0
  0
VERTEX
  8
Top_Silk
  10
0.672
  20
2.2893
  42
0
  0
VERTEX
  8
Top_Silk
  10
0.6706
  20
2.285
  42
0
  0
VERTEX
  8
Top_Silk
  10
0.6706
  20
2.2778
  42
0
  0
VERTEX
  8
Top_Silk
  10
0.672
  20
2.2735
  42
0
  0
VERTEX
  8
Top_Silk
  10
0.6735
  20
2.2707
  42
0
  0
VERTEX
  8
Top_Silk
  10
0.6764
  20
2.2678
  42
0
  0
VERTEX
  8
Top_Silk
  10
0.6792
  20
2.2663
  42
0
  0
VERTEX
  8
Top_Silk
  10
0.685
  20
2.2663
  42
0
  0
VERTEX
  8
Top_Silk
  10
0.6878
  20
2.2678
  42
0
  0
VERTEX
  8
Top_Silk
  10
0.6907
  20
2.2707
  42
0
  0
VERTEX
  8
Top_Silk
  10
0.6921
  20
2.2735
  42
0
  0
SEQEND
  0
POLYLINE
  8
Top_Silk
  6
CONTINUOUS
  66
1
  70
0
  40
0.0023
  41
0.0023
  0
VERTEX
  8
Top_Silk
  10
0.691
  20
2.2893
  42
1
  0
VERTEX
  8
Top_Silk
  10
0.6933
  20
2.2893
  42
1
  0
VERTEX
  8
Top_Silk
  10
0.691
  20
2.2893
  42
1
  0
SEQEND
  0
POLYLINE
  8
Top_Silk
  6
CONTINUOUS
  66
1
  70
0
  40
0.0023
  41
0.0023
  0
VERTEX
  8
Top_Silk
  10
0.691
  20
2.2735
  42
1
  0
VERTEX
  8
Top_Silk
  10
0.6933
  20
2.2735
  42
1
  0
VERTEX
  8
Top_Silk
  10
0.691
  20
2.2735
  42
1
  0
SEQEND
  0
POLYLINE
  8
Top_Silk
  6
CONTINUOUS
  66
1
  70
0
  40
0.0046
  41
0.0046
  0
VERTEX
  8
Top_Silk
  10
0.7014
  20
2.2907
  42
0
  0
VERTEX
  8
Top_Silk
  10
0.7043
  20
2.2922
  42
0
  0
VERTEX
  8
Top_Silk
  10
0.7086
  20
2.2965
  42
0
  0
VERTEX
  8
Top_Silk
  10
0.7086
  20
2.2663
  42
0
  0
SEQEND
  0
POLYLINE
  8
Top_Silk
  6
CONTINUOUS
  66
1
  70
0
  40
0.0023
  41
0.0023
  0
VERTEX
  8
Top_Silk
  10
0.7002
  20
2.2907
  42
1
  0
VERTEX
  8
Top_Silk
  10
0.7026
  20
2.2907
  42
1
  0
VERTEX
  8
Top_Silk
  10
0.7002
  20
2.2907
  42
1
  0
SEQEND
  0
POLYLINE
  8
Top_Silk
  6
CONTINUOUS
  66
1
  70
0
  40
0.0023
  41
0.0023
  0
VERTEX
  8
Top_Silk
  10
0.7074
  20
2.2663
  42
1
  0
VERTEX
  8
Top_Silk
  10
0.7098
  20
2.2663
  42
1
  0
VERTEX
  8
Top_Silk
  10
0.7074
  20
2.2663
  42
1
  0
SEQEND
  0
POLYLINE
  8
Top_Silk
  6
CONTINUOUS
  66
1
  70
0
  40
0.0046
  41
0.0046
  0
VERTEX
  8
Top_Silk
  10
0.7322
  20
2.2663
  42
0
  0
VERTEX
  8
Top_Silk
  10
0.7322
  20
2.2965
  42
0
  0
VERTEX
  8
Top_Silk
  10
0.7179
  20
2.2764
  42
0
  0
VERTEX
  8
Top_Silk
  10
0.7394
  20
2.2764
  42
0
  0
SEQEND
  0
POLYLINE
  8
Top_Silk
  6
CONTINUOUS
  66
1
  70
0
  40
0.0023
  41
0.0023
  0
VERTEX
  8
Top_Silk
  10
0.7311
  20
2.2663
  42
1
  0
VERTEX
  8
Top_Silk
  10
0.7334
  20
2.2663
  42
1
  0
VERTEX
  8
Top_Silk
  10
0.7311
  20
2.2663
  42
1
  0
SEQEND
  0
POLYLINE
  8
Top_Silk
  6
CONTINUOUS
  66
1
  70
0
  40
0.0023
  41
0.0023
  0
VERTEX
  8
Top_Silk
  10
0.7382
  20
2.2764
  42
1
  0
VERTEX
  8
Top_Silk
  10
0.7405
  20
2.2764
  42
1
  0
VERTEX
  8
Top_Silk
  10
0.7382
  20
2.2764
  42
1
  0
SEQEND
  0
POLYLINE
  8
Top_Silk
  6
CONTINUOUS
  66
1
  70
0
  40
0.008
  41
0.008
  0
VERTEX
  8
Top_Silk
  10
1.8469
  20
2.6019
  42
0
  0
VERTEX
  8
Top_Silk
  10
1.8961
  20
2.6019
  42
0
  0
VERTEX
  8
Top_Silk
  10
1.8961
  20
2.7081
  42
0
  0
VERTEX
  8
Top_Silk
  10
1.8469
  20
2.7081
  42
0
  0
VERTEX
  8
Top_Silk
  10
1.8469
  20
2.6019
  42
0
  0
SEQEND
  0
POLYLINE
  8
Top_Silk
  6
CONTINUOUS
  66
1
  70
0
  40
0.0046
  41
0.0046
  0
VERTEX
  8
Top_Silk
  10
1.8642
  20
2.7379
  42
0
  0
VERTEX
  8
Top_Silk
  10
1.8614
  20
2.7364
  42
0
  0
VERTEX
  8
Top_Silk
  10
1.8585
  20
2.7335
  42
0
  0
VERTEX
  8
Top_Silk
  10
1.8571
  20
2.7307
  42
0
  0
VERTEX
  8
Top_Silk
  10
1.8571
  20
2.725
  42
0
  0
VERTEX
  8
Top_Silk
  10
1.8585
  20
2.7221
  42
0
  0
VERTEX
  8
Top_Silk
  10
1.8614
  20
2.7192
  42
0
  0
VERTEX
  8
Top_Silk
  10
1.8642
  20
2.7178
  42
0
  0
VERTEX
  8
Top_Silk
  10
1.8685
  20
2.7163
  42
0
  0
VERTEX
  8
Top_Silk
  10
1.8757
  20
2.7163
  42
0
  0
VERTEX
  8
Top_Silk
  10
1.88
  20
2.7178
  42
0
  0
VERTEX
  8
Top_Silk
  10
1.8829
  20
2.7192
  42
0
  0
VERTEX
  8
Top_Silk
  10
1.8858
  20
2.7221
  42
0
  0
VERTEX
  8
Top_Silk
  10
1.8872
  20
2.725
  42
0
  0
VERTEX
  8
Top_Silk
  10
1.8872
  20
2.7307
  42
0
  0
VERTEX
  8
Top_Silk
  10
1.8858
  20
2.7335
  42
0
  0
VERTEX
  8
Top_Silk
  10
1.8829
  20
2.7364
  42
0
  0
VERTEX
  8
Top_Silk
  10
1.88
  20
2.7379
  42
0
  0
SEQEND
  0
POLYLINE
  8
Top_Silk
  6
CONTINUOUS
  66
1
  70
0
  40
0.0023
  41
0.0023
  0
VERTEX
  8
Top_Silk
  10
1.8631
  20
2.7379
  42
1
  0
VERTEX
  8
Top_Silk
  10
1.8654
  20
2.7379
  42
1
  0
VERTEX
  8
Top_Silk
  10
1.8631
  20
2.7379
  42
1
  0
SEQEND
  0
POLYLINE
  8
Top_Silk
  6
CONTINUOUS
  66
1
  70
0
  40
0.0023
  41
0.0023
  0
VERTEX
  8
Top_Silk
  10
1.8789
  20
2.7379
  42
1
  0
VERTEX
  8
Top_Silk
  10
1.8812
  20
2.7379
  42
1
  0
VERTEX
  8
Top_Silk
  10
1.8789
  20
2.7379
  42
1
  0
SEQEND
  0
POLYLINE
  8
Top_Silk
  6
CONTINUOUS
  66
1
  70
0
  40
0.0046
  41
0.0046
  0
VERTEX
  8
Top_Silk
  10
1.8628
  20
2.7471
  42
0
  0
VERTEX
  8
Top_Silk
  10
1.8614
  20
2.75
  42
0
  0
VERTEX
  8
Top_Silk
  10
1.8571
  20
2.7543
  42
0
  0
VERTEX
  8
Top_Silk
  10
1.8872
  20
2.7543
  42
0
  0
SEQEND
  0
POLYLINE
  8
Top_Silk
  6
CONTINUOUS
  66
1
  70
0
  40
0.0023
  41
0.0023
  0
VERTEX
  8
Top_Silk
  10
1.8617
  20
2.7471
  42
1
  0
VERTEX
  8
Top_Silk
  10
1.864
  20
2.7471
  42
1
  0
VERTEX
  8
Top_Silk
  10
1.8617
  20
2.7471
  42
1
  0
SEQEND
  0
POLYLINE
  8
Top_Silk
  6
CONTINUOUS
  66
1
  70
0
  40
0.0023
  41
0.0023
  0
VERTEX
  8
Top_Silk
  10
1.8861
  20
2.7543
  42
1
  0
VERTEX
  8
Top_Silk
  10
1.8884
  20
2.7543
  42
1
  0
VERTEX
  8
Top_Silk
  10
1.8861
  20
2.7543
  42
1
  0
SEQEND
  0
POLYLINE
  8
Top_Silk
  6
CONTINUOUS
  66
1
  70
0
  40
0.0046
  41
0.0046
  0
VERTEX
  8
Top_Silk
  10
1.8571
  20
2.7808
  42
0
  0
VERTEX
  8
Top_Silk
  10
1.8571
  20
2.7665
  42
0
  0
VERTEX
  8
Top_Silk
  10
1.87
  20
2.765
  42
0
  0
VERTEX
  8
Top_Silk
  10
1.8686
  20
2.7665
  42
0
  0
VERTEX
  8
Top_Silk
  10
1.8671
  20
2.7708
  42
0
  0
VERTEX
  8
Top_Silk
  10
1.8671
  20
2.775
  42
0
  0
VERTEX
  8
Top_Silk
  10
1.8686
  20
2.7794
  42
0
  0
VERTEX
  8
Top_Silk
  10
1.8714
  20
2.7822
  42
0
  0
VERTEX
  8
Top_Silk
  10
1.8757
  20
2.7837
  42
0
  0
VERTEX
  8
Top_Silk
  10
1.8786
  20
2.7837
  42
0
  0
VERTEX
  8
Top_Silk
  10
1.8829
  20
2.7822
  42
0
  0
VERTEX
  8
Top_Silk
  10
1.8858
  20
2.7794
  42
0
  0
VERTEX
  8
Top_Silk
  10
1.8872
  20
2.775
  42
0
  0
VERTEX
  8
Top_Silk
  10
1.8872
  20
2.7708
  42
0
  0
VERTEX
  8
Top_Silk
  10
1.8858
  20
2.7665
  42
0
  0
VERTEX
  8
Top_Silk
  10
1.8843
  20
2.765
  42
0
  0
VERTEX
  8
Top_Silk
  10
1.8815
  20
2.7636
  42
0
  0
SEQEND
  0
POLYLINE
  8
Top_Silk
  6
CONTINUOUS
  66
1
  70
0
  40
0.0023
  41
0.0023
  0
VERTEX
  8
Top_Silk
  10
1.8559
  20
2.7808
  42
1
  0
VERTEX
  8
Top_Silk
  10
1.8583
  20
2.7808
  42
1
  0
VERTEX
  8
Top_Silk
  10
1.8559
  20
2.7808
  42
1
  0
SEQEND
  0
POLYLINE
  8
Top_Silk
  6
CONTINUOUS
  66
1
  70
0
  40
0.0023
  41
0.0023
  0
VERTEX
  8
Top_Silk
  10
1.8803
  20
2.7636
  42
1
  0
VERTEX
  8
Top_Silk
  10
1.8826
  20
2.7636
  42
1
  0
VERTEX
  8
Top_Silk
  10
1.8803
  20
2.7636
  42
1
  0
SEQEND
  0
POLYLINE
  8
Top_Silk
  6
CONTINUOUS
  66
1
  70
0
  40
0.008
  41
0.008
  0
VERTEX
  8
Top_Silk
  10
2.8896
  20
1.0581
  42
0
  0
VERTEX
  8
Top_Silk
  10
2.8404
  20
1.0581
  42
0
  0
VERTEX
  8
Top_Silk
  10
2.8404
  20
0.9519
  42
0
  0
VERTEX
  8
Top_Silk
  10
2.8896
  20
0.9519
  42
0
  0
VERTEX
  8
Top_Silk
  10
2.8896
  20
1.0581
  42
0
  0
SEQEND
  0
POLYLINE
  8
Top_Silk
  6
CONTINUOUS
  66
1
  70
0
  40
0.0046
  41
0.0046
  0
VERTEX
  8
Top_Silk
  10
2.8764
  20
1.0755
  42
0
  0
VERTEX
  8
Top_Silk
  10
2.8778
  20
1.0726
  42
0
  0
VERTEX
  8
Top_Silk
  10
2.8807
  20
1.0698
  42
0
  0
VERTEX
  8
Top_Silk
  10
2.8836
  20
1.0683
  42
0
  0
VERTEX
  8
Top_Silk
  10
2.8893
  20
1.0683
  42
0
  0
VERTEX
  8
Top_Silk
  10
2.8922
  20
1.0698
  42
0
  0
VERTEX
  8
Top_Silk
  10
2.8951
  20
1.0726
  42
0
  0
VERTEX
  8
Top_Silk
  10
2.8965
  20
1.0755
  42
0
  0
VERTEX
  8
Top_Silk
  10
2.8979
  20
1.0798
  42
0
  0
VERTEX
  8
Top_Silk
  10
2.8979
  20
1.087
  42
0
  0
VERTEX
  8
Top_Silk
  10
2.8965
  20
1.0913
  42
0
  0
VERTEX
  8
Top_Silk
  10
2.8951
  20
1.0942
  42
0
  0
VERTEX
  8
Top_Silk
  10
2.8922
  20
1.097
  42
0
  0
VERTEX
  8
Top_Silk
  10
2.8893
  20
1.0985
  42
0
  0
VERTEX
  8
Top_Silk
  10
2.8836
  20
1.0985
  42
0
  0
VERTEX
  8
Top_Silk
  10
2.8807
  20
1.097
  42
0
  0
VERTEX
  8
Top_Silk
  10
2.8778
  20
1.0942
  42
0
  0
VERTEX
  8
Top_Silk
  10
2.8764
  20
1.0913
  42
0
  0
SEQEND
  0
POLYLINE
  8
Top_Silk
  6
CONTINUOUS
  66
1
  70
0
  40
0.0023
  41
0.0023
  0
VERTEX
  8
Top_Silk
  10
2.8753
  20
1.0755
  42
1
  0
VERTEX
  8
Top_Silk
  10
2.8776
  20
1.0755
  42
1
  0
VERTEX
  8
Top_Silk
  10
2.8753
  20
1.0755
  42
1
  0
SEQEND
  0
POLYLINE
  8
Top_Silk
  6
CONTINUOUS
  66
1
  70
0
  40
0.0023
  41
0.0023
  0
VERTEX
  8
Top_Silk
  10
2.8753
  20
1.0913
  42
1
  0
VERTEX
  8
Top_Silk
  10
2.8776
  20
1.0913
  42
1
  0
VERTEX
  8
Top_Silk
  10
2.8753
  20
1.0913
  42
1
  0
SEQEND
  0
POLYLINE
  8
Top_Silk
  6
CONTINUOUS
  66
1
  70
0
  40
0.0046
  41
0.0046
  0
VERTEX
  8
Top_Silk
  10
2.8672
  20
1.0741
  42
0
  0
VERTEX
  8
Top_Silk
  10
2.8643
  20
1.0726
  42
0
  0
VERTEX
  8
Top_Silk
  10
2.86
  20
1.0684
  42
0
  0
VERTEX
  8
Top_Silk
  10
2.86
  20
1.0985
  42
0
  0
SEQEND
  0
POLYLINE
  8
Top_Silk
  6
CONTINUOUS
  66
1
  70
0
  40
0.0023
  41
0.0023
  0
VERTEX
  8
Top_Silk
  10
2.866
  20
1.0741
  42
1
  0
VERTEX
  8
Top_Silk
  10
2.8683
  20
1.0741
  42
1
  0
VERTEX
  8
Top_Silk
  10
2.866
  20
1.0741
  42
1
  0
SEQEND
  0
POLYLINE
  8
Top_Silk
  6
CONTINUOUS
  66
1
  70
0
  40
0.0023
  41
0.0023
  0
VERTEX
  8
Top_Silk
  10
2.8588
  20
1.0985
  42
1
  0
VERTEX
  8
Top_Silk
  10
2.8611
  20
1.0985
  42
1
  0
VERTEX
  8
Top_Silk
  10
2.8588
  20
1.0985
  42
1
  0
SEQEND
  0
POLYLINE
  8
Top_Silk
  6
CONTINUOUS
  66
1
  70
0
  40
0.0046
  41
0.0046
  0
VERTEX
  8
Top_Silk
  10
2.8335
  20
1.0726
  42
0
  0
VERTEX
  8
Top_Silk
  10
2.8349
  20
1.0698
  42
0
  0
VERTEX
  8
Top_Silk
  10
2.8392
  20
1.0684
  42
0
  0
VERTEX
  8
Top_Silk
  10
2.8421
  20
1.0684
  42
0
  0
VERTEX
  8
Top_Silk
  10
2.8464
  20
1.0698
  42
0
  0
VERTEX
  8
Top_Silk
  10
2.8493
  20
1.0741
  42
0
  0
VERTEX
  8
Top_Silk
  10
2.8507
  20
1.0813
  42
0
  0
VERTEX
  8
Top_Silk
  10
2.8507
  20
1.0884
  42
0
  0
VERTEX
  8
Top_Silk
  10
2.8493
  20
1.0942
  42
0
  0
VERTEX
  8
Top_Silk
  10
2.8464
  20
1.097
  42
0
  0
VERTEX
  8
Top_Silk
  10
2.8421
  20
1.0985
  42
0
  0
VERTEX
  8
Top_Silk
  10
2.8406
  20
1.0985
  42
0
  0
VERTEX
  8
Top_Silk
  10
2.8364
  20
1.097
  42
0
  0
VERTEX
  8
Top_Silk
  10
2.8335
  20
1.0942
  42
0
  0
VERTEX
  8
Top_Silk
  10
2.8321
  20
1.0898
  42
0
  0
VERTEX
  8
Top_Silk
  10
2.8321
  20
1.0884
  42
0
  0
VERTEX
  8
Top_Silk
  10
2.8335
  20
1.0841
  42
0
  0
VERTEX
  8
Top_Silk
  10
2.8364
  20
1.0813
  42
0
  0
VERTEX
  8
Top_Silk
  10
2.8406
  20
1.0798
  42
0
  0
VERTEX
  8
Top_Silk
  10
2.8421
  20
1.0798
  42
0
  0
VERTEX
  8
Top_Silk
  10
2.8464
  20
1.0813
  42
0
  0
VERTEX
  8
Top_Silk
  10
2.8493
  20
1.0841
  42
0
  0
VERTEX
  8
Top_Silk
  10
2.8507
  20
1.0884
  42
0
  0
SEQEND
  0
POLYLINE
  8
Top_Silk
  6
CONTINUOUS
  66
1
  70
0
  40
0.0023
  41
0.0023
  0
VERTEX
  8
Top_Silk
  10
2.8323
  20
1.0726
  42
1
  0
VERTEX
  8
Top_Silk
  10
2.8346
  20
1.0726
  42
1
  0
VERTEX
  8
Top_Silk
  10
2.8323
  20
1.0726
  42
1
  0
SEQEND
  0
POLYLINE
  8
Top_Silk
  6
CONTINUOUS
  66
1
  70
0
  40
0.0023
  41
0.0023
  0
VERTEX
  8
Top_Silk
  10
2.8495
  20
1.0884
  42
1
  0
VERTEX
  8
Top_Silk
  10
2.8519
  20
1.0884
  42
1
  0
VERTEX
  8
Top_Silk
  10
2.8495
  20
1.0884
  42
1
  0
SEQEND
  0
POLYLINE
  8
Top_Silk
  6
CONTINUOUS
  66
1
  70
0
  40
0.008
  41
0.008
  0
VERTEX
  8
Top_Silk
  10
0.9396
  20
2.0631
  42
0
  0
VERTEX
  8
Top_Silk
  10
0.8904
  20
2.0631
  42
0
  0
VERTEX
  8
Top_Silk
  10
0.8904
  20
1.9569
  42
0
  0
VERTEX
  8
Top_Silk
  10
0.9396
  20
1.9569
  42
0
  0
VERTEX
  8
Top_Silk
  10
0.9396
  20
2.0631
  42
0
  0
SEQEND
  0
POLYLINE
  8
Top_Silk
  6
CONTINUOUS
  66
1
  70
0
  40
0.0046
  41
0.0046
  0
VERTEX
  8
Top_Silk
  10
0.9569
  20
1.9979
  42
0
  0
VERTEX
  8
Top_Silk
  10
0.9541
  20
1.9964
  42
0
  0
VERTEX
  8
Top_Silk
  10
0.9512
  20
1.9935
  42
0
  0
VERTEX
  8
Top_Silk
  10
0.9498
  20
1.9907
  42
0
  0
VERTEX
  8
Top_Silk
  10
0.9498
  20
1.985
  42
0
  0
VERTEX
  8
Top_Silk
  10
0.9512
  20
1.9821
  42
0
  0
VERTEX
  8
Top_Silk
  10
0.9541
  20
1.9792
  42
0
  0
VERTEX
  8
Top_Silk
  10
0.9569
  20
1.9778
  42
0
  0
VERTEX
  8
Top_Silk
  10
0.9613
  20
1.9763
  42
0
  0
VERTEX
  8
Top_Silk
  10
0.9685
  20
1.9763
  42
0
  0
VERTEX
  8
Top_Silk
  10
0.9727
  20
1.9778
  42
0
  0
VERTEX
  8
Top_Silk
  10
0.9756
  20
1.9792
  42
0
  0
VERTEX
  8
Top_Silk
  10
0.9785
  20
1.9821
  42
0
  0
VERTEX
  8
Top_Silk
  10
0.9799
  20
1.985
  42
0
  0
VERTEX
  8
Top_Silk
  10
0.9799
  20
1.9907
  42
0
  0
VERTEX
  8
Top_Silk
  10
0.9785
  20
1.9935
  42
0
  0
VERTEX
  8
Top_Silk
  10
0.9756
  20
1.9964
  42
0
  0
VERTEX
  8
Top_Silk
  10
0.9727
  20
1.9979
  42
0
  0
SEQEND
  0
POLYLINE
  8
Top_Silk
  6
CONTINUOUS
  66
1
  70
0
  40
0.0023
  41
0.0023
  0
VERTEX
  8
Top_Silk
  10
0.9558
  20
1.9979
  42
1
  0
VERTEX
  8
Top_Silk
  10
0.9581
  20
1.9979
  42
1
  0
VERTEX
  8
Top_Silk
  10
0.9558
  20
1.9979
  42
1
  0
SEQEND
  0
POLYLINE
  8
Top_Silk
  6
CONTINUOUS
  66
1
  70
0
  40
0.0023
  41
0.0023
  0
VERTEX
  8
Top_Silk
  10
0.9716
  20
1.9979
  42
1
  0
VERTEX
  8
Top_Silk
  10
0.9739
  20
1.9979
  42
1
  0
VERTEX
  8
Top_Silk
  10
0.9716
  20
1.9979
  42
1
  0
SEQEND
  0
POLYLINE
  8
Top_Silk
  6
CONTINUOUS
  66
1
  70
0
  40
0.0046
  41
0.0046
  0
VERTEX
  8
Top_Silk
  10
0.9556
  20
2.0071
  42
0
  0
VERTEX
  8
Top_Silk
  10
0.9541
  20
2.01
  42
0
  0
VERTEX
  8
Top_Silk
  10
0.9498
  20
2.0143
  42
0
  0
VERTEX
  8
Top_Silk
  10
0.9799
  20
2.0143
  42
0
  0
SEQEND
  0
POLYLINE
  8
Top_Silk
  6
CONTINUOUS
  66
1
  70
0
  40
0.0023
  41
0.0023
  0
VERTEX
  8
Top_Silk
  10
0.9544
  20
2.0071
  42
1
  0
VERTEX
  8
Top_Silk
  10
0.9567
  20
2.0071
  42
1
  0
VERTEX
  8
Top_Silk
  10
0.9544
  20
2.0071
  42
1
  0
SEQEND
  0
POLYLINE
  8
Top_Silk
  6
CONTINUOUS
  66
1
  70
0
  40
0.0023
  41
0.0023
  0
VERTEX
  8
Top_Silk
  10
0.9788
  20
2.0143
  42
1
  0
VERTEX
  8
Top_Silk
  10
0.9811
  20
2.0143
  42
1
  0
VERTEX
  8
Top_Silk
  10
0.9788
  20
2.0143
  42
1
  0
SEQEND
  0
POLYLINE
  8
Top_Silk
  6
CONTINUOUS
  66
1
  70
0
  40
0.0046
  41
0.0046
  0
VERTEX
  8
Top_Silk
  10
0.9799
  20
2.0293
  42
0
  0
VERTEX
  8
Top_Silk
  10
0.9498
  20
2.0437
  42
0
  0
VERTEX
  8
Top_Silk
  10
0.9498
  20
2.0236
  42
0
  0
SEQEND
  0
POLYLINE
  8
Top_Silk
  6
CONTINUOUS
  66
1
  70
0
  40
0.0023
  41
0.0023
  0
VERTEX
  8
Top_Silk
  10
0.9788
  20
2.0293
  42
1
  0
VERTEX
  8
Top_Silk
  10
0.9811
  20
2.0293
  42
1
  0
VERTEX
  8
Top_Silk
  10
0.9788
  20
2.0293
  42
1
  0
SEQEND
  0
POLYLINE
  8
Top_Silk
  6
CONTINUOUS
  66
1
  70
0
  40
0.0023
  41
0.0023
  0
VERTEX
  8
Top_Silk
  10
0.9487
  20
2.0236
  42
1
  0
VERTEX
  8
Top_Silk
  10
0.951
  20
2.0236
  42
1
  0
VERTEX
  8
Top_Silk
  10
0.9487
  20
2.0236
  42
1
  0
SEQEND
  0
POLYLINE
  8
Top_Silk
  6
CONTINUOUS
  66
1
  70
0
  40
0.008
  41
0.008
  0
VERTEX
  8
Top_Silk
  10
2.5796
  20
1.368
  42
0
  0
VERTEX
  8
Top_Silk
  10
2.5304
  20
1.368
  42
0
  0
VERTEX
  8
Top_Silk
  10
2.5304
  20
1.2617
  42
0
  0
VERTEX
  8
Top_Silk
  10
2.5796
  20
1.2617
  42
0
  0
VERTEX
  8
Top_Silk
  10
2.5796
  20
1.368
  42
0
  0
SEQEND
  0
POLYLINE
  8
Top_Silk
  6
CONTINUOUS
  66
1
  70
0
  40
0.0046
  41
0.0046
  0
VERTEX
  8
Top_Silk
  10
2.5688
  20
1.3901
  42
0
  0
VERTEX
  8
Top_Silk
  10
2.5702
  20
1.3873
  42
0
  0
VERTEX
  8
Top_Silk
  10
2.5731
  20
1.3844
  42
0
  0
VERTEX
  8
Top_Silk
  10
2.576
  20
1.383
  42
0
  0
VERTEX
  8
Top_Silk
  10
2.5817
  20
1.383
  42
0
  0
VERTEX
  8
Top_Silk
  10
2.5846
  20
1.3844
  42
0
  0
VERTEX
  8
Top_Silk
  10
2.5874
  20
1.3873
  42
0
  0
VERTEX
  8
Top_Silk
  10
2.5889
  20
1.3901
  42
0
  0
VERTEX
  8
Top_Silk
  10
2.5903
  20
1.3945
  42
0
  0
VERTEX
  8
Top_Silk
  10
2.5903
  20
1.4016
  42
0
  0
VERTEX
  8
Top_Silk
  10
2.5889
  20
1.4059
  42
0
  0
VERTEX
  8
Top_Silk
  10
2.5874
  20
1.4088
  42
0
  0
VERTEX
  8
Top_Silk
  10
2.5846
  20
1.4117
  42
0
  0
VERTEX
  8
Top_Silk
  10
2.5817
  20
1.4131
  42
0
  0
VERTEX
  8
Top_Silk
  10
2.576
  20
1.4131
  42
0
  0
VERTEX
  8
Top_Silk
  10
2.5731
  20
1.4117
  42
0
  0
VERTEX
  8
Top_Silk
  10
2.5702
  20
1.4088
  42
0
  0
VERTEX
  8
Top_Silk
  10
2.5688
  20
1.4059
  42
0
  0
SEQEND
  0
POLYLINE
  8
Top_Silk
  6
CONTINUOUS
  66
1
  70
0
  40
0.0023
  41
0.0023
  0
VERTEX
  8
Top_Silk
  10
2.5676
  20
1.3901
  42
1
  0
VERTEX
  8
Top_Silk
  10
2.57
  20
1.3901
  42
1
  0
VERTEX
  8
Top_Silk
  10
2.5676
  20
1.3901
  42
1
  0
SEQEND
  0
POLYLINE
  8
Top_Silk
  6
CONTINUOUS
  66
1
  70
0
  40
0.0023
  41
0.0023
  0
VERTEX
  8
Top_Silk
  10
2.5676
  20
1.4059
  42
1
  0
VERTEX
  8
Top_Silk
  10
2.57
  20
1.4059
  42
1
  0
VERTEX
  8
Top_Silk
  10
2.5676
  20
1.4059
  42
1
  0
SEQEND
  0
POLYLINE
  8
Top_Silk
  6
CONTINUOUS
  66
1
  70
0
  40
0.0046
  41
0.0046
  0
VERTEX
  8
Top_Silk
  10
2.5595
  20
1.3887
  42
0
  0
VERTEX
  8
Top_Silk
  10
2.5566
  20
1.3873
  42
0
  0
VERTEX
  8
Top_Silk
  10
2.5523
  20
1.383
  42
0
  0
VERTEX
  8
Top_Silk
  10
2.5523
  20
1.4131
  42
0
  0
SEQEND
  0
POLYLINE
  8
Top_Silk
  6
CONTINUOUS
  66
1
  70
0
  40
0.0023
  41
0.0023
  0
VERTEX
  8
Top_Silk
  10
2.5584
  20
1.3887
  42
1
  0
VERTEX
  8
Top_Silk
  10
2.5607
  20
1.3887
  42
1
  0
VERTEX
  8
Top_Silk
  10
2.5584
  20
1.3887
  42
1
  0
SEQEND
  0
POLYLINE
  8
Top_Silk
  6
CONTINUOUS
  66
1
  70
0
  40
0.0023
  41
0.0023
  0
VERTEX
  8
Top_Silk
  10
2.5512
  20
1.4131
  42
1
  0
VERTEX
  8
Top_Silk
  10
2.5535
  20
1.4131
  42
1
  0
VERTEX
  8
Top_Silk
  10
2.5512
  20
1.4131
  42
1
  0
SEQEND
  0
POLYLINE
  8
Top_Silk
  6
CONTINUOUS
  66
1
  70
0
  40
0.0046
  41
0.0046
  0
VERTEX
  8
Top_Silk
  10
2.5359
  20
1.383
  42
0
  0
VERTEX
  8
Top_Silk
  10
2.5402
  20
1.3844
  42
0
  0
VERTEX
  8
Top_Silk
  10
2.5416
  20
1.3873
  42
0
  0
VERTEX
  8
Top_Silk
  10
2.5416
  20
1.3902
  42
0
  0
VERTEX
  8
Top_Silk
  10
2.5402
  20
1.393
  42
0
  0
VERTEX
  8
Top_Silk
  10
2.5373
  20
1.3945
  42
0
  0
VERTEX
  8
Top_Silk
  10
2.5316
  20
1.3959
  42
0
  0
VERTEX
  8
Top_Silk
  10
2.5273
  20
1.3973
  42
0
  0
VERTEX
  8
Top_Silk
  10
2.5244
  20
1.4002
  42
0
  0
VERTEX
  8
Top_Silk
  10
2.523
  20
1.4031
  42
0
  0
VERTEX
  8
Top_Silk
  10
2.523
  20
1.4074
  42
0
  0
VERTEX
  8
Top_Silk
  10
2.5244
  20
1.4102
  42
0
  0
VERTEX
  8
Top_Silk
  10
2.5259
  20
1.4117
  42
0
  0
VERTEX
  8
Top_Silk
  10
2.5302
  20
1.4131
  42
0
  0
VERTEX
  8
Top_Silk
  10
2.5359
  20
1.4131
  42
0
  0
VERTEX
  8
Top_Silk
  10
2.5402
  20
1.4117
  42
0
  0
VERTEX
  8
Top_Silk
  10
2.5416
  20
1.4102
  42
0
  0
VERTEX
  8
Top_Silk
  10
2.5431
  20
1.4074
  42
0
  0
VERTEX
  8
Top_Silk
  10
2.5431
  20
1.4031
  42
0
  0
VERTEX
  8
Top_Silk
  10
2.5416
  20
1.4002
  42
0
  0
VERTEX
  8
Top_Silk
  10
2.5388
  20
1.3973
  42
0
  0
VERTEX
  8
Top_Silk
  10
2.5345
  20
1.3959
  42
0
  0
VERTEX
  8
Top_Silk
  10
2.5287
  20
1.3945
  42
0
  0
VERTEX
  8
Top_Silk
  10
2.5259
  20
1.393
  42
0
  0
VERTEX
  8
Top_Silk
  10
2.5244
  20
1.3902
  42
0
  0
VERTEX
  8
Top_Silk
  10
2.5244
  20
1.3873
  42
0
  0
VERTEX
  8
Top_Silk
  10
2.5259
  20
1.3844
  42
0
  0
VERTEX
  8
Top_Silk
  10
2.5302
  20
1.383
  42
0
  0
VERTEX
  8
Top_Silk
  10
2.5359
  20
1.383
  42
0
  0
SEQEND
  0
POLYLINE
  8
Top_Silk
  6
CONTINUOUS
  66
1
  70
0
  40
0.0023
  41
0.0023
  0
VERTEX
  8
Top_Silk
  10
2.5347
  20
1.383
  42
1
  0
VERTEX
  8
Top_Silk
  10
2.5371
  20
1.383
  42
1
  0
VERTEX
  8
Top_Silk
  10
2.5347
  20
1.383
  42
1
  0
SEQEND
  0
POLYLINE
  8
Top_Silk
  6
CONTINUOUS
  66
1
  70
0
  40
0.008
  41
0.008
  0
VERTEX
  8
Top_Silk
  10
1.9996
  20
1.6281
  42
0
  0
VERTEX
  8
Top_Silk
  10
1.9504
  20
1.6281
  42
0
  0
VERTEX
  8
Top_Silk
  10
1.9504
  20
1.5219
  42
0
  0
VERTEX
  8
Top_Silk
  10
1.9996
  20
1.5219
  42
0
  0
VERTEX
  8
Top_Silk
  10
1.9996
  20
1.6281
  42
0
  0
SEQEND
  0
POLYLINE
  8
Top_Silk
  6
CONTINUOUS
  66
1
  70
0
  40
0.0046
  41
0.0046
  0
VERTEX
  8
Top_Silk
  10
1.9653
  20
1.6621
  42
0
  0
VERTEX
  8
Top_Silk
  10
1.9624
  20
1.6607
  42
0
  0
VERTEX
  8
Top_Silk
  10
1.9595
  20
1.6578
  42
0
  0
VERTEX
  8
Top_Silk
  10
1.9581
  20
1.655
  42
0
  0
VERTEX
  8
Top_Silk
  10
1.9581
  20
1.6492
  42
0
  0
VERTEX
  8
Top_Silk
  10
1.9595
  20
1.6463
  42
0
  0
VERTEX
  8
Top_Silk
  10
1.9624
  20
1.6435
  42
0
  0
VERTEX
  8
Top_Silk
  10
1.9653
  20
1.642
  42
0
  0
VERTEX
  8
Top_Silk
  10
1.9696
  20
1.6406
  42
0
  0
VERTEX
  8
Top_Silk
  10
1.9768
  20
1.6406
  42
0
  0
VERTEX
  8
Top_Silk
  10
1.9811
  20
1.642
  42
0
  0
VERTEX
  8
Top_Silk
  10
1.984
  20
1.6435
  42
0
  0
VERTEX
  8
Top_Silk
  10
1.9868
  20
1.6463
  42
0
  0
VERTEX
  8
Top_Silk
  10
1.9883
  20
1.6492
  42
0
  0
VERTEX
  8
Top_Silk
  10
1.9883
  20
1.655
  42
0
  0
VERTEX
  8
Top_Silk
  10
1.9868
  20
1.6578
  42
0
  0
VERTEX
  8
Top_Silk
  10
1.984
  20
1.6607
  42
0
  0
VERTEX
  8
Top_Silk
  10
1.9811
  20
1.6621
  42
0
  0
SEQEND
  0
POLYLINE
  8
Top_Silk
  6
CONTINUOUS
  66
1
  70
0
  40
0.0023
  41
0.0023
  0
VERTEX
  8
Top_Silk
  10
1.9641
  20
1.6621
  42
1
  0
VERTEX
  8
Top_Silk
  10
1.9664
  20
1.6621
  42
1
  0
VERTEX
  8
Top_Silk
  10
1.9641
  20
1.6621
  42
1
  0
SEQEND
  0
POLYLINE
  8
Top_Silk
  6
CONTINUOUS
  66
1
  70
0
  40
0.0023
  41
0.0023
  0
VERTEX
  8
Top_Silk
  10
1.9799
  20
1.6621
  42
1
  0
VERTEX
  8
Top_Silk
  10
1.9822
  20
1.6621
  42
1
  0
VERTEX
  8
Top_Silk
  10
1.9799
  20
1.6621
  42
1
  0
SEQEND
  0
POLYLINE
  8
Top_Silk
  6
CONTINUOUS
  66
1
  70
0
  40
0.0046
  41
0.0046
  0
VERTEX
  8
Top_Silk
  10
1.9639
  20
1.6714
  42
0
  0
VERTEX
  8
Top_Silk
  10
1.9624
  20
1.6743
  42
0
  0
VERTEX
  8
Top_Silk
  10
1.9582
  20
1.6786
  42
0
  0
VERTEX
  8
Top_Silk
  10
1.9883
  20
1.6786
  42
0
  0
SEQEND
  0
POLYLINE
  8
Top_Silk
  6
CONTINUOUS
  66
1
  70
0
  40
0.0023
  41
0.0023
  0
VERTEX
  8
Top_Silk
  10
1.9627
  20
1.6714
  42
1
  0
VERTEX
  8
Top_Silk
  10
1.965
  20
1.6714
  42
1
  0
VERTEX
  8
Top_Silk
  10
1.9627
  20
1.6714
  42
1
  0
SEQEND
  0
POLYLINE
  8
Top_Silk
  6
CONTINUOUS
  66
1
  70
0
  40
0.0023
  41
0.0023
  0
VERTEX
  8
Top_Silk
  10
1.9871
  20
1.6786
  42
1
  0
VERTEX
  8
Top_Silk
  10
1.9894
  20
1.6786
  42
1
  0
VERTEX
  8
Top_Silk
  10
1.9871
  20
1.6786
  42
1
  0
SEQEND
  0
POLYLINE
  8
Top_Silk
  6
CONTINUOUS
  66
1
  70
0
  40
0.0046
  41
0.0046
  0
VERTEX
  8
Top_Silk
  10
1.9682
  20
1.7065
  42
0
  0
VERTEX
  8
Top_Silk
  10
1.9725
  20
1.705
  42
0
  0
VERTEX
  8
Top_Silk
  10
1.9754
  20
1.7022
  42
0
  0
VERTEX
  8
Top_Silk
  10
1.9768
  20
1.6979
  42
0
  0
VERTEX
  8
Top_Silk
  10
1.9768
  20
1.6965
  42
0
  0
VERTEX
  8
Top_Silk
  10
1.9754
  20
1.6921
  42
0
  0
VERTEX
  8
Top_Silk
  10
1.9725
  20
1.6893
  42
0
  0
VERTEX
  8
Top_Silk
  10
1.9682
  20
1.6878
  42
0
  0
VERTEX
  8
Top_Silk
  10
1.9667
  20
1.6878
  42
0
  0
VERTEX
  8
Top_Silk
  10
1.9624
  20
1.6893
  42
0
  0
VERTEX
  8
Top_Silk
  10
1.9596
  20
1.6921
  42
0
  0
VERTEX
  8
Top_Silk
  10
1.9582
  20
1.6965
  42
0
  0
VERTEX
  8
Top_Silk
  10
1.9582
  20
1.6979
  42
0
  0
VERTEX
  8
Top_Silk
  10
1.9596
  20
1.7022
  42
0
  0
VERTEX
  8
Top_Silk
  10
1.9624
  20
1.705
  42
0
  0
VERTEX
  8
Top_Silk
  10
1.9682
  20
1.7065
  42
0
  0
VERTEX
  8
Top_Silk
  10
1.9754
  20
1.7065
  42
0
  0
VERTEX
  8
Top_Silk
  10
1.9825
  20
1.705
  42
0
  0
VERTEX
  8
Top_Silk
  10
1.9868
  20
1.7022
  42
0
  0
VERTEX
  8
Top_Silk
  10
1.9883
  20
1.6979
  42
0
  0
VERTEX
  8
Top_Silk
  10
1.9883
  20
1.695
  42
0
  0
VERTEX
  8
Top_Silk
  10
1.9868
  20
1.6907
  42
0
  0
VERTEX
  8
Top_Silk
  10
1.984
  20
1.6893
  42
0
  0
SEQEND
  0
POLYLINE
  8
Top_Silk
  6
CONTINUOUS
  66
1
  70
0
  40
0.0023
  41
0.0023
  0
VERTEX
  8
Top_Silk
  10
1.967
  20
1.7065
  42
1
  0
VERTEX
  8
Top_Silk
  10
1.9693
  20
1.7065
  42
1
  0
VERTEX
  8
Top_Silk
  10
1.967
  20
1.7065
  42
1
  0
SEQEND
  0
POLYLINE
  8
Top_Silk
  6
CONTINUOUS
  66
1
  70
0
  40
0.0023
  41
0.0023
  0
VERTEX
  8
Top_Silk
  10
1.9828
  20
1.6893
  42
1
  0
VERTEX
  8
Top_Silk
  10
1.9851
  20
1.6893
  42
1
  0
VERTEX
  8
Top_Silk
  10
1.9828
  20
1.6893
  42
1
  0
SEQEND
  0
POLYLINE
  8
Top_Silk
  6
CONTINUOUS
  66
1
  70
0
  40
0.0046
  41
0.0046
  0
VERTEX
  8
Top_Silk
  10
1.3396
  20
2.2986
  42
0
  0
VERTEX
  8
Top_Silk
  10
1.3424
  20
2.3
  42
0
  0
VERTEX
  8
Top_Silk
  10
1.3453
  20
2.3029
  42
0
  0
VERTEX
  8
Top_Silk
  10
1.3467
  20
2.3058
  42
0
  0
VERTEX
  8
Top_Silk
  10
1.3467
  20
2.3115
  42
0
  0
VERTEX
  8
Top_Silk
  10
1.3453
  20
2.3144
  42
0
  0
VERTEX
  8
Top_Silk
  10
1.3424
  20
2.3172
  42
0
  0
VERTEX
  8
Top_Silk
  10
1.3396
  20
2.3187
  42
0
  0
VERTEX
  8
Top_Silk
  10
1.3353
  20
2.3201
  42
0
  0
VERTEX
  8
Top_Silk
  10
1.3281
  20
2.3201
  42
0
  0
VERTEX
  8
Top_Silk
  10
1.3238
  20
2.3187
  42
0
  0
VERTEX
  8
Top_Silk
  10
1.3209
  20
2.3172
  42
0
  0
VERTEX
  8
Top_Silk
  10
1.318
  20
2.3144
  42
0
  0
VERTEX
  8
Top_Silk
  10
1.3166
  20
2.3115
  42
0
  0
VERTEX
  8
Top_Silk
  10
1.3166
  20
2.3058
  42
0
  0
VERTEX
  8
Top_Silk
  10
1.318
  20
2.3029
  42
0
  0
VERTEX
  8
Top_Silk
  10
1.3209
  20
2.3
  42
0
  0
VERTEX
  8
Top_Silk
  10
1.3238
  20
2.2986
  42
0
  0
SEQEND
  0
POLYLINE
  8
Top_Silk
  6
CONTINUOUS
  66
1
  70
0
  40
0.0023
  41
0.0023
  0
VERTEX
  8
Top_Silk
  10
1.3384
  20
2.2986
  42
1
  0
VERTEX
  8
Top_Silk
  10
1.3407
  20
2.2986
  42
1
  0
VERTEX
  8
Top_Silk
  10
1.3384
  20
2.2986
  42
1
  0
SEQEND
  0
POLYLINE
  8
Top_Silk
  6
CONTINUOUS
  66
1
  70
0
  40
0.0023
  41
0.0023
  0
VERTEX
  8
Top_Silk
  10
1.3226
  20
2.2986
  42
1
  0
VERTEX
  8
Top_Silk
  10
1.3249
  20
2.2986
  42
1
  0
VERTEX
  8
Top_Silk
  10
1.3226
  20
2.2986
  42
1
  0
SEQEND
  0
POLYLINE
  8
Top_Silk
  6
CONTINUOUS
  66
1
  70
0
  40
0.0046
  41
0.0046
  0
VERTEX
  8
Top_Silk
  10
1.3395
  20
2.2879
  42
0
  0
VERTEX
  8
Top_Silk
  10
1.341
  20
2.2879
  42
0
  0
VERTEX
  8
Top_Silk
  10
1.3438
  20
2.2864
  42
0
  0
VERTEX
  8
Top_Silk
  10
1.3453
  20
2.285
  42
0
  0
VERTEX
  8
Top_Silk
  10
1.3467
  20
2.2821
  42
0
  0
VERTEX
  8
Top_Silk
  10
1.3467
  20
2.2764
  42
0
  0
VERTEX
  8
Top_Silk
  10
1.3453
  20
2.2736
  42
0
  0
VERTEX
  8
Top_Silk
  10
1.3438
  20
2.2721
  42
0
  0
VERTEX
  8
Top_Silk
  10
1.341
  20
2.2707
  42
0
  0
VERTEX
  8
Top_Silk
  10
1.3381
  20
2.2707
  42
0
  0
VERTEX
  8
Top_Silk
  10
1.3352
  20
2.2721
  42
0
  0
VERTEX
  8
Top_Silk
  10
1.3309
  20
2.275
  42
0
  0
VERTEX
  8
Top_Silk
  10
1.3166
  20
2.2893
  42
0
  0
VERTEX
  8
Top_Silk
  10
1.3166
  20
2.2692
  42
0
  0
SEQEND
  0
POLYLINE
  8
Top_Silk
  6
CONTINUOUS
  66
1
  70
0
  40
0.0023
  41
0.0023
  0
VERTEX
  8
Top_Silk
  10
1.3384
  20
2.2879
  42
1
  0
VERTEX
  8
Top_Silk
  10
1.3407
  20
2.2879
  42
1
  0
VERTEX
  8
Top_Silk
  10
1.3384
  20
2.2879
  42
1
  0
SEQEND
  0
POLYLINE
  8
Top_Silk
  6
CONTINUOUS
  66
1
  70
0
  40
0.0023
  41
0.0023
  0
VERTEX
  8
Top_Silk
  10
1.3154
  20
2.2692
  42
1
  0
VERTEX
  8
Top_Silk
  10
1.3177
  20
2.2692
  42
1
  0
VERTEX
  8
Top_Silk
  10
1.3154
  20
2.2692
  42
1
  0
SEQEND
  0
POLYLINE
  8
Top_Silk
  6
CONTINUOUS
  66
1
  70
0
  40
0.0046
  41
0.0046
  0
VERTEX
  8
Top_Silk
  10
1.3467
  20
2.2514
  42
0
  0
VERTEX
  8
Top_Silk
  10
1.3453
  20
2.2557
  42
0
  0
VERTEX
  8
Top_Silk
  10
1.341
  20
2.2585
  42
0
  0
VERTEX
  8
Top_Silk
  10
1.3338
  20
2.26
  42
0
  0
VERTEX
  8
Top_Silk
  10
1.3295
  20
2.26
  42
0
  0
VERTEX
  8
Top_Silk
  10
1.3223
  20
2.2585
  42
0
  0
VERTEX
  8
Top_Silk
  10
1.318
  20
2.2557
  42
0
  0
VERTEX
  8
Top_Silk
  10
1.3166
  20
2.2514
  42
0
  0
VERTEX
  8
Top_Silk
  10
1.3166
  20
2.2485
  42
0
  0
VERTEX
  8
Top_Silk
  10
1.318
  20
2.2442
  42
0
  0
VERTEX
  8
Top_Silk
  10
1.3223
  20
2.2413
  42
0
  0
VERTEX
  8
Top_Silk
  10
1.3295
  20
2.2399
  42
0
  0
VERTEX
  8
Top_Silk
  10
1.3338
  20
2.2399
  42
0
  0
VERTEX
  8
Top_Silk
  10
1.341
  20
2.2413
  42
0
  0
VERTEX
  8
Top_Silk
  10
1.3453
  20
2.2442
  42
0
  0
VERTEX
  8
Top_Silk
  10
1.3467
  20
2.2485
  42
0
  0
VERTEX
  8
Top_Silk
  10
1.3467
  20
2.2514
  42
0
  0
SEQEND
  0
POLYLINE
  8
Top_Silk
  6
CONTINUOUS
  66
1
  70
0
  40
0.0023
  41
0.0023
  0
VERTEX
  8
Top_Silk
  10
1.3455
  20
2.2514
  42
1
  0
VERTEX
  8
Top_Silk
  10
1.3479
  20
2.2514
  42
1
  0
VERTEX
  8
Top_Silk
  10
1.3455
  20
2.2514
  42
1
  0
SEQEND
  0
POLYLINE
  8
Top_Silk
  6
CONTINUOUS
  66
1
  70
0
  40
0.0046
  41
0.0046
  0
VERTEX
  8
Top_Silk
  10
1.341
  20
2.2413
  42
0
  0
VERTEX
  8
Top_Silk
  10
1.3223
  20
2.2585
  42
0
  0
SEQEND
  0
POLYLINE
  8
Top_Silk
  6
CONTINUOUS
  66
1
  70
0
  40
0.0023
  41
0.0023
  0
VERTEX
  8
Top_Silk
  10
1.3398
  20
2.2413
  42
1
  0
VERTEX
  8
Top_Silk
  10
1.3421
  20
2.2413
  42
1
  0
VERTEX
  8
Top_Silk
  10
1.3398
  20
2.2413
  42
1
  0
SEQEND
  0
POLYLINE
  8
Top_Silk
  6
CONTINUOUS
  66
1
  70
0
  40
0.0023
  41
0.0023
  0
VERTEX
  8
Top_Silk
  10
1.3212
  20
2.2585
  42
1
  0
VERTEX
  8
Top_Silk
  10
1.3235
  20
2.2585
  42
1
  0
VERTEX
  8
Top_Silk
  10
1.3212
  20
2.2585
  42
1
  0
SEQEND
  0
POLYLINE
  8
Top_Silk
  6
CONTINUOUS
  66
1
  70
0
  40
0.006
  41
0.006
  0
VERTEX
  8
Top_Silk
  10
0.3269
  20
0.6755
  42
0
  0
VERTEX
  8
Top_Silk
  10
0.2731
  20
0.6755
  42
0
  0
SEQEND
  0
POLYLINE
  8
Top_Silk
  6
CONTINUOUS
  66
1
  70
0
  40
0.006
  41
0.006
  0
VERTEX
  8
Top_Silk
  10
0.2731
  20
0.5945
  42
0
  0
VERTEX
  8
Top_Silk
  10
0.3269
  20
0.5945
  42
0
  0
SEQEND
  0
POLYLINE
  8
Top_Silk
  6
CONTINUOUS
  66
1
  70
0
  40
0.0046
  41
0.0046
  0
VERTEX
  8
Top_Silk
  10
0.1753
  20
0.6203
  42
0
  0
VERTEX
  8
Top_Silk
  10
0.1724
  20
0.6189
  42
0
  0
VERTEX
  8
Top_Silk
  10
0.1695
  20
0.616
  42
0
  0
VERTEX
  8
Top_Silk
  10
0.1681
  20
0.6131
  42
0
  0
VERTEX
  8
Top_Silk
  10
0.1681
  20
0.6074
  42
0
  0
VERTEX
  8
Top_Silk
  10
0.1695
  20
0.6045
  42
0
  0
VERTEX
  8
Top_Silk
  10
0.1724
  20
0.6017
  42
0
  0
VERTEX
  8
Top_Silk
  10
0.1753
  20
0.6002
  42
0
  0
VERTEX
  8
Top_Silk
  10
0.1796
  20
0.5988
  42
0
  0
VERTEX
  8
Top_Silk
  10
0.1868
  20
0.5988
  42
0
  0
VERTEX
  8
Top_Silk
  10
0.1911
  20
0.6002
  42
0
  0
VERTEX
  8
Top_Silk
  10
0.194
  20
0.6017
  42
0
  0
VERTEX
  8
Top_Silk
  10
0.1968
  20
0.6045
  42
0
  0
VERTEX
  8
Top_Silk
  10
0.1983
  20
0.6074
  42
0
  0
VERTEX
  8
Top_Silk
  10
0.1983
  20
0.6131
  42
0
  0
VERTEX
  8
Top_Silk
  10
0.1968
  20
0.616
  42
0
  0
VERTEX
  8
Top_Silk
  10
0.194
  20
0.6189
  42
0
  0
VERTEX
  8
Top_Silk
  10
0.1911
  20
0.6203
  42
0
  0
SEQEND
  0
POLYLINE
  8
Top_Silk
  6
CONTINUOUS
  66
1
  70
0
  40
0.0023
  41
0.0023
  0
VERTEX
  8
Top_Silk
  10
0.1741
  20
0.6203
  42
1
  0
VERTEX
  8
Top_Silk
  10
0.1764
  20
0.6203
  42
1
  0
VERTEX
  8
Top_Silk
  10
0.1741
  20
0.6203
  42
1
  0
SEQEND
  0
POLYLINE
  8
Top_Silk
  6
CONTINUOUS
  66
1
  70
0
  40
0.0023
  41
0.0023
  0
VERTEX
  8
Top_Silk
  10
0.1899
  20
0.6203
  42
1
  0
VERTEX
  8
Top_Silk
  10
0.1922
  20
0.6203
  42
1
  0
VERTEX
  8
Top_Silk
  10
0.1899
  20
0.6203
  42
1
  0
SEQEND
  0
POLYLINE
  8
Top_Silk
  6
CONTINUOUS
  66
1
  70
0
  40
0.0046
  41
0.0046
  0
VERTEX
  8
Top_Silk
  10
0.1753
  20
0.631
  42
0
  0
VERTEX
  8
Top_Silk
  10
0.1739
  20
0.631
  42
0
  0
VERTEX
  8
Top_Silk
  10
0.171
  20
0.6324
  42
0
  0
VERTEX
  8
Top_Silk
  10
0.1696
  20
0.6339
  42
0
  0
VERTEX
  8
Top_Silk
  10
0.1682
  20
0.6368
  42
0
  0
VERTEX
  8
Top_Silk
  10
0.1682
  20
0.6425
  42
0
  0
VERTEX
  8
Top_Silk
  10
0.1696
  20
0.6453
  42
0
  0
VERTEX
  8
Top_Silk
  10
0.171
  20
0.6468
  42
0
  0
VERTEX
  8
Top_Silk
  10
0.1739
  20
0.6482
  42
0
  0
VERTEX
  8
Top_Silk
  10
0.1767
  20
0.6482
  42
0
  0
VERTEX
  8
Top_Silk
  10
0.1796
  20
0.6468
  42
0
  0
VERTEX
  8
Top_Silk
  10
0.1839
  20
0.6439
  42
0
  0
VERTEX
  8
Top_Silk
  10
0.1983
  20
0.6296
  42
0
  0
VERTEX
  8
Top_Silk
  10
0.1983
  20
0.6497
  42
0
  0
SEQEND
  0
POLYLINE
  8
Top_Silk
  6
CONTINUOUS
  66
1
  70
0
  40
0.0023
  41
0.0023
  0
VERTEX
  8
Top_Silk
  10
0.1742
  20
0.631
  42
1
  0
VERTEX
  8
Top_Silk
  10
0.1765
  20
0.631
  42
1
  0
VERTEX
  8
Top_Silk
  10
0.1742
  20
0.631
  42
1
  0
SEQEND
  0
POLYLINE
  8
Top_Silk
  6
CONTINUOUS
  66
1
  70
0
  40
0.0023
  41
0.0023
  0
VERTEX
  8
Top_Silk
  10
0.1971
  20
0.6497
  42
1
  0
VERTEX
  8
Top_Silk
  10
0.1994
  20
0.6497
  42
1
  0
VERTEX
  8
Top_Silk
  10
0.1971
  20
0.6497
  42
1
  0
SEQEND
  0
POLYLINE
  8
Top_Silk
  6
CONTINUOUS
  66
1
  70
0
  40
0.0046
  41
0.0046
  0
VERTEX
  8
Top_Silk
  10
0.1739
  20
0.6589
  42
0
  0
VERTEX
  8
Top_Silk
  10
0.1724
  20
0.6618
  42
0
  0
VERTEX
  8
Top_Silk
  10
0.1682
  20
0.6661
  42
0
  0
VERTEX
  8
Top_Silk
  10
0.1983
  20
0.6661
  42
0
  0
SEQEND
  0
POLYLINE
  8
Top_Silk
  6
CONTINUOUS
  66
1
  70
0
  40
0.0023
  41
0.0023
  0
VERTEX
  8
Top_Silk
  10
0.1727
  20
0.6589
  42
1
  0
VERTEX
  8
Top_Silk
  10
0.175
  20
0.6589
  42
1
  0
VERTEX
  8
Top_Silk
  10
0.1727
  20
0.6589
  42
1
  0
SEQEND
  0
POLYLINE
  8
Top_Silk
  6
CONTINUOUS
  66
1
  70
0
  40
0.0023
  41
0.0023
  0
VERTEX
  8
Top_Silk
  10
0.1971
  20
0.6661
  42
1
  0
VERTEX
  8
Top_Silk
  10
0.1994
  20
0.6661
  42
1
  0
VERTEX
  8
Top_Silk
  10
0.1971
  20
0.6661
  42
1
  0
SEQEND
  0
POLYLINE
  8
Top_Silk
  6
CONTINUOUS
  66
1
  70
0
  40
0.008
  41
0.008
  0
VERTEX
  8
Top_Silk
  10
3.0279
  20
2.5035
  42
0
  0
VERTEX
  8
Top_Silk
  10
3.1421
  20
2.5035
  42
0
  0
SEQEND
  0
POLYLINE
  8
Top_Silk
  6
CONTINUOUS
  66
1
  70
0
  40
0.008
  41
0.008
  0
VERTEX
  8
Top_Silk
  10
3.0279
  20
2.4365
  42
0
  0
VERTEX
  8
Top_Silk
  10
3.1421
  20
2.4365
  42
0
  0
SEQEND
  0
POLYLINE
  8
Top_Silk
  6
CONTINUOUS
  66
1
  70
0
  40
0.008
  41
0.008
  0
VERTEX
  8
Top_Silk
  10
3.0279
  20
2.4956
  42
0
  0
VERTEX
  8
Top_Silk
  10
3.0279
  20
2.5035
  42
0
  0
SEQEND
  0
POLYLINE
  8
Top_Silk
  6
CONTINUOUS
  66
1
  70
0
  40
0.008
  41
0.008
  0
VERTEX
  8
Top_Silk
  10
3.0279
  20
2.4365
  42
0
  0
VERTEX
  8
Top_Silk
  10
3.0279
  20
2.4444
  42
0
  0
SEQEND
  0
POLYLINE
  8
Top_Silk
  6
CONTINUOUS
  66
1
  70
0
  40
0.008
  41
0.008
  0
VERTEX
  8
Top_Silk
  10
3.1421
  20
2.4956
  42
0
  0
VERTEX
  8
Top_Silk
  10
3.1421
  20
2.5035
  42
0
  0
SEQEND
  0
POLYLINE
  8
Top_Silk
  6
CONTINUOUS
  66
1
  70
0
  40
0.008
  41
0.008
  0
VERTEX
  8
Top_Silk
  10
3.1421
  20
2.4365
  42
0
  0
VERTEX
  8
Top_Silk
  10
3.1421
  20
2.4444
  42
0
  0
SEQEND
  0
POLYLINE
  8
Top_Silk
  6
CONTINUOUS
  66
1
  70
0
  40
0.008
  41
0.008
  0
VERTEX
  8
Top_Silk
  10
3.1047
  20
2.4365
  42
0
  0
VERTEX
  8
Top_Silk
  10
3.1047
  20
2.5035
  42
0
  0
SEQEND
  0
POLYLINE
  8
Top_Silk
  6
CONTINUOUS
  66
1
  70
0
  40
0.0046
  41
0.0046
  0
VERTEX
  8
Top_Silk
  10
2.9764
  20
2.4883
  42
0
  0
VERTEX
  8
Top_Silk
  10
2.9463
  20
2.4883
  42
0
  0
VERTEX
  8
Top_Silk
  10
2.9463
  20
2.4782
  42
0
  0
VERTEX
  8
Top_Silk
  10
2.9477
  20
2.4739
  42
0
  0
VERTEX
  8
Top_Silk
  10
2.9506
  20
2.471
  42
0
  0
VERTEX
  8
Top_Silk
  10
2.9534
  20
2.4696
  42
0
  0
VERTEX
  8
Top_Silk
  10
2.9577
  20
2.4682
  42
0
  0
VERTEX
  8
Top_Silk
  10
2.9649
  20
2.4682
  42
0
  0
VERTEX
  8
Top_Silk
  10
2.9692
  20
2.4696
  42
0
  0
VERTEX
  8
Top_Silk
  10
2.9721
  20
2.471
  42
0
  0
VERTEX
  8
Top_Silk
  10
2.975
  20
2.4739
  42
0
  0
VERTEX
  8
Top_Silk
  10
2.9764
  20
2.4782
  42
0
  0
VERTEX
  8
Top_Silk
  10
2.9764
  20
2.4883
  42
0
  0
SEQEND
  0
POLYLINE
  8
Top_Silk
  6
CONTINUOUS
  66
1
  70
0
  40
0.0023
  41
0.0023
  0
VERTEX
  8
Top_Silk
  10
2.9752
  20
2.4883
  42
1
  0
VERTEX
  8
Top_Silk
  10
2.9776
  20
2.4883
  42
1
  0
VERTEX
  8
Top_Silk
  10
2.9752
  20
2.4883
  42
1
  0
SEQEND
  0
POLYLINE
  8
Top_Silk
  6
CONTINUOUS
  66
1
  70
0
  40
0.0046
  41
0.0046
  0
VERTEX
  8
Top_Silk
  10
2.9706
  20
2.4589
  42
0
  0
VERTEX
  8
Top_Silk
  10
2.9721
  20
2.456
  42
0
  0
VERTEX
  8
Top_Silk
  10
2.9764
  20
2.4517
  42
0
  0
VERTEX
  8
Top_Silk
  10
2.9463
  20
2.4517
  42
0
  0
SEQEND
  0
POLYLINE
  8
Top_Silk
  6
CONTINUOUS
  66
1
  70
0
  40
0.0023
  41
0.0023
  0
VERTEX
  8
Top_Silk
  10
2.9695
  20
2.4589
  42
1
  0
VERTEX
  8
Top_Silk
  10
2.9718
  20
2.4589
  42
1
  0
VERTEX
  8
Top_Silk
  10
2.9695
  20
2.4589
  42
1
  0
SEQEND
  0
POLYLINE
  8
Top_Silk
  6
CONTINUOUS
  66
1
  70
0
  40
0.0023
  41
0.0023
  0
VERTEX
  8
Top_Silk
  10
2.9451
  20
2.4517
  42
1
  0
VERTEX
  8
Top_Silk
  10
2.9474
  20
2.4517
  42
1
  0
VERTEX
  8
Top_Silk
  10
2.9451
  20
2.4517
  42
1
  0
SEQEND
  0
POLYLINE
  8
Top_Silk
  6
CONTINUOUS
  66
1
  70
0
  40
0.0
  41
0.0
  0
VERTEX
  8
Top_Silk
  10
0.38
  20
1.9655
  42
0
  0
VERTEX
  8
Top_Silk
  10
0.379
  20
1.9656
  42
0
  0
VERTEX
  8
Top_Silk
  10
0.378
  20
1.9658
  42
0
  0
VERTEX
  8
Top_Silk
  10
0.3771
  20
1.9661
  42
0
  0
VERTEX
  8
Top_Silk
  10
0.3762
  20
1.9666
  42
0
  0
VERTEX
  8
Top_Silk
  10
0.3753
  20
1.9671
  42
0
  0
VERTEX
  8
Top_Silk
  10
0.3746
  20
1.9678
  42
0
  0
VERTEX
  8
Top_Silk
  10
0.3739
  20
1.9686
  42
0
  0
VERTEX
  8
Top_Silk
  10
0.3733
  20
1.9694
  42
0
  0
VERTEX
  8
Top_Silk
  10
0.3729
  20
1.9703
  42
0
  0
VERTEX
  8
Top_Silk
  10
0.3726
  20
1.9713
  42
0
  0
VERTEX
  8
Top_Silk
  10
0.3724
  20
1.9722
  42
0
  0
VERTEX
  8
Top_Silk
  10
0.3723
  20
1.9733
  42
0
  0
VERTEX
  8
Top_Silk
  10
0.3724
  20
1.9743
  42
0
  0
VERTEX
  8
Top_Silk
  10
0.3726
  20
1.9752
  42
0
  0
VERTEX
  8
Top_Silk
  10
0.3729
  20
1.9762
  42
0
  0
VERTEX
  8
Top_Silk
  10
0.3733
  20
1.9771
  42
0
  0
VERTEX
  8
Top_Silk
  10
0.3739
  20
1.9779
  42
0
  0
VERTEX
  8
Top_Silk
  10
0.3746
  20
1.9787
  42
0
  0
VERTEX
  8
Top_Silk
  10
0.3753
  20
1.9794
  42
0
  0
VERTEX
  8
Top_Silk
  10
0.3762
  20
1.9799
  42
0
  0
VERTEX
  8
Top_Silk
  10
0.3771
  20
1.9804
  42
0
  0
VERTEX
  8
Top_Silk
  10
0.378
  20
1.9807
  42
0
  0
VERTEX
  8
Top_Silk
  10
0.379
  20
1.9809
  42
0
  0
VERTEX
  8
Top_Silk
  10
0.38
  20
1.981
  42
0
  0
VERTEX
  8
Top_Silk
  10
0.38
  20
1.981
  42
0
  0
VERTEX
  8
Top_Silk
  10
0.381
  20
1.9809
  42
0
  0
VERTEX
  8
Top_Silk
  10
0.382
  20
1.9807
  42
0
  0
VERTEX
  8
Top_Silk
  10
0.383
  20
1.9804
  42
0
  0
VERTEX
  8
Top_Silk
  10
0.3839
  20
1.9799
  42
0
  0
VERTEX
  8
Top_Silk
  10
0.3847
  20
1.9794
  42
0
  0
VERTEX
  8
Top_Silk
  10
0.3855
  20
1.9787
  42
0
  0
VERTEX
  8
Top_Silk
  10
0.3861
  20
1.9779
  42
0
  0
VERTEX
  8
Top_Silk
  10
0.3867
  20
1.9771
  42
0
  0
VERTEX
  8
Top_Silk
  10
0.3871
  20
1.9762
  42
0
  0
VERTEX
  8
Top_Silk
  10
0.3875
  20
1.9752
  42
0
  0
VERTEX
  8
Top_Silk
  10
0.3877
  20
1.9743
  42
0
  0
VERTEX
  8
Top_Silk
  10
0.3877
  20
1.9733
  42
0
  0
VERTEX
  8
Top_Silk
  10
0.3877
  20
1.9722
  42
0
  0
VERTEX
  8
Top_Silk
  10
0.3875
  20
1.9713
  42
0
  0
VERTEX
  8
Top_Silk
  10
0.3871
  20
1.9703
  42
0
  0
VERTEX
  8
Top_Silk
  10
0.3867
  20
1.9694
  42
0
  0
VERTEX
  8
Top_Silk
  10
0.3861
  20
1.9686
  42
0
  0
VERTEX
  8
Top_Silk
  10
0.3855
  20
1.9678
  42
0
  0
VERTEX
  8
Top_Silk
  10
0.3847
  20
1.9671
  42
0
  0
VERTEX
  8
Top_Silk
  10
0.3839
  20
1.9666
  42
0
  0
VERTEX
  8
Top_Silk
  10
0.383
  20
1.9661
  42
0
  0
VERTEX
  8
Top_Silk
  10
0.382
  20
1.9658
  42
0
  0
VERTEX
  8
Top_Silk
  10
0.381
  20
1.9656
  42
0
  0
VERTEX
  8
Top_Silk
  10
0.38
  20
1.9655
  42
0
  0
VERTEX
  8
Top_Silk
  10
0.38
  20
1.9655
  42
0
  0
SEQEND
  0
POLYLINE
  8
Top_Silk
  6
CONTINUOUS
  66
1
  70
0
  40
0.008
  41
0.008
  0
VERTEX
  8
Top_Silk
  10
0.4302
  20
1.964
  42
0
  0
VERTEX
  8
Top_Silk
  10
0.4302
  20
1.8459
  42
0
  0
SEQEND
  0
POLYLINE
  8
Top_Silk
  6
CONTINUOUS
  66
1
  70
0
  40
0.008
  41
0.008
  0
VERTEX
  8
Top_Silk
  10
0.4302
  20
1.8459
  42
0
  0
VERTEX
  8
Top_Silk
  10
0.4498
  20
1.8459
  42
0
  0
SEQEND
  0
POLYLINE
  8
Top_Silk
  6
CONTINUOUS
  66
1
  70
0
  40
0.008
  41
0.008
  0
VERTEX
  8
Top_Silk
  10
0.4498
  20
1.8459
  42
0
  0
VERTEX
  8
Top_Silk
  10
0.4498
  20
1.964
  42
0
  0
SEQEND
  0
POLYLINE
  8
Top_Silk
  6
CONTINUOUS
  66
1
  70
0
  40
0.008
  41
0.008
  0
VERTEX
  8
Top_Silk
  10
0.4498
  20
1.964
  42
0
  0
VERTEX
  8
Top_Silk
  10
0.4302
  20
1.964
  42
0
  0
SEQEND
  0
POLYLINE
  8
Top_Silk
  6
CONTINUOUS
  66
1
  70
0
  40
0.0046
  41
0.0046
  0
VERTEX
  8
Top_Silk
  10
0.3894
  20
1.8349
  42
0
  0
VERTEX
  8
Top_Silk
  10
0.3894
  20
1.8047
  42
0
  0
VERTEX
  8
Top_Silk
  10
0.3994
  20
1.8047
  42
0
  0
VERTEX
  8
Top_Silk
  10
0.4038
  20
1.8062
  42
0
  0
VERTEX
  8
Top_Silk
  10
0.4066
  20
1.8091
  42
0
  0
VERTEX
  8
Top_Silk
  10
0.4081
  20
1.8119
  42
0
  0
VERTEX
  8
Top_Silk
  10
0.4095
  20
1.8162
  42
0
  0
VERTEX
  8
Top_Silk
  10
0.4095
  20
1.8234
  42
0
  0
VERTEX
  8
Top_Silk
  10
0.4081
  20
1.8277
  42
0
  0
VERTEX
  8
Top_Silk
  10
0.4066
  20
1.8306
  42
0
  0
VERTEX
  8
Top_Silk
  10
0.4038
  20
1.8335
  42
0
  0
VERTEX
  8
Top_Silk
  10
0.3994
  20
1.8349
  42
0
  0
VERTEX
  8
Top_Silk
  10
0.3894
  20
1.8349
  42
0
  0
SEQEND
  0
POLYLINE
  8
Top_Silk
  6
CONTINUOUS
  66
1
  70
0
  40
0.0023
  41
0.0023
  0
VERTEX
  8
Top_Silk
  10
0.3882
  20
1.8349
  42
1
  0
VERTEX
  8
Top_Silk
  10
0.3906
  20
1.8349
  42
1
  0
VERTEX
  8
Top_Silk
  10
0.3882
  20
1.8349
  42
1
  0
SEQEND
  0
POLYLINE
  8
Top_Silk
  6
CONTINUOUS
  66
1
  70
0
  40
0.0046
  41
0.0046
  0
VERTEX
  8
Top_Silk
  10
0.4202
  20
1.8277
  42
0
  0
VERTEX
  8
Top_Silk
  10
0.4202
  20
1.8291
  42
0
  0
VERTEX
  8
Top_Silk
  10
0.4216
  20
1.832
  42
0
  0
VERTEX
  8
Top_Silk
  10
0.4231
  20
1.8334
  42
0
  0
VERTEX
  8
Top_Silk
  10
0.426
  20
1.8349
  42
0
  0
VERTEX
  8
Top_Silk
  10
0.4317
  20
1.8349
  42
0
  0
VERTEX
  8
Top_Silk
  10
0.4345
  20
1.8334
  42
0
  0
VERTEX
  8
Top_Silk
  10
0.436
  20
1.832
  42
0
  0
VERTEX
  8
Top_Silk
  10
0.4374
  20
1.8291
  42
0
  0
VERTEX
  8
Top_Silk
  10
0.4374
  20
1.8263
  42
0
  0
VERTEX
  8
Top_Silk
  10
0.436
  20
1.8234
  42
0
  0
VERTEX
  8
Top_Silk
  10
0.4331
  20
1.8191
  42
0
  0
VERTEX
  8
Top_Silk
  10
0.4188
  20
1.8047
  42
0
  0
VERTEX
  8
Top_Silk
  10
0.4389
  20
1.8047
  42
0
  0
SEQEND
  0
POLYLINE
  8
Top_Silk
  6
CONTINUOUS
  66
1
  70
0
  40
0.0023
  41
0.0023
  0
VERTEX
  8
Top_Silk
  10
0.4191
  20
1.8277
  42
1
  0
VERTEX
  8
Top_Silk
  10
0.4214
  20
1.8277
  42
1
  0
VERTEX
  8
Top_Silk
  10
0.4191
  20
1.8277
  42
1
  0
SEQEND
  0
POLYLINE
  8
Top_Silk
  6
CONTINUOUS
  66
1
  70
0
  40
0.0023
  41
0.0023
  0
VERTEX
  8
Top_Silk
  10
0.4377
  20
1.8047
  42
1
  0
VERTEX
  8
Top_Silk
  10
0.44
  20
1.8047
  42
1
  0
VERTEX
  8
Top_Silk
  10
0.4377
  20
1.8047
  42
1
  0
SEQEND
  0
POLYLINE
  8
Top_Silk
  6
CONTINUOUS
  66
1
  70
0
  40
0.0
  41
0.0
  0
VERTEX
  8
Top_Silk
  10
3.3305
  20
0.65
  42
0
  0
VERTEX
  8
Top_Silk
  10
3.3306
  20
0.651
  42
0
  0
VERTEX
  8
Top_Silk
  10
3.3308
  20
0.652
  42
0
  0
VERTEX
  8
Top_Silk
  10
3.3311
  20
0.6529
  42
0
  0
VERTEX
  8
Top_Silk
  10
3.3316
  20
0.6538
  42
0
  0
VERTEX
  8
Top_Silk
  10
3.3321
  20
0.6547
  42
0
  0
VERTEX
  8
Top_Silk
  10
3.3328
  20
0.6554
  42
0
  0
VERTEX
  8
Top_Silk
  10
3.3336
  20
0.6561
  42
0
  0
VERTEX
  8
Top_Silk
  10
3.3344
  20
0.6567
  42
0
  0
VERTEX
  8
Top_Silk
  10
3.3353
  20
0.6571
  42
0
  0
VERTEX
  8
Top_Silk
  10
3.3363
  20
0.6574
  42
0
  0
VERTEX
  8
Top_Silk
  10
3.3372
  20
0.6576
  42
0
  0
VERTEX
  8
Top_Silk
  10
3.3382
  20
0.6577
  42
0
  0
VERTEX
  8
Top_Silk
  10
3.3393
  20
0.6576
  42
0
  0
VERTEX
  8
Top_Silk
  10
3.3402
  20
0.6574
  42
0
  0
VERTEX
  8
Top_Silk
  10
3.3412
  20
0.6571
  42
0
  0
VERTEX
  8
Top_Silk
  10
3.3421
  20
0.6567
  42
0
  0
VERTEX
  8
Top_Silk
  10
3.3429
  20
0.6561
  42
0
  0
VERTEX
  8
Top_Silk
  10
3.3437
  20
0.6554
  42
0
  0
VERTEX
  8
Top_Silk
  10
3.3444
  20
0.6547
  42
0
  0
VERTEX
  8
Top_Silk
  10
3.3449
  20
0.6538
  42
0
  0
VERTEX
  8
Top_Silk
  10
3.3454
  20
0.6529
  42
0
  0
VERTEX
  8
Top_Silk
  10
3.3457
  20
0.652
  42
0
  0
VERTEX
  8
Top_Silk
  10
3.3459
  20
0.651
  42
0
  0
VERTEX
  8
Top_Silk
  10
3.3459
  20
0.65
  42
0
  0
VERTEX
  8
Top_Silk
  10
3.3459
  20
0.65
  42
0
  0
VERTEX
  8
Top_Silk
  10
3.3459
  20
0.649
  42
0
  0
VERTEX
  8
Top_Silk
  10
3.3457
  20
0.648
  42
0
  0
VERTEX
  8
Top_Silk
  10
3.3454
  20
0.647
  42
0
  0
VERTEX
  8
Top_Silk
  10
3.3449
  20
0.6461
  42
0
  0
VERTEX
  8
Top_Silk
  10
3.3444
  20
0.6453
  42
0
  0
VERTEX
  8
Top_Silk
  10
3.3437
  20
0.6445
  42
0
  0
VERTEX
  8
Top_Silk
  10
3.3429
  20
0.6439
  42
0
  0
VERTEX
  8
Top_Silk
  10
3.3421
  20
0.6433
  42
0
  0
VERTEX
  8
Top_Silk
  10
3.3412
  20
0.6429
  42
0
  0
VERTEX
  8
Top_Silk
  10
3.3402
  20
0.6425
  42
0
  0
VERTEX
  8
Top_Silk
  10
3.3393
  20
0.6423
  42
0
  0
VERTEX
  8
Top_Silk
  10
3.3382
  20
0.6423
  42
0
  0
VERTEX
  8
Top_Silk
  10
3.3372
  20
0.6423
  42
0
  0
VERTEX
  8
Top_Silk
  10
3.3363
  20
0.6425
  42
0
  0
VERTEX
  8
Top_Silk
  10
3.3353
  20
0.6429
  42
0
  0
VERTEX
  8
Top_Silk
  10
3.3344
  20
0.6433
  42
0
  0
VERTEX
  8
Top_Silk
  10
3.3336
  20
0.6439
  42
0
  0
VERTEX
  8
Top_Silk
  10
3.3328
  20
0.6445
  42
0
  0
VERTEX
  8
Top_Silk
  10
3.3321
  20
0.6453
  42
0
  0
VERTEX
  8
Top_Silk
  10
3.3316
  20
0.6461
  42
0
  0
VERTEX
  8
Top_Silk
  10
3.3311
  20
0.647
  42
0
  0
VERTEX
  8
Top_Silk
  10
3.3308
  20
0.648
  42
0
  0
VERTEX
  8
Top_Silk
  10
3.3306
  20
0.649
  42
0
  0
VERTEX
  8
Top_Silk
  10
3.3305
  20
0.65
  42
0
  0
VERTEX
  8
Top_Silk
  10
3.3305
  20
0.65
  42
0
  0
SEQEND
  0
POLYLINE
  8
Top_Silk
  6
CONTINUOUS
  66
1
  70
0
  40
0.008
  41
0.008
  0
VERTEX
  8
Top_Silk
  10
3.329
  20
0.5998
  42
0
  0
VERTEX
  8
Top_Silk
  10
3.2109
  20
0.5998
  42
0
  0
SEQEND
  0
POLYLINE
  8
Top_Silk
  6
CONTINUOUS
  66
1
  70
0
  40
0.008
  41
0.008
  0
VERTEX
  8
Top_Silk
  10
3.2109
  20
0.5998
  42
0
  0
VERTEX
  8
Top_Silk
  10
3.2109
  20
0.5802
  42
0
  0
SEQEND
  0
POLYLINE
  8
Top_Silk
  6
CONTINUOUS
  66
1
  70
0
  40
0.008
  41
0.008
  0
VERTEX
  8
Top_Silk
  10
3.2109
  20
0.5802
  42
0
  0
VERTEX
  8
Top_Silk
  10
3.3291
  20
0.5802
  42
0
  0
SEQEND
  0
POLYLINE
  8
Top_Silk
  6
CONTINUOUS
  66
1
  70
0
  40
0.008
  41
0.008
  0
VERTEX
  8
Top_Silk
  10
3.3291
  20
0.5802
  42
0
  0
VERTEX
  8
Top_Silk
  10
3.329
  20
0.5998
  42
0
  0
SEQEND
  0
POLYLINE
  8
Top_Silk
  6
CONTINUOUS
  66
1
  70
0
  40
0.0046
  41
0.0046
  0
VERTEX
  8
Top_Silk
  10
3.1433
  20
0.6069
  42
0
  0
VERTEX
  8
Top_Silk
  10
3.1433
  20
0.5767
  42
0
  0
VERTEX
  8
Top_Silk
  10
3.1533
  20
0.5767
  42
0
  0
VERTEX
  8
Top_Silk
  10
3.1576
  20
0.5782
  42
0
  0
VERTEX
  8
Top_Silk
  10
3.1605
  20
0.581
  42
0
  0
VERTEX
  8
Top_Silk
  10
3.162
  20
0.5839
  42
0
  0
VERTEX
  8
Top_Silk
  10
3.1634
  20
0.5882
  42
0
  0
VERTEX
  8
Top_Silk
  10
3.1634
  20
0.5954
  42
0
  0
VERTEX
  8
Top_Silk
  10
3.1619
  20
0.5997
  42
0
  0
VERTEX
  8
Top_Silk
  10
3.1605
  20
0.6026
  42
0
  0
VERTEX
  8
Top_Silk
  10
3.1576
  20
0.6055
  42
0
  0
VERTEX
  8
Top_Silk
  10
3.1533
  20
0.6069
  42
0
  0
VERTEX
  8
Top_Silk
  10
3.1433
  20
0.6069
  42
0
  0
SEQEND
  0
POLYLINE
  8
Top_Silk
  6
CONTINUOUS
  66
1
  70
0
  40
0.0023
  41
0.0023
  0
VERTEX
  8
Top_Silk
  10
3.1421
  20
0.6069
  42
1
  0
VERTEX
  8
Top_Silk
  10
3.1444
  20
0.6069
  42
1
  0
VERTEX
  8
Top_Silk
  10
3.1421
  20
0.6069
  42
1
  0
SEQEND
  0
POLYLINE
  8
Top_Silk
  6
CONTINUOUS
  66
1
  70
0
  40
0.0046
  41
0.0046
  0
VERTEX
  8
Top_Silk
  10
3.1755
  20
0.6068
  42
0
  0
VERTEX
  8
Top_Silk
  10
3.1913
  20
0.6068
  42
0
  0
VERTEX
  8
Top_Silk
  10
3.1827
  20
0.5954
  42
0
  0
VERTEX
  8
Top_Silk
  10
3.187
  20
0.5954
  42
0
  0
VERTEX
  8
Top_Silk
  10
3.1899
  20
0.5939
  42
0
  0
VERTEX
  8
Top_Silk
  10
3.1913
  20
0.5925
  42
0
  0
VERTEX
  8
Top_Silk
  10
3.1927
  20
0.5882
  42
0
  0
VERTEX
  8
Top_Silk
  10
3.1927
  20
0.5854
  42
0
  0
VERTEX
  8
Top_Silk
  10
3.1913
  20
0.581
  42
0
  0
VERTEX
  8
Top_Silk
  10
3.1884
  20
0.5782
  42
0
  0
VERTEX
  8
Top_Silk
  10
3.1841
  20
0.5767
  42
0
  0
VERTEX
  8
Top_Silk
  10
3.1798
  20
0.5767
  42
0
  0
VERTEX
  8
Top_Silk
  10
3.1755
  20
0.5782
  42
0
  0
VERTEX
  8
Top_Silk
  10
3.1741
  20
0.5796
  42
0
  0
VERTEX
  8
Top_Silk
  10
3.1726
  20
0.5825
  42
0
  0
SEQEND
  0
POLYLINE
  8
Top_Silk
  6
CONTINUOUS
  66
1
  70
0
  40
0.0023
  41
0.0023
  0
VERTEX
  8
Top_Silk
  10
3.1744
  20
0.6068
  42
1
  0
VERTEX
  8
Top_Silk
  10
3.1767
  20
0.6068
  42
1
  0
VERTEX
  8
Top_Silk
  10
3.1744
  20
0.6068
  42
1
  0
SEQEND
  0
POLYLINE
  8
Top_Silk
  6
CONTINUOUS
  66
1
  70
0
  40
0.0023
  41
0.0023
  0
VERTEX
  8
Top_Silk
  10
3.1715
  20
0.5825
  42
1
  0
VERTEX
  8
Top_Silk
  10
3.1738
  20
0.5825
  42
1
  0
VERTEX
  8
Top_Silk
  10
3.1715
  20
0.5825
  42
1
  0
SEQEND
  0
POLYLINE
  8
Top_Silk
  6
CONTINUOUS
  66
1
  70
0
  40
0.0
  41
0.0
  0
VERTEX
  8
Top_Silk
  10
3.3895
  20
1.1
  42
0
  0
VERTEX
  8
Top_Silk
  10
3.3894
  20
1.099
  42
0
  0
VERTEX
  8
Top_Silk
  10
3.3892
  20
1.098
  42
0
  0
VERTEX
  8
Top_Silk
  10
3.3889
  20
1.0971
  42
0
  0
VERTEX
  8
Top_Silk
  10
3.3884
  20
1.0962
  42
0
  0
VERTEX
  8
Top_Silk
  10
3.3879
  20
1.0953
  42
0
  0
VERTEX
  8
Top_Silk
  10
3.3872
  20
1.0946
  42
0
  0
VERTEX
  8
Top_Silk
  10
3.3864
  20
1.0939
  42
0
  0
VERTEX
  8
Top_Silk
  10
3.3856
  20
1.0933
  42
0
  0
VERTEX
  8
Top_Silk
  10
3.3847
  20
1.0929
  42
0
  0
VERTEX
  8
Top_Silk
  10
3.3837
  20
1.0926
  42
0
  0
VERTEX
  8
Top_Silk
  10
3.3828
  20
1.0924
  42
0
  0
VERTEX
  8
Top_Silk
  10
3.3818
  20
1.0923
  42
0
  0
VERTEX
  8
Top_Silk
  10
3.3807
  20
1.0924
  42
0
  0
VERTEX
  8
Top_Silk
  10
3.3798
  20
1.0926
  42
0
  0
VERTEX
  8
Top_Silk
  10
3.3788
  20
1.0929
  42
0
  0
VERTEX
  8
Top_Silk
  10
3.3779
  20
1.0933
  42
0
  0
VERTEX
  8
Top_Silk
  10
3.3771
  20
1.0939
  42
0
  0
VERTEX
  8
Top_Silk
  10
3.3763
  20
1.0946
  42
0
  0
VERTEX
  8
Top_Silk
  10
3.3756
  20
1.0953
  42
0
  0
VERTEX
  8
Top_Silk
  10
3.3751
  20
1.0962
  42
0
  0
VERTEX
  8
Top_Silk
  10
3.3746
  20
1.0971
  42
0
  0
VERTEX
  8
Top_Silk
  10
3.3743
  20
1.098
  42
0
  0
VERTEX
  8
Top_Silk
  10
3.3741
  20
1.099
  42
0
  0
VERTEX
  8
Top_Silk
  10
3.374
  20
1.1
  42
0
  0
VERTEX
  8
Top_Silk
  10
3.374
  20
1.1
  42
0
  0
VERTEX
  8
Top_Silk
  10
3.3741
  20
1.101
  42
0
  0
VERTEX
  8
Top_Silk
  10
3.3743
  20
1.102
  42
0
  0
VERTEX
  8
Top_Silk
  10
3.3746
  20
1.103
  42
0
  0
VERTEX
  8
Top_Silk
  10
3.3751
  20
1.1039
  42
0
  0
VERTEX
  8
Top_Silk
  10
3.3756
  20
1.1047
  42
0
  0
VERTEX
  8
Top_Silk
  10
3.3763
  20
1.1055
  42
0
  0
VERTEX
  8
Top_Silk
  10
3.3771
  20
1.1061
  42
0
  0
VERTEX
  8
Top_Silk
  10
3.3779
  20
1.1067
  42
0
  0
VERTEX
  8
Top_Silk
  10
3.3788
  20
1.1071
  42
0
  0
VERTEX
  8
Top_Silk
  10
3.3798
  20
1.1075
  42
0
  0
VERTEX
  8
Top_Silk
  10
3.3807
  20
1.1077
  42
0
  0
VERTEX
  8
Top_Silk
  10
3.3818
  20
1.1077
  42
0
  0
VERTEX
  8
Top_Silk
  10
3.3828
  20
1.1077
  42
0
  0
VERTEX
  8
Top_Silk
  10
3.3837
  20
1.1075
  42
0
  0
VERTEX
  8
Top_Silk
  10
3.3847
  20
1.1071
  42
0
  0
VERTEX
  8
Top_Silk
  10
3.3856
  20
1.1067
  42
0
  0
VERTEX
  8
Top_Silk
  10
3.3864
  20
1.1061
  42
0
  0
VERTEX
  8
Top_Silk
  10
3.3872
  20
1.1055
  42
0
  0
VERTEX
  8
Top_Silk
  10
3.3879
  20
1.1047
  42
0
  0
VERTEX
  8
Top_Silk
  10
3.3884
  20
1.1039
  42
0
  0
VERTEX
  8
Top_Silk
  10
3.3889
  20
1.103
  42
0
  0
VERTEX
  8
Top_Silk
  10
3.3892
  20
1.102
  42
0
  0
VERTEX
  8
Top_Silk
  10
3.3894
  20
1.101
  42
0
  0
VERTEX
  8
Top_Silk
  10
3.3895
  20
1.1
  42
0
  0
VERTEX
  8
Top_Silk
  10
3.3895
  20
1.1
  42
0
  0
SEQEND
  0
POLYLINE
  8
Top_Silk
  6
CONTINUOUS
  66
1
  70
0
  40
0.008
  41
0.008
  0
VERTEX
  8
Top_Silk
  10
3.391
  20
1.1502
  42
0
  0
VERTEX
  8
Top_Silk
  10
3.5091
  20
1.1502
  42
0
  0
SEQEND
  0
POLYLINE
  8
Top_Silk
  6
CONTINUOUS
  66
1
  70
0
  40
0.008
  41
0.008
  0
VERTEX
  8
Top_Silk
  10
3.5091
  20
1.1502
  42
0
  0
VERTEX
  8
Top_Silk
  10
3.5091
  20
1.1698
  42
0
  0
SEQEND
  0
POLYLINE
  8
Top_Silk
  6
CONTINUOUS
  66
1
  70
0
  40
0.008
  41
0.008
  0
VERTEX
  8
Top_Silk
  10
3.5091
  20
1.1698
  42
0
  0
VERTEX
  8
Top_Silk
  10
3.3909
  20
1.1698
  42
0
  0
SEQEND
  0
POLYLINE
  8
Top_Silk
  6
CONTINUOUS
  66
1
  70
0
  40
0.008
  41
0.008
  0
VERTEX
  8
Top_Silk
  10
3.3909
  20
1.1698
  42
0
  0
VERTEX
  8
Top_Silk
  10
3.391
  20
1.1502
  42
0
  0
SEQEND
  0
POLYLINE
  8
Top_Silk
  6
CONTINUOUS
  66
1
  70
0
  40
0.0046
  41
0.0046
  0
VERTEX
  8
Top_Silk
  10
3.3573
  20
1.211
  42
0
  0
VERTEX
  8
Top_Silk
  10
3.3573
  20
1.1809
  42
0
  0
VERTEX
  8
Top_Silk
  10
3.3673
  20
1.1809
  42
0
  0
VERTEX
  8
Top_Silk
  10
3.3716
  20
1.1823
  42
0
  0
VERTEX
  8
Top_Silk
  10
3.3745
  20
1.1852
  42
0
  0
VERTEX
  8
Top_Silk
  10
3.3759
  20
1.1881
  42
0
  0
VERTEX
  8
Top_Silk
  10
3.3774
  20
1.1923
  42
0
  0
VERTEX
  8
Top_Silk
  10
3.3774
  20
1.1995
  42
0
  0
VERTEX
  8
Top_Silk
  10
3.3759
  20
1.2038
  42
0
  0
VERTEX
  8
Top_Silk
  10
3.3745
  20
1.2067
  42
0
  0
VERTEX
  8
Top_Silk
  10
3.3716
  20
1.2096
  42
0
  0
VERTEX
  8
Top_Silk
  10
3.3673
  20
1.211
  42
0
  0
VERTEX
  8
Top_Silk
  10
3.3573
  20
1.211
  42
0
  0
SEQEND
  0
POLYLINE
  8
Top_Silk
  6
CONTINUOUS
  66
1
  70
0
  40
0.0023
  41
0.0023
  0
VERTEX
  8
Top_Silk
  10
3.3561
  20
1.211
  42
1
  0
VERTEX
  8
Top_Silk
  10
3.3584
  20
1.211
  42
1
  0
VERTEX
  8
Top_Silk
  10
3.3561
  20
1.211
  42
1
  0
SEQEND
  0
POLYLINE
  8
Top_Silk
  6
CONTINUOUS
  66
1
  70
0
  40
0.0046
  41
0.0046
  0
VERTEX
  8
Top_Silk
  10
3.4038
  20
1.211
  42
0
  0
VERTEX
  8
Top_Silk
  10
3.3895
  20
1.211
  42
0
  0
VERTEX
  8
Top_Silk
  10
3.3881
  20
1.1981
  42
0
  0
VERTEX
  8
Top_Silk
  10
3.3895
  20
1.1995
  42
0
  0
VERTEX
  8
Top_Silk
  10
3.3938
  20
1.201
  42
0
  0
VERTEX
  8
Top_Silk
  10
3.3981
  20
1.201
  42
0
  0
VERTEX
  8
Top_Silk
  10
3.4024
  20
1.1995
  42
0
  0
VERTEX
  8
Top_Silk
  10
3.4053
  20
1.1966
  42
0
  0
VERTEX
  8
Top_Silk
  10
3.4067
  20
1.1923
  42
0
  0
VERTEX
  8
Top_Silk
  10
3.4067
  20
1.1895
  42
0
  0
VERTEX
  8
Top_Silk
  10
3.4053
  20
1.1852
  42
0
  0
VERTEX
  8
Top_Silk
  10
3.4024
  20
1.1823
  42
0
  0
VERTEX
  8
Top_Silk
  10
3.3981
  20
1.1809
  42
0
  0
VERTEX
  8
Top_Silk
  10
3.3938
  20
1.1809
  42
0
  0
VERTEX
  8
Top_Silk
  10
3.3895
  20
1.1823
  42
0
  0
VERTEX
  8
Top_Silk
  10
3.3881
  20
1.1837
  42
0
  0
VERTEX
  8
Top_Silk
  10
3.3866
  20
1.1866
  42
0
  0
SEQEND
  0
POLYLINE
  8
Top_Silk
  6
CONTINUOUS
  66
1
  70
0
  40
0.0023
  41
0.0023
  0
VERTEX
  8
Top_Silk
  10
3.4027
  20
1.211
  42
1
  0
VERTEX
  8
Top_Silk
  10
3.405
  20
1.211
  42
1
  0
VERTEX
  8
Top_Silk
  10
3.4027
  20
1.211
  42
1
  0
SEQEND
  0
POLYLINE
  8
Top_Silk
  6
CONTINUOUS
  66
1
  70
0
  40
0.0023
  41
0.0023
  0
VERTEX
  8
Top_Silk
  10
3.3855
  20
1.1866
  42
1
  0
VERTEX
  8
Top_Silk
  10
3.3878
  20
1.1866
  42
1
  0
VERTEX
  8
Top_Silk
  10
3.3855
  20
1.1866
  42
1
  0
SEQEND
  0
POLYLINE
  8
Top_Silk
  6
CONTINUOUS
  66
1
  70
0
  40
0.0
  41
0.0
  0
VERTEX
  8
Top_Silk
  10
1.8705
  20
2.865
  42
0
  0
VERTEX
  8
Top_Silk
  10
1.8706
  20
2.866
  42
0
  0
VERTEX
  8
Top_Silk
  10
1.8708
  20
2.867
  42
0
  0
VERTEX
  8
Top_Silk
  10
1.8711
  20
2.8679
  42
0
  0
VERTEX
  8
Top_Silk
  10
1.8716
  20
2.8688
  42
0
  0
VERTEX
  8
Top_Silk
  10
1.8721
  20
2.8697
  42
0
  0
VERTEX
  8
Top_Silk
  10
1.8728
  20
2.8704
  42
0
  0
VERTEX
  8
Top_Silk
  10
1.8736
  20
2.8711
  42
0
  0
VERTEX
  8
Top_Silk
  10
1.8744
  20
2.8717
  42
0
  0
VERTEX
  8
Top_Silk
  10
1.8753
  20
2.8721
  42
0
  0
VERTEX
  8
Top_Silk
  10
1.8763
  20
2.8724
  42
0
  0
VERTEX
  8
Top_Silk
  10
1.8772
  20
2.8726
  42
0
  0
VERTEX
  8
Top_Silk
  10
1.8783
  20
2.8727
  42
0
  0
VERTEX
  8
Top_Silk
  10
1.8793
  20
2.8726
  42
0
  0
VERTEX
  8
Top_Silk
  10
1.8802
  20
2.8724
  42
0
  0
VERTEX
  8
Top_Silk
  10
1.8812
  20
2.8721
  42
0
  0
VERTEX
  8
Top_Silk
  10
1.8821
  20
2.8717
  42
0
  0
VERTEX
  8
Top_Silk
  10
1.8829
  20
2.8711
  42
0
  0
VERTEX
  8
Top_Silk
  10
1.8837
  20
2.8704
  42
0
  0
VERTEX
  8
Top_Silk
  10
1.8844
  20
2.8697
  42
0
  0
VERTEX
  8
Top_Silk
  10
1.8849
  20
2.8688
  42
0
  0
VERTEX
  8
Top_Silk
  10
1.8854
  20
2.8679
  42
0
  0
VERTEX
  8
Top_Silk
  10
1.8857
  20
2.867
  42
0
  0
VERTEX
  8
Top_Silk
  10
1.8859
  20
2.866
  42
0
  0
VERTEX
  8
Top_Silk
  10
1.886
  20
2.865
  42
0
  0
VERTEX
  8
Top_Silk
  10
1.886
  20
2.865
  42
0
  0
VERTEX
  8
Top_Silk
  10
1.8859
  20
2.864
  42
0
  0
VERTEX
  8
Top_Silk
  10
1.8857
  20
2.863
  42
0
  0
VERTEX
  8
Top_Silk
  10
1.8854
  20
2.862
  42
0
  0
VERTEX
  8
Top_Silk
  10
1.8849
  20
2.8611
  42
0
  0
VERTEX
  8
Top_Silk
  10
1.8844
  20
2.8603
  42
0
  0
VERTEX
  8
Top_Silk
  10
1.8837
  20
2.8595
  42
0
  0
VERTEX
  8
Top_Silk
  10
1.8829
  20
2.8589
  42
0
  0
VERTEX
  8
Top_Silk
  10
1.8821
  20
2.8583
  42
0
  0
VERTEX
  8
Top_Silk
  10
1.8812
  20
2.8579
  42
0
  0
VERTEX
  8
Top_Silk
  10
1.8802
  20
2.8575
  42
0
  0
VERTEX
  8
Top_Silk
  10
1.8793
  20
2.8573
  42
0
  0
VERTEX
  8
Top_Silk
  10
1.8783
  20
2.8573
  42
0
  0
VERTEX
  8
Top_Silk
  10
1.8772
  20
2.8573
  42
0
  0
VERTEX
  8
Top_Silk
  10
1.8763
  20
2.8575
  42
0
  0
VERTEX
  8
Top_Silk
  10
1.8753
  20
2.8579
  42
0
  0
VERTEX
  8
Top_Silk
  10
1.8744
  20
2.8583
  42
0
  0
VERTEX
  8
Top_Silk
  10
1.8736
  20
2.8589
  42
0
  0
VERTEX
  8
Top_Silk
  10
1.8728
  20
2.8595
  42
0
  0
VERTEX
  8
Top_Silk
  10
1.8721
  20
2.8603
  42
0
  0
VERTEX
  8
Top_Silk
  10
1.8716
  20
2.8611
  42
0
  0
VERTEX
  8
Top_Silk
  10
1.8711
  20
2.862
  42
0
  0
VERTEX
  8
Top_Silk
  10
1.8708
  20
2.863
  42
0
  0
VERTEX
  8
Top_Silk
  10
1.8706
  20
2.864
  42
0
  0
VERTEX
  8
Top_Silk
  10
1.8705
  20
2.865
  42
0
  0
VERTEX
  8
Top_Silk
  10
1.8705
  20
2.865
  42
0
  0
SEQEND
  0
POLYLINE
  8
Top_Silk
  6
CONTINUOUS
  66
1
  70
0
  40
0.008
  41
0.008
  0
VERTEX
  8
Top_Silk
  10
1.869
  20
2.8148
  42
0
  0
VERTEX
  8
Top_Silk
  10
1.7509
  20
2.8148
  42
0
  0
SEQEND
  0
POLYLINE
  8
Top_Silk
  6
CONTINUOUS
  66
1
  70
0
  40
0.008
  41
0.008
  0
VERTEX
  8
Top_Silk
  10
1.7509
  20
2.8148
  42
0
  0
VERTEX
  8
Top_Silk
  10
1.7509
  20
2.7952
  42
0
  0
SEQEND
  0
POLYLINE
  8
Top_Silk
  6
CONTINUOUS
  66
1
  70
0
  40
0.008
  41
0.008
  0
VERTEX
  8
Top_Silk
  10
1.7509
  20
2.7952
  42
0
  0
VERTEX
  8
Top_Silk
  10
1.869
  20
2.7952
  42
0
  0
SEQEND
  0
POLYLINE
  8
Top_Silk
  6
CONTINUOUS
  66
1
  70
0
  40
0.008
  41
0.008
  0
VERTEX
  8
Top_Silk
  10
1.869
  20
2.7952
  42
0
  0
VERTEX
  8
Top_Silk
  10
1.869
  20
2.8148
  42
0
  0
SEQEND
  0
POLYLINE
  8
Top_Silk
  6
CONTINUOUS
  66
1
  70
0
  40
0.0046
  41
0.0046
  0
VERTEX
  8
Top_Silk
  10
1.7633
  20
2.9128
  42
0
  0
VERTEX
  8
Top_Silk
  10
1.7633
  20
2.8826
  42
0
  0
VERTEX
  8
Top_Silk
  10
1.7733
  20
2.8826
  42
0
  0
VERTEX
  8
Top_Silk
  10
1.7776
  20
2.8841
  42
0
  0
VERTEX
  8
Top_Silk
  10
1.7805
  20
2.8869
  42
0
  0
VERTEX
  8
Top_Silk
  10
1.782
  20
2.8898
  42
0
  0
VERTEX
  8
Top_Silk
  10
1.7834
  20
2.8941
  42
0
  0
VERTEX
  8
Top_Silk
  10
1.7834
  20
2.9013
  42
0
  0
VERTEX
  8
Top_Silk
  10
1.782
  20
2.9056
  42
0
  0
VERTEX
  8
Top_Silk
  10
1.7805
  20
2.9084
  42
0
  0
VERTEX
  8
Top_Silk
  10
1.7776
  20
2.9113
  42
0
  0
VERTEX
  8
Top_Silk
  10
1.7733
  20
2.9128
  42
0
  0
VERTEX
  8
Top_Silk
  10
1.7633
  20
2.9128
  42
0
  0
SEQEND
  0
POLYLINE
  8
Top_Silk
  6
CONTINUOUS
  66
1
  70
0
  40
0.0023
  41
0.0023
  0
VERTEX
  8
Top_Silk
  10
1.7621
  20
2.9128
  42
1
  0
VERTEX
  8
Top_Silk
  10
1.7644
  20
2.9128
  42
1
  0
VERTEX
  8
Top_Silk
  10
1.7621
  20
2.9128
  42
1
  0
SEQEND
  0
POLYLINE
  8
Top_Silk
  6
CONTINUOUS
  66
1
  70
0
  40
0.0046
  41
0.0046
  0
VERTEX
  8
Top_Silk
  10
1.7984
  20
2.8826
  42
0
  0
VERTEX
  8
Top_Silk
  10
1.8127
  20
2.9127
  42
0
  0
VERTEX
  8
Top_Silk
  10
1.7926
  20
2.9127
  42
0
  0
SEQEND
  0
POLYLINE
  8
Top_Silk
  6
CONTINUOUS
  66
1
  70
0
  40
0.0023
  41
0.0023
  0
VERTEX
  8
Top_Silk
  10
1.7972
  20
2.8826
  42
1
  0
VERTEX
  8
Top_Silk
  10
1.7995
  20
2.8826
  42
1
  0
VERTEX
  8
Top_Silk
  10
1.7972
  20
2.8826
  42
1
  0
SEQEND
  0
POLYLINE
  8
Top_Silk
  6
CONTINUOUS
  66
1
  70
0
  40
0.0023
  41
0.0023
  0
VERTEX
  8
Top_Silk
  10
1.7915
  20
2.9127
  42
1
  0
VERTEX
  8
Top_Silk
  10
1.7938
  20
2.9127
  42
1
  0
VERTEX
  8
Top_Silk
  10
1.7915
  20
2.9127
  42
1
  0
SEQEND
  0
POLYLINE
  8
Top_Silk
  6
CONTINUOUS
  66
1
  70
0
  40
0.0047
  41
0.0047
  0
VERTEX
  8
Top_Silk
  10
3.655
  20
0.8425
  42
0
  0
VERTEX
  8
Top_Silk
  10
3.6495
  20
0.8428
  42
0
  0
VERTEX
  8
Top_Silk
  10
3.644
  20
0.8439
  42
0
  0
VERTEX
  8
Top_Silk
  10
3.6387
  20
0.8457
  42
0
  0
VERTEX
  8
Top_Silk
  10
3.6337
  20
0.8482
  42
0
  0
VERTEX
  8
Top_Silk
  10
3.6291
  20
0.8513
  42
0
  0
VERTEX
  8
Top_Silk
  10
3.6249
  20
0.8549
  42
0
  0
VERTEX
  8
Top_Silk
  10
3.6213
  20
0.8591
  42
0
  0
VERTEX
  8
Top_Silk
  10
3.6182
  20
0.8637
  42
0
  0
VERTEX
  8
Top_Silk
  10
3.6157
  20
0.8687
  42
0
  0
VERTEX
  8
Top_Silk
  10
3.6139
  20
0.874
  42
0
  0
VERTEX
  8
Top_Silk
  10
3.6128
  20
0.8795
  42
0
  0
VERTEX
  8
Top_Silk
  10
3.6125
  20
0.885
  42
0
  0
VERTEX
  8
Top_Silk
  10
3.6128
  20
0.8905
  42
0
  0
VERTEX
  8
Top_Silk
  10
3.6139
  20
0.896
  42
0
  0
VERTEX
  8
Top_Silk
  10
3.6157
  20
0.9013
  42
0
  0
VERTEX
  8
Top_Silk
  10
3.6182
  20
0.9063
  42
0
  0
VERTEX
  8
Top_Silk
  10
3.6213
  20
0.9109
  42
0
  0
VERTEX
  8
Top_Silk
  10
3.6249
  20
0.9151
  42
0
  0
VERTEX
  8
Top_Silk
  10
3.6291
  20
0.9187
  42
0
  0
VERTEX
  8
Top_Silk
  10
3.6337
  20
0.9218
  42
0
  0
VERTEX
  8
Top_Silk
  10
3.6387
  20
0.9243
  42
0
  0
VERTEX
  8
Top_Silk
  10
3.644
  20
0.9261
  42
0
  0
VERTEX
  8
Top_Silk
  10
3.6495
  20
0.9272
  42
0
  0
VERTEX
  8
Top_Silk
  10
3.655
  20
0.9275
  42
0
  0
VERTEX
  8
Top_Silk
  10
3.655
  20
0.9275
  42
0
  0
VERTEX
  8
Top_Silk
  10
3.6605
  20
0.9272
  42
0
  0
VERTEX
  8
Top_Silk
  10
3.666
  20
0.9261
  42
0
  0
VERTEX
  8
Top_Silk
  10
3.6713
  20
0.9243
  42
0
  0
VERTEX
  8
Top_Silk
  10
3.6763
  20
0.9218
  42
0
  0
VERTEX
  8
Top_Silk
  10
3.6809
  20
0.9187
  42
0
  0
VERTEX
  8
Top_Silk
  10
3.6851
  20
0.9151
  42
0
  0
VERTEX
  8
Top_Silk
  10
3.6887
  20
0.9109
  42
0
  0
VERTEX
  8
Top_Silk
  10
3.6918
  20
0.9063
  42
0
  0
VERTEX
  8
Top_Silk
  10
3.6943
  20
0.9013
  42
0
  0
VERTEX
  8
Top_Silk
  10
3.6961
  20
0.896
  42
0
  0
VERTEX
  8
Top_Silk
  10
3.6972
  20
0.8905
  42
0
  0
VERTEX
  8
Top_Silk
  10
3.6975
  20
0.885
  42
0
  0
VERTEX
  8
Top_Silk
  10
3.6972
  20
0.8795
  42
0
  0
VERTEX
  8
Top_Silk
  10
3.6961
  20
0.874
  42
0
  0
VERTEX
  8
Top_Silk
  10
3.6943
  20
0.8687
  42
0
  0
VERTEX
  8
Top_Silk
  10
3.6918
  20
0.8637
  42
0
  0
VERTEX
  8
Top_Silk
  10
3.6887
  20
0.8591
  42
0
  0
VERTEX
  8
Top_Silk
  10
3.6851
  20
0.8549
  42
0
  0
VERTEX
  8
Top_Silk
  10
3.6809
  20
0.8513
  42
0
  0
VERTEX
  8
Top_Silk
  10
3.6763
  20
0.8482
  42
0
  0
VERTEX
  8
Top_Silk
  10
3.6713
  20
0.8457
  42
0
  0
VERTEX
  8
Top_Silk
  10
3.666
  20
0.8439
  42
0
  0
VERTEX
  8
Top_Silk
  10
3.6605
  20
0.8428
  42
0
  0
VERTEX
  8
Top_Silk
  10
3.655
  20
0.8425
  42
0
  0
VERTEX
  8
Top_Silk
  10
3.655
  20
0.8425
  42
0
  0
SEQEND
  0
POLYLINE
  8
Top_Silk
  6
CONTINUOUS
  66
1
  70
0
  40
0.0046
  41
0.0046
  0
VERTEX
  8
Top_Silk
  10
3.5416
  20
0.9347
  42
0
  0
VERTEX
  8
Top_Silk
  10
3.5402
  20
0.9376
  42
0
  0
VERTEX
  8
Top_Silk
  10
3.5373
  20
0.9405
  42
0
  0
VERTEX
  8
Top_Silk
  10
3.5344
  20
0.9419
  42
0
  0
VERTEX
  8
Top_Silk
  10
3.5287
  20
0.9419
  42
0
  0
VERTEX
  8
Top_Silk
  10
3.5258
  20
0.9405
  42
0
  0
VERTEX
  8
Top_Silk
  10
3.523
  20
0.9376
  42
0
  0
VERTEX
  8
Top_Silk
  10
3.5215
  20
0.9347
  42
0
  0
VERTEX
  8
Top_Silk
  10
3.5201
  20
0.9304
  42
0
  0
VERTEX
  8
Top_Silk
  10
3.5201
  20
0.9232
  42
0
  0
VERTEX
  8
Top_Silk
  10
3.5215
  20
0.9189
  42
0
  0
VERTEX
  8
Top_Silk
  10
3.523
  20
0.916
  42
0
  0
VERTEX
  8
Top_Silk
  10
3.5258
  20
0.9132
  42
0
  0
VERTEX
  8
Top_Silk
  10
3.5287
  20
0.9117
  42
0
  0
VERTEX
  8
Top_Silk
  10
3.5344
  20
0.9117
  42
0
  0
VERTEX
  8
Top_Silk
  10
3.5373
  20
0.9132
  42
0
  0
VERTEX
  8
Top_Silk
  10
3.5402
  20
0.916
  42
0
  0
VERTEX
  8
Top_Silk
  10
3.5416
  20
0.9189
  42
0
  0
VERTEX
  8
Top_Silk
  10
3.5416
  20
0.9232
  42
0
  0
VERTEX
  8
Top_Silk
  10
3.5344
  20
0.9232
  42
0
  0
SEQEND
  0
POLYLINE
  8
Top_Silk
  6
CONTINUOUS
  66
1
  70
0
  40
0.0023
  41
0.0023
  0
VERTEX
  8
Top_Silk
  10
3.5404
  20
0.9347
  42
1
  0
VERTEX
  8
Top_Silk
  10
3.5428
  20
0.9347
  42
1
  0
VERTEX
  8
Top_Silk
  10
3.5404
  20
0.9347
  42
1
  0
SEQEND
  0
POLYLINE
  8
Top_Silk
  6
CONTINUOUS
  66
1
  70
0
  40
0.0023
  41
0.0023
  0
VERTEX
  8
Top_Silk
  10
3.5333
  20
0.9232
  42
1
  0
VERTEX
  8
Top_Silk
  10
3.5356
  20
0.9232
  42
1
  0
VERTEX
  8
Top_Silk
  10
3.5333
  20
0.9232
  42
1
  0
SEQEND
  0
POLYLINE
  8
Top_Silk
  6
CONTINUOUS
  66
1
  70
0
  40
0.0046
  41
0.0046
  0
VERTEX
  8
Top_Silk
  10
3.571
  20
0.9419
  42
0
  0
VERTEX
  8
Top_Silk
  10
3.571
  20
0.9117
  42
0
  0
VERTEX
  8
Top_Silk
  10
3.5509
  20
0.9419
  42
0
  0
VERTEX
  8
Top_Silk
  10
3.5509
  20
0.9117
  42
0
  0
SEQEND
  0
POLYLINE
  8
Top_Silk
  6
CONTINUOUS
  66
1
  70
0
  40
0.0023
  41
0.0023
  0
VERTEX
  8
Top_Silk
  10
3.5698
  20
0.9419
  42
1
  0
VERTEX
  8
Top_Silk
  10
3.5721
  20
0.9419
  42
1
  0
VERTEX
  8
Top_Silk
  10
3.5698
  20
0.9419
  42
1
  0
SEQEND
  0
POLYLINE
  8
Top_Silk
  6
CONTINUOUS
  66
1
  70
0
  40
0.0023
  41
0.0023
  0
VERTEX
  8
Top_Silk
  10
3.5497
  20
0.9117
  42
1
  0
VERTEX
  8
Top_Silk
  10
3.552
  20
0.9117
  42
1
  0
VERTEX
  8
Top_Silk
  10
3.5497
  20
0.9117
  42
1
  0
SEQEND
  0
POLYLINE
  8
Top_Silk
  6
CONTINUOUS
  66
1
  70
0
  40
0.0046
  41
0.0046
  0
VERTEX
  8
Top_Silk
  10
3.5802
  20
0.9419
  42
0
  0
VERTEX
  8
Top_Silk
  10
3.5802
  20
0.9117
  42
0
  0
VERTEX
  8
Top_Silk
  10
3.5903
  20
0.9117
  42
0
  0
VERTEX
  8
Top_Silk
  10
3.5946
  20
0.9132
  42
0
  0
VERTEX
  8
Top_Silk
  10
3.5975
  20
0.916
  42
0
  0
VERTEX
  8
Top_Silk
  10
3.5989
  20
0.9189
  42
0
  0
VERTEX
  8
Top_Silk
  10
3.6003
  20
0.9232
  42
0
  0
VERTEX
  8
Top_Silk
  10
3.6003
  20
0.9304
  42
0
  0
VERTEX
  8
Top_Silk
  10
3.5989
  20
0.9347
  42
0
  0
VERTEX
  8
Top_Silk
  10
3.5975
  20
0.9376
  42
0
  0
VERTEX
  8
Top_Silk
  10
3.5946
  20
0.9405
  42
0
  0
VERTEX
  8
Top_Silk
  10
3.5903
  20
0.9419
  42
0
  0
VERTEX
  8
Top_Silk
  10
3.5802
  20
0.9419
  42
0
  0
SEQEND
  0
POLYLINE
  8
Top_Silk
  6
CONTINUOUS
  66
1
  70
0
  40
0.0023
  41
0.0023
  0
VERTEX
  8
Top_Silk
  10
3.5791
  20
0.9419
  42
1
  0
VERTEX
  8
Top_Silk
  10
3.5814
  20
0.9419
  42
1
  0
VERTEX
  8
Top_Silk
  10
3.5791
  20
0.9419
  42
1
  0
SEQEND
  0
POLYLINE
  8
Top_Silk
  6
CONTINUOUS
  66
1
  70
0
  40
0.0
  41
0.0
  0
VERTEX
  8
Top_Silk
  10
2.0948
  20
2.7171
  42
0
  0
VERTEX
  8
Top_Silk
  10
2.0948
  20
2.7158
  42
0
  0
VERTEX
  8
Top_Silk
  10
2.0945
  20
2.7145
  42
0
  0
VERTEX
  8
Top_Silk
  10
2.0941
  20
2.7133
  42
0
  0
VERTEX
  8
Top_Silk
  10
2.0935
  20
2.7122
  42
0
  0
VERTEX
  8
Top_Silk
  10
2.0928
  20
2.7111
  42
0
  0
VERTEX
  8
Top_Silk
  10
2.092
  20
2.7101
  42
0
  0
VERTEX
  8
Top_Silk
  10
2.091
  20
2.7093
  42
0
  0
VERTEX
  8
Top_Silk
  10
2.0899
  20
2.7086
  42
0
  0
VERTEX
  8
Top_Silk
  10
2.0888
  20
2.708
  42
0
  0
VERTEX
  8
Top_Silk
  10
2.0875
  20
2.7076
  42
0
  0
VERTEX
  8
Top_Silk
  10
2.0863
  20
2.7073
  42
0
  0
VERTEX
  8
Top_Silk
  10
2.085
  20
2.7072
  42
0
  0
VERTEX
  8
Top_Silk
  10
2.0837
  20
2.7073
  42
0
  0
VERTEX
  8
Top_Silk
  10
2.0825
  20
2.7076
  42
0
  0
VERTEX
  8
Top_Silk
  10
2.0812
  20
2.708
  42
0
  0
VERTEX
  8
Top_Silk
  10
2.0801
  20
2.7086
  42
0
  0
VERTEX
  8
Top_Silk
  10
2.079
  20
2.7093
  42
0
  0
VERTEX
  8
Top_Silk
  10
2.078
  20
2.7101
  42
0
  0
VERTEX
  8
Top_Silk
  10
2.0772
  20
2.7111
  42
0
  0
VERTEX
  8
Top_Silk
  10
2.0765
  20
2.7122
  42
0
  0
VERTEX
  8
Top_Silk
  10
2.0759
  20
2.7133
  42
0
  0
VERTEX
  8
Top_Silk
  10
2.0755
  20
2.7145
  42
0
  0
VERTEX
  8
Top_Silk
  10
2.0752
  20
2.7158
  42
0
  0
VERTEX
  8
Top_Silk
  10
2.0752
  20
2.7171
  42
0
  0
VERTEX
  8
Top_Silk
  10
2.0752
  20
2.7171
  42
0
  0
VERTEX
  8
Top_Silk
  10
2.0752
  20
2.7184
  42
0
  0
VERTEX
  8
Top_Silk
  10
2.0755
  20
2.7196
  42
0
  0
VERTEX
  8
Top_Silk
  10
2.0759
  20
2.7209
  42
0
  0
VERTEX
  8
Top_Silk
  10
2.0765
  20
2.722
  42
0
  0
VERTEX
  8
Top_Silk
  10
2.0772
  20
2.7231
  42
0
  0
VERTEX
  8
Top_Silk
  10
2.078
  20
2.724
  42
0
  0
VERTEX
  8
Top_Silk
  10
2.079
  20
2.7249
  42
0
  0
VERTEX
  8
Top_Silk
  10
2.0801
  20
2.7256
  42
0
  0
VERTEX
  8
Top_Silk
  10
2.0812
  20
2.7262
  42
0
  0
VERTEX
  8
Top_Silk
  10
2.0825
  20
2.7266
  42
0
  0
VERTEX
  8
Top_Silk
  10
2.0837
  20
2.7268
  42
0
  0
VERTEX
  8
Top_Silk
  10
2.085
  20
2.7269
  42
0
  0
VERTEX
  8
Top_Silk
  10
2.0863
  20
2.7268
  42
0
  0
VERTEX
  8
Top_Silk
  10
2.0875
  20
2.7266
  42
0
  0
VERTEX
  8
Top_Silk
  10
2.0888
  20
2.7262
  42
0
  0
VERTEX
  8
Top_Silk
  10
2.0899
  20
2.7256
  42
0
  0
VERTEX
  8
Top_Silk
  10
2.091
  20
2.7249
  42
0
  0
VERTEX
  8
Top_Silk
  10
2.092
  20
2.724
  42
0
  0
VERTEX
  8
Top_Silk
  10
2.0928
  20
2.7231
  42
0
  0
VERTEX
  8
Top_Silk
  10
2.0935
  20
2.722
  42
0
  0
VERTEX
  8
Top_Silk
  10
2.0941
  20
2.7209
  42
0
  0
VERTEX
  8
Top_Silk
  10
2.0945
  20
2.7196
  42
0
  0
VERTEX
  8
Top_Silk
  10
2.0948
  20
2.7184
  42
0
  0
VERTEX
  8
Top_Silk
  10
2.0948
  20
2.7171
  42
0
  0
VERTEX
  8
Top_Silk
  10
2.0948
  20
2.7171
  42
0
  0
SEQEND
  0
POLYLINE
  8
Top_Silk
  6
CONTINUOUS
  66
1
  70
0
  40
0.0047
  41
0.0047
  0
VERTEX
  8
Top_Silk
  10
2.1342
  20
2.9722
  42
0
  0
VERTEX
  8
Top_Silk
  10
2.1657
  20
2.9722
  42
0
  0
VERTEX
  8
Top_Silk
  10
2.1657
  20
2.9466
  42
0
  0
VERTEX
  8
Top_Silk
  10
2.1972
  20
2.9466
  42
0
  0
VERTEX
  8
Top_Silk
  10
2.1972
  20
2.986
  42
0
  0
VERTEX
  8
Top_Silk
  10
2.274
  20
2.986
  42
0
  0
VERTEX
  8
Top_Silk
  10
2.2819
  20
2.9781
  42
0
  0
VERTEX
  8
Top_Silk
  10
2.2819
  20
2.7419
  42
0
  0
VERTEX
  8
Top_Silk
  10
2.274
  20
2.734
  42
0
  0
VERTEX
  8
Top_Silk
  10
2.1342
  20
2.734
  42
0
  0
SEQEND
  0
POLYLINE
  8
Top_Silk
  6
CONTINUOUS
  66
1
  70
0
  40
0.0047
  41
0.0047
  0
VERTEX
  8
Top_Silk
  10
2.1342
  20
2.9722
  42
0
  0
VERTEX
  8
Top_Silk
  10
2.1027
  20
2.9722
  42
0
  0
VERTEX
  8
Top_Silk
  10
2.1027
  20
2.9466
  42
0
  0
VERTEX
  8
Top_Silk
  10
2.0712
  20
2.9466
  42
0
  0
VERTEX
  8
Top_Silk
  10
2.0712
  20
2.986
  42
0
  0
VERTEX
  8
Top_Silk
  10
1.9944
  20
2.986
  42
0
  0
VERTEX
  8
Top_Silk
  10
1.9866
  20
2.9781
  42
0
  0
VERTEX
  8
Top_Silk
  10
1.9866
  20
2.8033
  42
0
  0
SEQEND
  0
POLYLINE
  8
Top_Silk
  6
CONTINUOUS
  66
1
  70
0
  40
0.0047
  41
0.0047
  0
VERTEX
  8
Top_Silk
  10
1.9866
  20
2.7907
  42
0
  0
VERTEX
  8
Top_Silk
  10
1.9866
  20
2.7419
  42
0
  0
VERTEX
  8
Top_Silk
  10
1.9944
  20
2.734
  42
0
  0
VERTEX
  8
Top_Silk
  10
2.1342
  20
2.734
  42
0
  0
SEQEND
  0
POLYLINE
  8
Top_Silk
  6
CONTINUOUS
  66
1
  70
0
  40
0.0046
  41
0.0046
  0
VERTEX
  8
Top_Silk
  10
2.1282
  20
2.7171
  42
0
  0
VERTEX
  8
Top_Silk
  10
2.1282
  20
2.6941
  42
0
  0
VERTEX
  8
Top_Silk
  10
2.1267
  20
2.6898
  42
0
  0
VERTEX
  8
Top_Silk
  10
2.1253
  20
2.6884
  42
0
  0
VERTEX
  8
Top_Silk
  10
2.1224
  20
2.6869
  42
0
  0
VERTEX
  8
Top_Silk
  10
2.1195
  20
2.6869
  42
0
  0
VERTEX
  8
Top_Silk
  10
2.1167
  20
2.6884
  42
0
  0
VERTEX
  8
Top_Silk
  10
2.1153
  20
2.6898
  42
0
  0
VERTEX
  8
Top_Silk
  10
2.1138
  20
2.6941
  42
0
  0
VERTEX
  8
Top_Silk
  10
2.1138
  20
2.697
  42
0
  0
SEQEND
  0
POLYLINE
  8
Top_Silk
  6
CONTINUOUS
  66
1
  70
0
  40
0.0023
  41
0.0023
  0
VERTEX
  8
Top_Silk
  10
2.127
  20
2.7171
  42
1
  0
VERTEX
  8
Top_Silk
  10
2.1293
  20
2.7171
  42
1
  0
VERTEX
  8
Top_Silk
  10
2.127
  20
2.7171
  42
1
  0
SEQEND
  0
POLYLINE
  8
Top_Silk
  6
CONTINUOUS
  66
1
  70
0
  40
0.0023
  41
0.0023
  0
VERTEX
  8
Top_Silk
  10
2.1126
  20
2.697
  42
1
  0
VERTEX
  8
Top_Silk
  10
2.115
  20
2.697
  42
1
  0
VERTEX
  8
Top_Silk
  10
2.1126
  20
2.697
  42
1
  0
SEQEND
  0
POLYLINE
  8
Top_Silk
  6
CONTINUOUS
  66
1
  70
0
  40
0.0046
  41
0.0046
  0
VERTEX
  8
Top_Silk
  10
2.1374
  20
2.7113
  42
0
  0
VERTEX
  8
Top_Silk
  10
2.1403
  20
2.7128
  42
0
  0
VERTEX
  8
Top_Silk
  10
2.1446
  20
2.717
  42
0
  0
VERTEX
  8
Top_Silk
  10
2.1446
  20
2.6869
  42
0
  0
SEQEND
  0
POLYLINE
  8
Top_Silk
  6
CONTINUOUS
  66
1
  70
0
  40
0.0023
  41
0.0023
  0
VERTEX
  8
Top_Silk
  10
2.1363
  20
2.7113
  42
1
  0
VERTEX
  8
Top_Silk
  10
2.1386
  20
2.7113
  42
1
  0
VERTEX
  8
Top_Silk
  10
2.1363
  20
2.7113
  42
1
  0
SEQEND
  0
POLYLINE
  8
Top_Silk
  6
CONTINUOUS
  66
1
  70
0
  40
0.0023
  41
0.0023
  0
VERTEX
  8
Top_Silk
  10
2.1435
  20
2.6869
  42
1
  0
VERTEX
  8
Top_Silk
  10
2.1458
  20
2.6869
  42
1
  0
VERTEX
  8
Top_Silk
  10
2.1435
  20
2.6869
  42
1
  0
SEQEND
  0
POLYLINE
  8
Top_Silk
  6
CONTINUOUS
  66
1
  70
0
  40
0.006
  41
0.006
  0
VERTEX
  8
Top_Silk
  10
1.61
  20
2.4385
  42
0
  0
VERTEX
  8
Top_Silk
  10
1.7479
  20
2.4385
  42
0
  0
SEQEND
  0
POLYLINE
  8
Top_Silk
  6
CONTINUOUS
  66
1
  70
0
  40
0.006
  41
0.006
  0
VERTEX
  8
Top_Silk
  10
2.14
  20
2.4385
  42
0
  0
VERTEX
  8
Top_Silk
  10
2.14
  20
2.2315
  42
0
  0
SEQEND
  0
POLYLINE
  8
Top_Silk
  6
CONTINUOUS
  66
1
  70
0
  40
0.006
  41
0.006
  0
VERTEX
  8
Top_Silk
  10
2.14
  20
2.2315
  42
0
  0
VERTEX
  8
Top_Silk
  10
2.0021
  20
2.2315
  42
0
  0
SEQEND
  0
POLYLINE
  8
Top_Silk
  6
CONTINUOUS
  66
1
  70
0
  40
0.006
  41
0.006
  0
VERTEX
  8
Top_Silk
  10
2.0021
  20
2.4385
  42
0
  0
VERTEX
  8
Top_Silk
  10
2.14
  20
2.4385
  42
0
  0
SEQEND
  0
POLYLINE
  8
Top_Silk
  6
CONTINUOUS
  66
1
  70
0
  40
0.006
  41
0.006
  0
VERTEX
  8
Top_Silk
  10
1.7479
  20
2.2315
  42
0
  0
VERTEX
  8
Top_Silk
  10
1.61
  20
2.2315
  42
0
  0
SEQEND
  0
POLYLINE
  8
Top_Silk
  6
CONTINUOUS
  66
1
  70
0
  40
0.006
  41
0.006
  0
VERTEX
  8
Top_Silk
  10
1.61
  20
2.2315
  42
0
  0
VERTEX
  8
Top_Silk
  10
1.61
  20
2.4385
  42
0
  0
SEQEND
  0
POLYLINE
  8
Top_Silk
  6
CONTINUOUS
  66
1
  70
0
  40
0.02
  41
0.02
  0
VERTEX
  8
Top_Silk
  10
1.56
  20
2.4145
  42
0
  0
VERTEX
  8
Top_Silk
  10
1.5601
  20
2.4165
  42
0
  0
VERTEX
  8
Top_Silk
  10
1.5605
  20
2.4184
  42
0
  0
VERTEX
  8
Top_Silk
  10
1.5611
  20
2.4203
  42
0
  0
VERTEX
  8
Top_Silk
  10
1.562
  20
2.422
  42
0
  0
VERTEX
  8
Top_Silk
  10
1.5631
  20
2.4237
  42
0
  0
VERTEX
  8
Top_Silk
  10
1.5644
  20
2.4251
  42
0
  0
VERTEX
  8
Top_Silk
  10
1.5659
  20
2.4264
  42
0
  0
VERTEX
  8
Top_Silk
  10
1.5675
  20
2.4275
  42
0
  0
VERTEX
  8
Top_Silk
  10
1.5693
  20
2.4284
  42
0
  0
VERTEX
  8
Top_Silk
  10
1.5711
  20
2.429
  42
0
  0
VERTEX
  8
Top_Silk
  10
1.573
  20
2.4294
  42
0
  0
VERTEX
  8
Top_Silk
  10
1.575
  20
2.4295
  42
0
  0
VERTEX
  8
Top_Silk
  10
1.577
  20
2.4294
  42
0
  0
VERTEX
  8
Top_Silk
  10
1.5789
  20
2.429
  42
0
  0
VERTEX
  8
Top_Silk
  10
1.5807
  20
2.4284
  42
0
  0
VERTEX
  8
Top_Silk
  10
1.5825
  20
2.4275
  42
0
  0
VERTEX
  8
Top_Silk
  10
1.5841
  20
2.4264
  42
0
  0
VERTEX
  8
Top_Silk
  10
1.5856
  20
2.4251
  42
0
  0
VERTEX
  8
Top_Silk
  10
1.5869
  20
2.4237
  42
0
  0
VERTEX
  8
Top_Silk
  10
1.588
  20
2.422
  42
0
  0
VERTEX
  8
Top_Silk
  10
1.5889
  20
2.4203
  42
0
  0
VERTEX
  8
Top_Silk
  10
1.5895
  20
2.4184
  42
0
  0
VERTEX
  8
Top_Silk
  10
1.5899
  20
2.4165
  42
0
  0
VERTEX
  8
Top_Silk
  10
1.59
  20
2.4145
  42
0
  0
VERTEX
  8
Top_Silk
  10
1.59
  20
2.4145
  42
0
  0
VERTEX
  8
Top_Silk
  10
1.5899
  20
2.4126
  42
0
  0
VERTEX
  8
Top_Silk
  10
1.5895
  20
2.4106
  42
0
  0
VERTEX
  8
Top_Silk
  10
1.5889
  20
2.4088
  42
0
  0
VERTEX
  8
Top_Silk
  10
1.588
  20
2.407
  42
0
  0
VERTEX
  8
Top_Silk
  10
1.5869
  20
2.4054
  42
0
  0
VERTEX
  8
Top_Silk
  10
1.5856
  20
2.4039
  42
0
  0
VERTEX
  8
Top_Silk
  10
1.5841
  20
2.4026
  42
0
  0
VERTEX
  8
Top_Silk
  10
1.5825
  20
2.4015
  42
0
  0
VERTEX
  8
Top_Silk
  10
1.5807
  20
2.4007
  42
0
  0
VERTEX
  8
Top_Silk
  10
1.5789
  20
2.4
  42
0
  0
VERTEX
  8
Top_Silk
  10
1.577
  20
2.3997
  42
0
  0
VERTEX
  8
Top_Silk
  10
1.575
  20
2.3995
  42
0
  0
VERTEX
  8
Top_Silk
  10
1.573
  20
2.3997
  42
0
  0
VERTEX
  8
Top_Silk
  10
1.5711
  20
2.4
  42
0
  0
VERTEX
  8
Top_Silk
  10
1.5693
  20
2.4007
  42
0
  0
VERTEX
  8
Top_Silk
  10
1.5675
  20
2.4015
  42
0
  0
VERTEX
  8
Top_Silk
  10
1.5659
  20
2.4026
  42
0
  0
VERTEX
  8
Top_Silk
  10
1.5644
  20
2.4039
  42
0
  0
VERTEX
  8
Top_Silk
  10
1.5631
  20
2.4054
  42
0
  0
VERTEX
  8
Top_Silk
  10
1.562
  20
2.407
  42
0
  0
VERTEX
  8
Top_Silk
  10
1.5611
  20
2.4088
  42
0
  0
VERTEX
  8
Top_Silk
  10
1.5605
  20
2.4106
  42
0
  0
VERTEX
  8
Top_Silk
  10
1.5601
  20
2.4126
  42
0
  0
VERTEX
  8
Top_Silk
  10
1.56
  20
2.4145
  42
0
  0
VERTEX
  8
Top_Silk
  10
1.56
  20
2.4145
  42
0
  0
SEQEND
  0
POLYLINE
  8
Top_Silk
  6
CONTINUOUS
  66
1
  70
0
  40
0.0046
  41
0.0046
  0
VERTEX
  8
Top_Silk
  10
2.0143
  20
2.479
  42
0
  0
VERTEX
  8
Top_Silk
  10
2.0143
  20
2.456
  42
0
  0
VERTEX
  8
Top_Silk
  10
2.0129
  20
2.4517
  42
0
  0
VERTEX
  8
Top_Silk
  10
2.0114
  20
2.4503
  42
0
  0
VERTEX
  8
Top_Silk
  10
2.0085
  20
2.4488
  42
0
  0
VERTEX
  8
Top_Silk
  10
2.0057
  20
2.4488
  42
0
  0
VERTEX
  8
Top_Silk
  10
2.0028
  20
2.4503
  42
0
  0
VERTEX
  8
Top_Silk
  10
2.0014
  20
2.4517
  42
0
  0
VERTEX
  8
Top_Silk
  10
1.9999
  20
2.456
  42
0
  0
VERTEX
  8
Top_Silk
  10
1.9999
  20
2.4589
  42
0
  0
SEQEND
  0
POLYLINE
  8
Top_Silk
  6
CONTINUOUS
  66
1
  70
0
  40
0.0023
  41
0.0023
  0
VERTEX
  8
Top_Silk
  10
2.0131
  20
2.479
  42
1
  0
VERTEX
  8
Top_Silk
  10
2.0154
  20
2.479
  42
1
  0
VERTEX
  8
Top_Silk
  10
2.0131
  20
2.479
  42
1
  0
SEQEND
  0
POLYLINE
  8
Top_Silk
  6
CONTINUOUS
  66
1
  70
0
  40
0.0023
  41
0.0023
  0
VERTEX
  8
Top_Silk
  10
1.9988
  20
2.4589
  42
1
  0
VERTEX
  8
Top_Silk
  10
2.0011
  20
2.4589
  42
1
  0
VERTEX
  8
Top_Silk
  10
1.9988
  20
2.4589
  42
1
  0
SEQEND
  0
POLYLINE
  8
Top_Silk
  6
CONTINUOUS
  66
1
  70
0
  40
0.0046
  41
0.0046
  0
VERTEX
  8
Top_Silk
  10
2.0379
  20
2.4488
  42
0
  0
VERTEX
  8
Top_Silk
  10
2.0379
  20
2.4789
  42
0
  0
VERTEX
  8
Top_Silk
  10
2.0236
  20
2.4589
  42
0
  0
VERTEX
  8
Top_Silk
  10
2.0451
  20
2.4589
  42
0
  0
SEQEND
  0
POLYLINE
  8
Top_Silk
  6
CONTINUOUS
  66
1
  70
0
  40
0.0023
  41
0.0023
  0
VERTEX
  8
Top_Silk
  10
2.0368
  20
2.4488
  42
1
  0
VERTEX
  8
Top_Silk
  10
2.0391
  20
2.4488
  42
1
  0
VERTEX
  8
Top_Silk
  10
2.0368
  20
2.4488
  42
1
  0
SEQEND
  0
POLYLINE
  8
Top_Silk
  6
CONTINUOUS
  66
1
  70
0
  40
0.0023
  41
0.0023
  0
VERTEX
  8
Top_Silk
  10
2.0439
  20
2.4589
  42
1
  0
VERTEX
  8
Top_Silk
  10
2.0462
  20
2.4589
  42
1
  0
VERTEX
  8
Top_Silk
  10
2.0439
  20
2.4589
  42
1
  0
SEQEND
  0
POLYLINE
  8
Top_Silk
  6
CONTINUOUS
  66
1
  70
0
  40
0.0046
  41
0.0046
  0
VERTEX
  8
Top_Silk
  10
3.2032
  20
2.1819
  42
0
  0
VERTEX
  8
Top_Silk
  10
3.2032
  20
2.1517
  42
0
  0
VERTEX
  8
Top_Silk
  10
3.2204
  20
2.1517
  42
0
  0
SEQEND
  0
POLYLINE
  8
Top_Silk
  6
CONTINUOUS
  66
1
  70
0
  40
0.0023
  41
0.0023
  0
VERTEX
  8
Top_Silk
  10
3.202
  20
2.1819
  42
1
  0
VERTEX
  8
Top_Silk
  10
3.2043
  20
2.1819
  42
1
  0
VERTEX
  8
Top_Silk
  10
3.202
  20
2.1819
  42
1
  0
SEQEND
  0
POLYLINE
  8
Top_Silk
  6
CONTINUOUS
  66
1
  70
0
  40
0.0023
  41
0.0023
  0
VERTEX
  8
Top_Silk
  10
3.2192
  20
2.1517
  42
1
  0
VERTEX
  8
Top_Silk
  10
3.2215
  20
2.1517
  42
1
  0
VERTEX
  8
Top_Silk
  10
3.2192
  20
2.1517
  42
1
  0
SEQEND
  0
POLYLINE
  8
Top_Silk
  6
CONTINUOUS
  66
1
  70
0
  40
0.0046
  41
0.0046
  0
VERTEX
  8
Top_Silk
  10
3.2296
  20
2.1761
  42
0
  0
VERTEX
  8
Top_Silk
  10
3.2325
  20
2.1776
  42
0
  0
VERTEX
  8
Top_Silk
  10
3.2368
  20
2.1819
  42
0
  0
VERTEX
  8
Top_Silk
  10
3.2368
  20
2.1517
  42
0
  0
SEQEND
  0
POLYLINE
  8
Top_Silk
  6
CONTINUOUS
  66
1
  70
0
  40
0.0023
  41
0.0023
  0
VERTEX
  8
Top_Silk
  10
3.2285
  20
2.1761
  42
1
  0
VERTEX
  8
Top_Silk
  10
3.2308
  20
2.1761
  42
1
  0
VERTEX
  8
Top_Silk
  10
3.2285
  20
2.1761
  42
1
  0
SEQEND
  0
POLYLINE
  8
Top_Silk
  6
CONTINUOUS
  66
1
  70
0
  40
0.0023
  41
0.0023
  0
VERTEX
  8
Top_Silk
  10
3.2357
  20
2.1517
  42
1
  0
VERTEX
  8
Top_Silk
  10
3.238
  20
2.1517
  42
1
  0
VERTEX
  8
Top_Silk
  10
3.2357
  20
2.1517
  42
1
  0
SEQEND
  0
POLYLINE
  8
Top_Silk
  6
CONTINUOUS
  66
1
  70
0
  40
0.008
  41
0.008
  0
VERTEX
  8
Top_Silk
  10
1.2181
  20
2.3531
  42
0
  0
VERTEX
  8
Top_Silk
  10
0.9819
  20
2.3531
  42
0
  0
VERTEX
  8
Top_Silk
  10
0.9819
  20
2.1169
  42
0
  0
VERTEX
  8
Top_Silk
  10
1.2181
  20
2.1169
  42
0
  0
VERTEX
  8
Top_Silk
  10
1.2181
  20
2.3531
  42
0
  0
SEQEND
  0
POLYLINE
  8
Top_Silk
  6
CONTINUOUS
  66
1
  70
0
  40
0.0046
  41
0.0046
  0
VERTEX
  8
Top_Silk
  10
1.0719
  20
2.1019
  42
0
  0
VERTEX
  8
Top_Silk
  10
1.0719
  20
2.0717
  42
0
  0
VERTEX
  8
Top_Silk
  10
1.0891
  20
2.0717
  42
0
  0
SEQEND
  0
POLYLINE
  8
Top_Silk
  6
CONTINUOUS
  66
1
  70
0
  40
0.0023
  41
0.0023
  0
VERTEX
  8
Top_Silk
  10
1.0707
  20
2.1019
  42
1
  0
VERTEX
  8
Top_Silk
  10
1.073
  20
2.1019
  42
1
  0
VERTEX
  8
Top_Silk
  10
1.0707
  20
2.1019
  42
1
  0
SEQEND
  0
POLYLINE
  8
Top_Silk
  6
CONTINUOUS
  66
1
  70
0
  40
0.0023
  41
0.0023
  0
VERTEX
  8
Top_Silk
  10
1.0879
  20
2.0717
  42
1
  0
VERTEX
  8
Top_Silk
  10
1.0903
  20
2.0717
  42
1
  0
VERTEX
  8
Top_Silk
  10
1.0879
  20
2.0717
  42
1
  0
SEQEND
  0
POLYLINE
  8
Top_Silk
  6
CONTINUOUS
  66
1
  70
0
  40
0.0046
  41
0.0046
  0
VERTEX
  8
Top_Silk
  10
1.0998
  20
2.0947
  42
0
  0
VERTEX
  8
Top_Silk
  10
1.0998
  20
2.0961
  42
0
  0
VERTEX
  8
Top_Silk
  10
1.1012
  20
2.099
  42
0
  0
VERTEX
  8
Top_Silk
  10
1.1027
  20
2.1004
  42
0
  0
VERTEX
  8
Top_Silk
  10
1.1056
  20
2.1018
  42
0
  0
VERTEX
  8
Top_Silk
  10
1.1113
  20
2.1018
  42
0
  0
VERTEX
  8
Top_Silk
  10
1.1141
  20
2.1004
  42
0
  0
VERTEX
  8
Top_Silk
  10
1.1156
  20
2.099
  42
0
  0
VERTEX
  8
Top_Silk
  10
1.117
  20
2.0961
  42
0
  0
VERTEX
  8
Top_Silk
  10
1.117
  20
2.0933
  42
0
  0
VERTEX
  8
Top_Silk
  10
1.1156
  20
2.0904
  42
0
  0
VERTEX
  8
Top_Silk
  10
1.1127
  20
2.0861
  42
0
  0
VERTEX
  8
Top_Silk
  10
1.0984
  20
2.0717
  42
0
  0
VERTEX
  8
Top_Silk
  10
1.1185
  20
2.0717
  42
0
  0
SEQEND
  0
POLYLINE
  8
Top_Silk
  6
CONTINUOUS
  66
1
  70
0
  40
0.0023
  41
0.0023
  0
VERTEX
  8
Top_Silk
  10
1.0987
  20
2.0947
  42
1
  0
VERTEX
  8
Top_Silk
  10
1.101
  20
2.0947
  42
1
  0
VERTEX
  8
Top_Silk
  10
1.0987
  20
2.0947
  42
1
  0
SEQEND
  0
POLYLINE
  8
Top_Silk
  6
CONTINUOUS
  66
1
  70
0
  40
0.0023
  41
0.0023
  0
VERTEX
  8
Top_Silk
  10
1.1173
  20
2.0717
  42
1
  0
VERTEX
  8
Top_Silk
  10
1.1196
  20
2.0717
  42
1
  0
VERTEX
  8
Top_Silk
  10
1.1173
  20
2.0717
  42
1
  0
SEQEND
  0
POLYLINE
  8
Top_Silk
  6
CONTINUOUS
  66
1
  70
0
  40
0.008
  41
0.008
  0
VERTEX
  8
Top_Silk
  10
0.285
  20
2.08
  42
0
  0
VERTEX
  8
Top_Silk
  10
0.085
  20
2.08
  42
0
  0
VERTEX
  8
Top_Silk
  10
0.085
  20
1.78
  42
0
  0
VERTEX
  8
Top_Silk
  10
0.285
  20
1.78
  42
0
  0
VERTEX
  8
Top_Silk
  10
0.285
  20
2.08
  42
0
  0
SEQEND
  0
POLYLINE
  8
Top_Silk
  6
CONTINUOUS
  66
1
  70
0
  40
0.0046
  41
0.0046
  0
VERTEX
  8
Top_Silk
  10
0.3131
  20
2.0331
  42
0
  0
VERTEX
  8
Top_Silk
  10
0.3131
  20
2.0202
  42
0
  0
VERTEX
  8
Top_Silk
  10
0.3146
  20
2.0159
  42
0
  0
VERTEX
  8
Top_Silk
  10
0.316
  20
2.0145
  42
0
  0
VERTEX
  8
Top_Silk
  10
0.3189
  20
2.013
  42
0
  0
VERTEX
  8
Top_Silk
  10
0.3232
  20
2.013
  42
0
  0
VERTEX
  8
Top_Silk
  10
0.326
  20
2.0145
  42
0
  0
VERTEX
  8
Top_Silk
  10
0.3275
  20
2.0159
  42
0
  0
VERTEX
  8
Top_Silk
  10
0.3289
  20
2.0202
  42
0
  0
VERTEX
  8
Top_Silk
  10
0.3289
  20
2.0331
  42
0
  0
VERTEX
  8
Top_Silk
  10
0.2988
  20
2.0331
  42
0
  0
SEQEND
  0
POLYLINE
  8
Top_Silk
  6
CONTINUOUS
  66
1
  70
0
  40
0.0023
  41
0.0023
  0
VERTEX
  8
Top_Silk
  10
0.312
  20
2.0331
  42
1
  0
VERTEX
  8
Top_Silk
  10
0.3143
  20
2.0331
  42
1
  0
VERTEX
  8
Top_Silk
  10
0.312
  20
2.0331
  42
1
  0
SEQEND
  0
POLYLINE
  8
Top_Silk
  6
CONTINUOUS
  66
1
  70
0
  40
0.0023
  41
0.0023
  0
VERTEX
  8
Top_Silk
  10
0.2976
  20
2.0331
  42
1
  0
VERTEX
  8
Top_Silk
  10
0.2999
  20
2.0331
  42
1
  0
VERTEX
  8
Top_Silk
  10
0.2976
  20
2.0331
  42
1
  0
SEQEND
  0
POLYLINE
  8
Top_Silk
  6
CONTINUOUS
  66
1
  70
0
  40
0.0046
  41
0.0046
  0
VERTEX
  8
Top_Silk
  10
0.3146
  20
2.0038
  42
0
  0
VERTEX
  8
Top_Silk
  10
0.3146
  20
1.9909
  42
0
  0
VERTEX
  8
Top_Silk
  10
0.316
  20
1.9866
  42
0
  0
VERTEX
  8
Top_Silk
  10
0.3175
  20
1.9851
  42
0
  0
VERTEX
  8
Top_Silk
  10
0.3203
  20
1.9837
  42
0
  0
VERTEX
  8
Top_Silk
  10
0.3232
  20
1.9837
  42
0
  0
VERTEX
  8
Top_Silk
  10
0.326
  20
1.9851
  42
0
  0
VERTEX
  8
Top_Silk
  10
0.3275
  20
1.9866
  42
0
  0
VERTEX
  8
Top_Silk
  10
0.3289
  20
1.9909
  42
0
  0
VERTEX
  8
Top_Silk
  10
0.3289
  20
2.0038
  42
0
  0
VERTEX
  8
Top_Silk
  10
0.2988
  20
2.0038
  42
0
  0
SEQEND
  0
POLYLINE
  8
Top_Silk
  6
CONTINUOUS
  66
1
  70
0
  40
0.0023
  41
0.0023
  0
VERTEX
  8
Top_Silk
  10
0.3134
  20
2.0038
  42
1
  0
VERTEX
  8
Top_Silk
  10
0.3157
  20
2.0038
  42
1
  0
VERTEX
  8
Top_Silk
  10
0.3134
  20
2.0038
  42
1
  0
SEQEND
  0
POLYLINE
  8
Top_Silk
  6
CONTINUOUS
  66
1
  70
0
  40
0.0023
  41
0.0023
  0
VERTEX
  8
Top_Silk
  10
0.2976
  20
2.0038
  42
1
  0
VERTEX
  8
Top_Silk
  10
0.2999
  20
2.0038
  42
1
  0
VERTEX
  8
Top_Silk
  10
0.2976
  20
2.0038
  42
1
  0
SEQEND
  0
POLYLINE
  8
Top_Silk
  6
CONTINUOUS
  66
1
  70
0
  40
0.0046
  41
0.0046
  0
VERTEX
  8
Top_Silk
  10
0.3146
  20
1.9937
  42
0
  0
VERTEX
  8
Top_Silk
  10
0.2988
  20
1.9837
  42
0
  0
SEQEND
  0
POLYLINE
  8
Top_Silk
  6
CONTINUOUS
  66
1
  70
0
  40
0.0023
  41
0.0023
  0
VERTEX
  8
Top_Silk
  10
0.3134
  20
1.9937
  42
1
  0
VERTEX
  8
Top_Silk
  10
0.3157
  20
1.9937
  42
1
  0
VERTEX
  8
Top_Silk
  10
0.3134
  20
1.9937
  42
1
  0
SEQEND
  0
POLYLINE
  8
Top_Silk
  6
CONTINUOUS
  66
1
  70
0
  40
0.0023
  41
0.0023
  0
VERTEX
  8
Top_Silk
  10
0.2976
  20
1.9837
  42
1
  0
VERTEX
  8
Top_Silk
  10
0.2999
  20
1.9837
  42
1
  0
VERTEX
  8
Top_Silk
  10
0.2976
  20
1.9837
  42
1
  0
SEQEND
  0
POLYLINE
  8
Top_Silk
  6
CONTINUOUS
  66
1
  70
0
  40
0.0046
  41
0.0046
  0
VERTEX
  8
Top_Silk
  10
0.3289
  20
1.9658
  42
0
  0
VERTEX
  8
Top_Silk
  10
0.3275
  20
1.9687
  42
0
  0
VERTEX
  8
Top_Silk
  10
0.3246
  20
1.9715
  42
0
  0
VERTEX
  8
Top_Silk
  10
0.3218
  20
1.973
  42
0
  0
VERTEX
  8
Top_Silk
  10
0.3175
  20
1.9744
  42
0
  0
VERTEX
  8
Top_Silk
  10
0.3103
  20
1.9744
  42
0
  0
VERTEX
  8
Top_Silk
  10
0.306
  20
1.973
  42
0
  0
VERTEX
  8
Top_Silk
  10
0.3031
  20
1.9715
  42
0
  0
VERTEX
  8
Top_Silk
  10
0.3002
  20
1.9687
  42
0
  0
VERTEX
  8
Top_Silk
  10
0.2988
  20
1.9658
  42
0
  0
VERTEX
  8
Top_Silk
  10
0.2988
  20
1.9601
  42
0
  0
VERTEX
  8
Top_Silk
  10
0.3002
  20
1.9572
  42
0
  0
VERTEX
  8
Top_Silk
  10
0.3031
  20
1.9543
  42
0
  0
VERTEX
  8
Top_Silk
  10
0.306
  20
1.9529
  42
0
  0
VERTEX
  8
Top_Silk
  10
0.3103
  20
1.9515
  42
0
  0
VERTEX
  8
Top_Silk
  10
0.3175
  20
1.9515
  42
0
  0
VERTEX
  8
Top_Silk
  10
0.3218
  20
1.9529
  42
0
  0
VERTEX
  8
Top_Silk
  10
0.3246
  20
1.9543
  42
0
  0
VERTEX
  8
Top_Silk
  10
0.3275
  20
1.9572
  42
0
  0
VERTEX
  8
Top_Silk
  10
0.3289
  20
1.9601
  42
0
  0
VERTEX
  8
Top_Silk
  10
0.3289
  20
1.9658
  42
0
  0
SEQEND
  0
POLYLINE
  8
Top_Silk
  6
CONTINUOUS
  66
1
  70
0
  40
0.0023
  41
0.0023
  0
VERTEX
  8
Top_Silk
  10
0.3278
  20
1.9658
  42
1
  0
VERTEX
  8
Top_Silk
  10
0.3301
  20
1.9658
  42
1
  0
VERTEX
  8
Top_Silk
  10
0.3278
  20
1.9658
  42
1
  0
SEQEND
  0
POLYLINE
  8
Top_Silk
  6
CONTINUOUS
  66
1
  70
0
  40
0.0046
  41
0.0046
  0
VERTEX
  8
Top_Silk
  10
0.3218
  20
1.9207
  42
0
  0
VERTEX
  8
Top_Silk
  10
0.3246
  20
1.9221
  42
0
  0
VERTEX
  8
Top_Silk
  10
0.3275
  20
1.925
  42
0
  0
VERTEX
  8
Top_Silk
  10
0.3289
  20
1.9278
  42
0
  0
VERTEX
  8
Top_Silk
  10
0.3289
  20
1.9336
  42
0
  0
VERTEX
  8
Top_Silk
  10
0.3275
  20
1.9365
  42
0
  0
VERTEX
  8
Top_Silk
  10
0.3246
  20
1.9393
  42
0
  0
VERTEX
  8
Top_Silk
  10
0.3218
  20
1.9408
  42
0
  0
VERTEX
  8
Top_Silk
  10
0.3175
  20
1.9422
  42
0
  0
VERTEX
  8
Top_Silk
  10
0.3103
  20
1.9422
  42
0
  0
VERTEX
  8
Top_Silk
  10
0.306
  20
1.9408
  42
0
  0
VERTEX
  8
Top_Silk
  10
0.3031
  20
1.9393
  42
0
  0
VERTEX
  8
Top_Silk
  10
0.3002
  20
1.9365
  42
0
  0
VERTEX
  8
Top_Silk
  10
0.2988
  20
1.9336
  42
0
  0
VERTEX
  8
Top_Silk
  10
0.2988
  20
1.9278
  42
0
  0
VERTEX
  8
Top_Silk
  10
0.3002
  20
1.925
  42
0
  0
VERTEX
  8
Top_Silk
  10
0.3031
  20
1.9221
  42
0
  0
VERTEX
  8
Top_Silk
  10
0.306
  20
1.9207
  42
0
  0
VERTEX
  8
Top_Silk
  10
0.3103
  20
1.9207
  42
0
  0
VERTEX
  8
Top_Silk
  10
0.3103
  20
1.9278
  42
0
  0
SEQEND
  0
POLYLINE
  8
Top_Silk
  6
CONTINUOUS
  66
1
  70
0
  40
0.0023
  41
0.0023
  0
VERTEX
  8
Top_Silk
  10
0.3206
  20
1.9207
  42
1
  0
VERTEX
  8
Top_Silk
  10
0.3229
  20
1.9207
  42
1
  0
VERTEX
  8
Top_Silk
  10
0.3206
  20
1.9207
  42
1
  0
SEQEND
  0
POLYLINE
  8
Top_Silk
  6
CONTINUOUS
  66
1
  70
0
  40
0.0023
  41
0.0023
  0
VERTEX
  8
Top_Silk
  10
0.3091
  20
1.9278
  42
1
  0
VERTEX
  8
Top_Silk
  10
0.3114
  20
1.9278
  42
1
  0
VERTEX
  8
Top_Silk
  10
0.3091
  20
1.9278
  42
1
  0
SEQEND
  0
POLYLINE
  8
Top_Silk
  6
CONTINUOUS
  66
1
  70
0
  40
0.0046
  41
0.0046
  0
VERTEX
  8
Top_Silk
  10
0.3146
  20
1.9114
  42
0
  0
VERTEX
  8
Top_Silk
  10
0.3146
  20
1.8985
  42
0
  0
VERTEX
  8
Top_Silk
  10
0.316
  20
1.8942
  42
0
  0
VERTEX
  8
Top_Silk
  10
0.3175
  20
1.8927
  42
0
  0
VERTEX
  8
Top_Silk
  10
0.3203
  20
1.8913
  42
0
  0
VERTEX
  8
Top_Silk
  10
0.3232
  20
1.8913
  42
0
  0
VERTEX
  8
Top_Silk
  10
0.326
  20
1.8927
  42
0
  0
VERTEX
  8
Top_Silk
  10
0.3275
  20
1.8942
  42
0
  0
VERTEX
  8
Top_Silk
  10
0.3289
  20
1.8985
  42
0
  0
VERTEX
  8
Top_Silk
  10
0.3289
  20
1.9114
  42
0
  0
VERTEX
  8
Top_Silk
  10
0.2988
  20
1.9114
  42
0
  0
SEQEND
  0
POLYLINE
  8
Top_Silk
  6
CONTINUOUS
  66
1
  70
0
  40
0.0023
  41
0.0023
  0
VERTEX
  8
Top_Silk
  10
0.3134
  20
1.9114
  42
1
  0
VERTEX
  8
Top_Silk
  10
0.3157
  20
1.9114
  42
1
  0
VERTEX
  8
Top_Silk
  10
0.3134
  20
1.9114
  42
1
  0
SEQEND
  0
POLYLINE
  8
Top_Silk
  6
CONTINUOUS
  66
1
  70
0
  40
0.0023
  41
0.0023
  0
VERTEX
  8
Top_Silk
  10
0.2976
  20
1.9114
  42
1
  0
VERTEX
  8
Top_Silk
  10
0.2999
  20
1.9114
  42
1
  0
VERTEX
  8
Top_Silk
  10
0.2976
  20
1.9114
  42
1
  0
SEQEND
  0
POLYLINE
  8
Top_Silk
  6
CONTINUOUS
  66
1
  70
0
  40
0.0046
  41
0.0046
  0
VERTEX
  8
Top_Silk
  10
0.3146
  20
1.9014
  42
0
  0
VERTEX
  8
Top_Silk
  10
0.2988
  20
1.8913
  42
0
  0
SEQEND
  0
POLYLINE
  8
Top_Silk
  6
CONTINUOUS
  66
1
  70
0
  40
0.0023
  41
0.0023
  0
VERTEX
  8
Top_Silk
  10
0.3134
  20
1.9014
  42
1
  0
VERTEX
  8
Top_Silk
  10
0.3157
  20
1.9014
  42
1
  0
VERTEX
  8
Top_Silk
  10
0.3134
  20
1.9014
  42
1
  0
SEQEND
  0
POLYLINE
  8
Top_Silk
  6
CONTINUOUS
  66
1
  70
0
  40
0.0023
  41
0.0023
  0
VERTEX
  8
Top_Silk
  10
0.2976
  20
1.8913
  42
1
  0
VERTEX
  8
Top_Silk
  10
0.2999
  20
1.8913
  42
1
  0
VERTEX
  8
Top_Silk
  10
0.2976
  20
1.8913
  42
1
  0
SEQEND
  0
POLYLINE
  8
Top_Silk
  6
CONTINUOUS
  66
1
  70
0
  40
0.0046
  41
0.0046
  0
VERTEX
  8
Top_Silk
  10
0.2988
  20
1.8591
  42
0
  0
VERTEX
  8
Top_Silk
  10
0.3289
  20
1.8706
  42
0
  0
VERTEX
  8
Top_Silk
  10
0.2988
  20
1.8821
  42
0
  0
SEQEND
  0
POLYLINE
  8
Top_Silk
  6
CONTINUOUS
  66
1
  70
0
  40
0.0023
  41
0.0023
  0
VERTEX
  8
Top_Silk
  10
0.2976
  20
1.8591
  42
1
  0
VERTEX
  8
Top_Silk
  10
0.2999
  20
1.8591
  42
1
  0
VERTEX
  8
Top_Silk
  10
0.2976
  20
1.8591
  42
1
  0
SEQEND
  0
POLYLINE
  8
Top_Silk
  6
CONTINUOUS
  66
1
  70
0
  40
0.0023
  41
0.0023
  0
VERTEX
  8
Top_Silk
  10
0.2976
  20
1.8821
  42
1
  0
VERTEX
  8
Top_Silk
  10
0.2999
  20
1.8821
  42
1
  0
VERTEX
  8
Top_Silk
  10
0.2976
  20
1.8821
  42
1
  0
SEQEND
  0
POLYLINE
  8
Top_Silk
  6
CONTINUOUS
  66
1
  70
0
  40
0.0046
  41
0.0046
  0
VERTEX
  8
Top_Silk
  10
0.3088
  20
1.8777
  42
0
  0
VERTEX
  8
Top_Silk
  10
0.3088
  20
1.8634
  42
0
  0
SEQEND
  0
POLYLINE
  8
Top_Silk
  6
CONTINUOUS
  66
1
  70
0
  40
0.0023
  41
0.0023
  0
VERTEX
  8
Top_Silk
  10
0.3077
  20
1.8777
  42
1
  0
VERTEX
  8
Top_Silk
  10
0.31
  20
1.8777
  42
1
  0
VERTEX
  8
Top_Silk
  10
0.3077
  20
1.8777
  42
1
  0
SEQEND
  0
POLYLINE
  8
Top_Silk
  6
CONTINUOUS
  66
1
  70
0
  40
0.0023
  41
0.0023
  0
VERTEX
  8
Top_Silk
  10
0.3077
  20
1.8634
  42
1
  0
VERTEX
  8
Top_Silk
  10
0.31
  20
1.8634
  42
1
  0
VERTEX
  8
Top_Silk
  10
0.3077
  20
1.8634
  42
1
  0
SEQEND
  0
POLYLINE
  8
Top_Silk
  6
CONTINUOUS
  66
1
  70
0
  40
0.0046
  41
0.0046
  0
VERTEX
  8
Top_Silk
  10
0.2988
  20
1.8269
  42
0
  0
VERTEX
  8
Top_Silk
  10
0.3289
  20
1.8269
  42
0
  0
VERTEX
  8
Top_Silk
  10
0.2988
  20
1.8383
  42
0
  0
VERTEX
  8
Top_Silk
  10
0.3289
  20
1.8498
  42
0
  0
VERTEX
  8
Top_Silk
  10
0.2988
  20
1.8498
  42
0
  0
SEQEND
  0
POLYLINE
  8
Top_Silk
  6
CONTINUOUS
  66
1
  70
0
  40
0.0023
  41
0.0023
  0
VERTEX
  8
Top_Silk
  10
0.2976
  20
1.8269
  42
1
  0
VERTEX
  8
Top_Silk
  10
0.2999
  20
1.8269
  42
1
  0
VERTEX
  8
Top_Silk
  10
0.2976
  20
1.8269
  42
1
  0
SEQEND
  0
POLYLINE
  8
Top_Silk
  6
CONTINUOUS
  66
1
  70
0
  40
0.0023
  41
0.0023
  0
VERTEX
  8
Top_Silk
  10
0.2976
  20
1.8498
  42
1
  0
VERTEX
  8
Top_Silk
  10
0.2999
  20
1.8498
  42
1
  0
VERTEX
  8
Top_Silk
  10
0.2976
  20
1.8498
  42
1
  0
SEQEND
  0
POLYLINE
  8
Top_Silk
  6
CONTINUOUS
  66
1
  70
0
  40
0.008
  41
0.008
  0
VERTEX
  8
Top_Silk
  10
3.0424
  20
2.5577
  42
0
  0
VERTEX
  8
Top_Silk
  10
3.0422
  20
2.5593
  42
0
  0
VERTEX
  8
Top_Silk
  10
3.0415
  20
2.5606
  42
0
  0
VERTEX
  8
Top_Silk
  10
3.0404
  20
2.5617
  42
0
  0
VERTEX
  8
Top_Silk
  10
3.039
  20
2.5624
  42
0
  0
VERTEX
  8
Top_Silk
  10
3.0375
  20
2.5627
  42
0
  0
VERTEX
  8
Top_Silk
  10
3.036
  20
2.5624
  42
0
  0
VERTEX
  8
Top_Silk
  10
3.0346
  20
2.5617
  42
0
  0
VERTEX
  8
Top_Silk
  10
3.0335
  20
2.5606
  42
0
  0
VERTEX
  8
Top_Silk
  10
3.0328
  20
2.5593
  42
0
  0
VERTEX
  8
Top_Silk
  10
3.0326
  20
2.5577
  42
0
  0
VERTEX
  8
Top_Silk
  10
3.0328
  20
2.5562
  42
0
  0
VERTEX
  8
Top_Silk
  10
3.0335
  20
2.5549
  42
0
  0
VERTEX
  8
Top_Silk
  10
3.0346
  20
2.5538
  42
0
  0
VERTEX
  8
Top_Silk
  10
3.036
  20
2.5531
  42
0
  0
VERTEX
  8
Top_Silk
  10
3.0375
  20
2.5528
  42
0
  0
VERTEX
  8
Top_Silk
  10
3.039
  20
2.5531
  42
0
  0
VERTEX
  8
Top_Silk
  10
3.0404
  20
2.5538
  42
0
  0
VERTEX
  8
Top_Silk
  10
3.0415
  20
2.5549
  42
0
  0
VERTEX
  8
Top_Silk
  10
3.0422
  20
2.5562
  42
0
  0
VERTEX
  8
Top_Silk
  10
3.0424
  20
2.5577
  42
0
  0
SEQEND
  0
POLYLINE
  8
Top_Silk
  6
CONTINUOUS
  66
1
  70
0
  40
0.008
  41
0.008
  0
VERTEX
  8
Top_Silk
  10
3.0631
  20
2.5932
  42
0
  0
VERTEX
  8
Top_Silk
  10
3.0631
  20
2.6523
  42
0
  0
SEQEND
  0
POLYLINE
  8
Top_Silk
  6
CONTINUOUS
  66
1
  70
0
  40
0.008
  41
0.008
  0
VERTEX
  8
Top_Silk
  10
3.1635
  20
2.5932
  42
0
  0
VERTEX
  8
Top_Silk
  10
3.1635
  20
2.6523
  42
0
  0
SEQEND
  0
POLYLINE
  8
Top_Silk
  6
CONTINUOUS
  66
1
  70
0
  40
0.008
  41
0.008
  0
VERTEX
  8
Top_Silk
  10
3.0631
  20
2.6523
  42
0
  0
VERTEX
  8
Top_Silk
  10
3.0809
  20
2.6523
  42
0
  0
SEQEND
  0
POLYLINE
  8
Top_Silk
  6
CONTINUOUS
  66
1
  70
0
  40
0.008
  41
0.008
  0
VERTEX
  8
Top_Silk
  10
3.1457
  20
2.6523
  42
0
  0
VERTEX
  8
Top_Silk
  10
3.1635
  20
2.6523
  42
0
  0
SEQEND
  0
POLYLINE
  8
Top_Silk
  6
CONTINUOUS
  66
1
  70
0
  40
0.0046
  41
0.0046
  0
VERTEX
  8
Top_Silk
  10
3.0813
  20
2.6951
  42
0
  0
VERTEX
  8
Top_Silk
  10
3.08
  20
2.6979
  42
0
  0
VERTEX
  8
Top_Silk
  10
3.0771
  20
2.7008
  42
0
  0
VERTEX
  8
Top_Silk
  10
3.0742
  20
2.7022
  42
0
  0
VERTEX
  8
Top_Silk
  10
3.0699
  20
2.7037
  42
0
  0
VERTEX
  8
Top_Silk
  10
3.0627
  20
2.7037
  42
0
  0
VERTEX
  8
Top_Silk
  10
3.0584
  20
2.7022
  42
0
  0
VERTEX
  8
Top_Silk
  10
3.0555
  20
2.7008
  42
0
  0
VERTEX
  8
Top_Silk
  10
3.0527
  20
2.6979
  42
0
  0
VERTEX
  8
Top_Silk
  10
3.0512
  20
2.6951
  42
0
  0
VERTEX
  8
Top_Silk
  10
3.0512
  20
2.6893
  42
0
  0
VERTEX
  8
Top_Silk
  10
3.0527
  20
2.6865
  42
0
  0
VERTEX
  8
Top_Silk
  10
3.0555
  20
2.6836
  42
0
  0
VERTEX
  8
Top_Silk
  10
3.0584
  20
2.6822
  42
0
  0
VERTEX
  8
Top_Silk
  10
3.0627
  20
2.6807
  42
0
  0
VERTEX
  8
Top_Silk
  10
3.0699
  20
2.6807
  42
0
  0
VERTEX
  8
Top_Silk
  10
3.0742
  20
2.6822
  42
0
  0
VERTEX
  8
Top_Silk
  10
3.0771
  20
2.6836
  42
0
  0
VERTEX
  8
Top_Silk
  10
3.08
  20
2.6865
  42
0
  0
VERTEX
  8
Top_Silk
  10
3.0813
  20
2.6893
  42
0
  0
VERTEX
  8
Top_Silk
  10
3.0813
  20
2.6951
  42
0
  0
SEQEND
  0
POLYLINE
  8
Top_Silk
  6
CONTINUOUS
  66
1
  70
0
  40
0.0023
  41
0.0023
  0
VERTEX
  8
Top_Silk
  10
3.0802
  20
2.6951
  42
1
  0
VERTEX
  8
Top_Silk
  10
3.0825
  20
2.6951
  42
1
  0
VERTEX
  8
Top_Silk
  10
3.0802
  20
2.6951
  42
1
  0
SEQEND
  0
POLYLINE
  8
Top_Silk
  6
CONTINUOUS
  66
1
  70
0
  40
0.0046
  41
0.0046
  0
VERTEX
  8
Top_Silk
  10
3.057
  20
2.6908
  42
0
  0
VERTEX
  8
Top_Silk
  10
3.0484
  20
2.6822
  42
0
  0
SEQEND
  0
POLYLINE
  8
Top_Silk
  6
CONTINUOUS
  66
1
  70
0
  40
0.0023
  41
0.0023
  0
VERTEX
  8
Top_Silk
  10
3.0558
  20
2.6908
  42
1
  0
VERTEX
  8
Top_Silk
  10
3.0581
  20
2.6908
  42
1
  0
VERTEX
  8
Top_Silk
  10
3.0558
  20
2.6908
  42
1
  0
SEQEND
  0
POLYLINE
  8
Top_Silk
  6
CONTINUOUS
  66
1
  70
0
  40
0.0023
  41
0.0023
  0
VERTEX
  8
Top_Silk
  10
3.0472
  20
2.6822
  42
1
  0
VERTEX
  8
Top_Silk
  10
3.0495
  20
2.6822
  42
1
  0
VERTEX
  8
Top_Silk
  10
3.0472
  20
2.6822
  42
1
  0
SEQEND
  0
POLYLINE
  8
Top_Silk
  6
CONTINUOUS
  66
1
  70
0
  40
0.0046
  41
0.0046
  0
VERTEX
  8
Top_Silk
  10
3.0756
  20
2.6715
  42
0
  0
VERTEX
  8
Top_Silk
  10
3.077
  20
2.6686
  42
0
  0
VERTEX
  8
Top_Silk
  10
3.0813
  20
2.6643
  42
0
  0
VERTEX
  8
Top_Silk
  10
3.0512
  20
2.6643
  42
0
  0
SEQEND
  0
POLYLINE
  8
Top_Silk
  6
CONTINUOUS
  66
1
  70
0
  40
0.0023
  41
0.0023
  0
VERTEX
  8
Top_Silk
  10
3.0744
  20
2.6715
  42
1
  0
VERTEX
  8
Top_Silk
  10
3.0767
  20
2.6715
  42
1
  0
VERTEX
  8
Top_Silk
  10
3.0744
  20
2.6715
  42
1
  0
SEQEND
  0
POLYLINE
  8
Top_Silk
  6
CONTINUOUS
  66
1
  70
0
  40
0.0023
  41
0.0023
  0
VERTEX
  8
Top_Silk
  10
3.05
  20
2.6643
  42
1
  0
VERTEX
  8
Top_Silk
  10
3.0524
  20
2.6643
  42
1
  0
VERTEX
  8
Top_Silk
  10
3.05
  20
2.6643
  42
1
  0
SEQEND
  0
POLYLINE
  8
Top_Silk
  6
CONTINUOUS
  66
1
  70
0
  40
0.008
  41
0.008
  0
VERTEX
  8
Top_Silk
  10
3.0674
  20
1.1227
  42
0
  0
VERTEX
  8
Top_Silk
  10
3.0672
  20
1.1243
  42
0
  0
VERTEX
  8
Top_Silk
  10
3.0665
  20
1.1256
  42
0
  0
VERTEX
  8
Top_Silk
  10
3.0654
  20
1.1267
  42
0
  0
VERTEX
  8
Top_Silk
  10
3.064
  20
1.1274
  42
0
  0
VERTEX
  8
Top_Silk
  10
3.0625
  20
1.1277
  42
0
  0
VERTEX
  8
Top_Silk
  10
3.061
  20
1.1274
  42
0
  0
VERTEX
  8
Top_Silk
  10
3.0596
  20
1.1267
  42
0
  0
VERTEX
  8
Top_Silk
  10
3.0585
  20
1.1256
  42
0
  0
VERTEX
  8
Top_Silk
  10
3.0578
  20
1.1243
  42
0
  0
VERTEX
  8
Top_Silk
  10
3.0576
  20
1.1227
  42
0
  0
VERTEX
  8
Top_Silk
  10
3.0578
  20
1.1212
  42
0
  0
VERTEX
  8
Top_Silk
  10
3.0585
  20
1.1199
  42
0
  0
VERTEX
  8
Top_Silk
  10
3.0596
  20
1.1188
  42
0
  0
VERTEX
  8
Top_Silk
  10
3.061
  20
1.1181
  42
0
  0
VERTEX
  8
Top_Silk
  10
3.0625
  20
1.1178
  42
0
  0
VERTEX
  8
Top_Silk
  10
3.064
  20
1.1181
  42
0
  0
VERTEX
  8
Top_Silk
  10
3.0654
  20
1.1188
  42
0
  0
VERTEX
  8
Top_Silk
  10
3.0665
  20
1.1199
  42
0
  0
VERTEX
  8
Top_Silk
  10
3.0672
  20
1.1212
  42
0
  0
VERTEX
  8
Top_Silk
  10
3.0674
  20
1.1227
  42
0
  0
SEQEND
  0
POLYLINE
  8
Top_Silk
  6
CONTINUOUS
  66
1
  70
0
  40
0.008
  41
0.008
  0
VERTEX
  8
Top_Silk
  10
3.0881
  20
1.1582
  42
0
  0
VERTEX
  8
Top_Silk
  10
3.0881
  20
1.2173
  42
0
  0
SEQEND
  0
POLYLINE
  8
Top_Silk
  6
CONTINUOUS
  66
1
  70
0
  40
0.008
  41
0.008
  0
VERTEX
  8
Top_Silk
  10
3.1885
  20
1.1582
  42
0
  0
VERTEX
  8
Top_Silk
  10
3.1885
  20
1.2173
  42
0
  0
SEQEND
  0
POLYLINE
  8
Top_Silk
  6
CONTINUOUS
  66
1
  70
0
  40
0.008
  41
0.008
  0
VERTEX
  8
Top_Silk
  10
3.0881
  20
1.2173
  42
0
  0
VERTEX
  8
Top_Silk
  10
3.1059
  20
1.2173
  42
0
  0
SEQEND
  0
POLYLINE
  8
Top_Silk
  6
CONTINUOUS
  66
1
  70
0
  40
0.008
  41
0.008
  0
VERTEX
  8
Top_Silk
  10
3.1707
  20
1.2173
  42
0
  0
VERTEX
  8
Top_Silk
  10
3.1885
  20
1.2173
  42
0
  0
SEQEND
  0
POLYLINE
  8
Top_Silk
  6
CONTINUOUS
  66
1
  70
0
  40
0.0046
  41
0.0046
  0
VERTEX
  8
Top_Silk
  10
3.2337
  20
1.2065
  42
0
  0
VERTEX
  8
Top_Silk
  10
3.2323
  20
1.2094
  42
0
  0
VERTEX
  8
Top_Silk
  10
3.2294
  20
1.2123
  42
0
  0
VERTEX
  8
Top_Silk
  10
3.2265
  20
1.2137
  42
0
  0
VERTEX
  8
Top_Silk
  10
3.2222
  20
1.2152
  42
0
  0
VERTEX
  8
Top_Silk
  10
3.215
  20
1.2152
  42
0
  0
VERTEX
  8
Top_Silk
  10
3.2107
  20
1.2137
  42
0
  0
VERTEX
  8
Top_Silk
  10
3.2079
  20
1.2123
  42
0
  0
VERTEX
  8
Top_Silk
  10
3.205
  20
1.2094
  42
0
  0
VERTEX
  8
Top_Silk
  10
3.2035
  20
1.2065
  42
0
  0
VERTEX
  8
Top_Silk
  10
3.2035
  20
1.2008
  42
0
  0
VERTEX
  8
Top_Silk
  10
3.205
  20
1.1979
  42
0
  0
VERTEX
  8
Top_Silk
  10
3.2079
  20
1.1951
  42
0
  0
VERTEX
  8
Top_Silk
  10
3.2107
  20
1.1936
  42
0
  0
VERTEX
  8
Top_Silk
  10
3.215
  20
1.1922
  42
0
  0
VERTEX
  8
Top_Silk
  10
3.2222
  20
1.1922
  42
0
  0
VERTEX
  8
Top_Silk
  10
3.2265
  20
1.1936
  42
0
  0
VERTEX
  8
Top_Silk
  10
3.2294
  20
1.1951
  42
0
  0
VERTEX
  8
Top_Silk
  10
3.2323
  20
1.1979
  42
0
  0
VERTEX
  8
Top_Silk
  10
3.2337
  20
1.2008
  42
0
  0
VERTEX
  8
Top_Silk
  10
3.2337
  20
1.2065
  42
0
  0
SEQEND
  0
POLYLINE
  8
Top_Silk
  6
CONTINUOUS
  66
1
  70
0
  40
0.0023
  41
0.0023
  0
VERTEX
  8
Top_Silk
  10
3.2325
  20
1.2065
  42
1
  0
VERTEX
  8
Top_Silk
  10
3.2348
  20
1.2065
  42
1
  0
VERTEX
  8
Top_Silk
  10
3.2325
  20
1.2065
  42
1
  0
SEQEND
  0
POLYLINE
  8
Top_Silk
  6
CONTINUOUS
  66
1
  70
0
  40
0.0046
  41
0.0046
  0
VERTEX
  8
Top_Silk
  10
3.2093
  20
1.2022
  42
0
  0
VERTEX
  8
Top_Silk
  10
3.2007
  20
1.1936
  42
0
  0
SEQEND
  0
POLYLINE
  8
Top_Silk
  6
CONTINUOUS
  66
1
  70
0
  40
0.0023
  41
0.0023
  0
VERTEX
  8
Top_Silk
  10
3.2081
  20
1.2022
  42
1
  0
VERTEX
  8
Top_Silk
  10
3.2104
  20
1.2022
  42
1
  0
VERTEX
  8
Top_Silk
  10
3.2081
  20
1.2022
  42
1
  0
SEQEND
  0
POLYLINE
  8
Top_Silk
  6
CONTINUOUS
  66
1
  70
0
  40
0.0023
  41
0.0023
  0
VERTEX
  8
Top_Silk
  10
3.1995
  20
1.1936
  42
1
  0
VERTEX
  8
Top_Silk
  10
3.2018
  20
1.1936
  42
1
  0
VERTEX
  8
Top_Silk
  10
3.1995
  20
1.1936
  42
1
  0
SEQEND
  0
POLYLINE
  8
Top_Silk
  6
CONTINUOUS
  66
1
  70
0
  40
0.0046
  41
0.0046
  0
VERTEX
  8
Top_Silk
  10
3.2265
  20
1.1815
  42
0
  0
VERTEX
  8
Top_Silk
  10
3.2279
  20
1.1815
  42
0
  0
VERTEX
  8
Top_Silk
  10
3.2308
  20
1.18
  42
0
  0
VERTEX
  8
Top_Silk
  10
3.2322
  20
1.1786
  42
0
  0
VERTEX
  8
Top_Silk
  10
3.2336
  20
1.1757
  42
0
  0
VERTEX
  8
Top_Silk
  10
3.2336
  20
1.17
  42
0
  0
VERTEX
  8
Top_Silk
  10
3.2322
  20
1.1671
  42
0
  0
VERTEX
  8
Top_Silk
  10
3.2308
  20
1.1657
  42
0
  0
VERTEX
  8
Top_Silk
  10
3.2279
  20
1.1642
  42
0
  0
VERTEX
  8
Top_Silk
  10
3.225
  20
1.1642
  42
0
  0
VERTEX
  8
Top_Silk
  10
3.2222
  20
1.1657
  42
0
  0
VERTEX
  8
Top_Silk
  10
3.2179
  20
1.1686
  42
0
  0
VERTEX
  8
Top_Silk
  10
3.2035
  20
1.1829
  42
0
  0
VERTEX
  8
Top_Silk
  10
3.2035
  20
1.1628
  42
0
  0
SEQEND
  0
POLYLINE
  8
Top_Silk
  6
CONTINUOUS
  66
1
  70
0
  40
0.0023
  41
0.0023
  0
VERTEX
  8
Top_Silk
  10
3.2253
  20
1.1815
  42
1
  0
VERTEX
  8
Top_Silk
  10
3.2276
  20
1.1815
  42
1
  0
VERTEX
  8
Top_Silk
  10
3.2253
  20
1.1815
  42
1
  0
SEQEND
  0
POLYLINE
  8
Top_Silk
  6
CONTINUOUS
  66
1
  70
0
  40
0.0023
  41
0.0023
  0
VERTEX
  8
Top_Silk
  10
3.2024
  20
1.1628
  42
1
  0
VERTEX
  8
Top_Silk
  10
3.2047
  20
1.1628
  42
1
  0
VERTEX
  8
Top_Silk
  10
3.2024
  20
1.1628
  42
1
  0
SEQEND
  0
POLYLINE
  8
Top_Silk
  6
CONTINUOUS
  66
1
  70
0
  40
0.008
  41
0.008
  0
VERTEX
  8
Top_Silk
  10
2.7324
  20
1.4427
  42
0
  0
VERTEX
  8
Top_Silk
  10
2.7322
  20
1.4443
  42
0
  0
VERTEX
  8
Top_Silk
  10
2.7315
  20
1.4456
  42
0
  0
VERTEX
  8
Top_Silk
  10
2.7304
  20
1.4467
  42
0
  0
VERTEX
  8
Top_Silk
  10
2.729
  20
1.4474
  42
0
  0
VERTEX
  8
Top_Silk
  10
2.7275
  20
1.4477
  42
0
  0
VERTEX
  8
Top_Silk
  10
2.726
  20
1.4474
  42
0
  0
VERTEX
  8
Top_Silk
  10
2.7246
  20
1.4467
  42
0
  0
VERTEX
  8
Top_Silk
  10
2.7235
  20
1.4456
  42
0
  0
VERTEX
  8
Top_Silk
  10
2.7228
  20
1.4443
  42
0
  0
VERTEX
  8
Top_Silk
  10
2.7226
  20
1.4427
  42
0
  0
VERTEX
  8
Top_Silk
  10
2.7228
  20
1.4412
  42
0
  0
VERTEX
  8
Top_Silk
  10
2.7235
  20
1.4399
  42
0
  0
VERTEX
  8
Top_Silk
  10
2.7246
  20
1.4388
  42
0
  0
VERTEX
  8
Top_Silk
  10
2.726
  20
1.4381
  42
0
  0
VERTEX
  8
Top_Silk
  10
2.7275
  20
1.4378
  42
0
  0
VERTEX
  8
Top_Silk
  10
2.729
  20
1.4381
  42
0
  0
VERTEX
  8
Top_Silk
  10
2.7304
  20
1.4388
  42
0
  0
VERTEX
  8
Top_Silk
  10
2.7315
  20
1.4399
  42
0
  0
VERTEX
  8
Top_Silk
  10
2.7322
  20
1.4412
  42
0
  0
VERTEX
  8
Top_Silk
  10
2.7324
  20
1.4427
  42
0
  0
SEQEND
  0
POLYLINE
  8
Top_Silk
  6
CONTINUOUS
  66
1
  70
0
  40
0.008
  41
0.008
  0
VERTEX
  8
Top_Silk
  10
2.7531
  20
1.4782
  42
0
  0
VERTEX
  8
Top_Silk
  10
2.7531
  20
1.5373
  42
0
  0
SEQEND
  0
POLYLINE
  8
Top_Silk
  6
CONTINUOUS
  66
1
  70
0
  40
0.008
  41
0.008
  0
VERTEX
  8
Top_Silk
  10
2.8535
  20
1.4782
  42
0
  0
VERTEX
  8
Top_Silk
  10
2.8535
  20
1.5373
  42
0
  0
SEQEND
  0
POLYLINE
  8
Top_Silk
  6
CONTINUOUS
  66
1
  70
0
  40
0.008
  41
0.008
  0
VERTEX
  8
Top_Silk
  10
2.7531
  20
1.5373
  42
0
  0
VERTEX
  8
Top_Silk
  10
2.7709
  20
1.5373
  42
0
  0
SEQEND
  0
POLYLINE
  8
Top_Silk
  6
CONTINUOUS
  66
1
  70
0
  40
0.008
  41
0.008
  0
VERTEX
  8
Top_Silk
  10
2.8357
  20
1.5373
  42
0
  0
VERTEX
  8
Top_Silk
  10
2.8535
  20
1.5373
  42
0
  0
SEQEND
  0
POLYLINE
  8
Top_Silk
  6
CONTINUOUS
  66
1
  70
0
  40
0.0046
  41
0.0046
  0
VERTEX
  8
Top_Silk
  10
2.7081
  20
1.4914
  42
0
  0
VERTEX
  8
Top_Silk
  10
2.7095
  20
1.4886
  42
0
  0
VERTEX
  8
Top_Silk
  10
2.7124
  20
1.4857
  42
0
  0
VERTEX
  8
Top_Silk
  10
2.7153
  20
1.4843
  42
0
  0
VERTEX
  8
Top_Silk
  10
2.7196
  20
1.4828
  42
0
  0
VERTEX
  8
Top_Silk
  10
2.7268
  20
1.4828
  42
0
  0
VERTEX
  8
Top_Silk
  10
2.7311
  20
1.4843
  42
0
  0
VERTEX
  8
Top_Silk
  10
2.7339
  20
1.4857
  42
0
  0
VERTEX
  8
Top_Silk
  10
2.7368
  20
1.4886
  42
0
  0
VERTEX
  8
Top_Silk
  10
2.7382
  20
1.4914
  42
0
  0
VERTEX
  8
Top_Silk
  10
2.7382
  20
1.4972
  42
0
  0
VERTEX
  8
Top_Silk
  10
2.7368
  20
1.5001
  42
0
  0
VERTEX
  8
Top_Silk
  10
2.7339
  20
1.5029
  42
0
  0
VERTEX
  8
Top_Silk
  10
2.7311
  20
1.5043
  42
0
  0
VERTEX
  8
Top_Silk
  10
2.7268
  20
1.5058
  42
0
  0
VERTEX
  8
Top_Silk
  10
2.7196
  20
1.5058
  42
0
  0
VERTEX
  8
Top_Silk
  10
2.7153
  20
1.5043
  42
0
  0
VERTEX
  8
Top_Silk
  10
2.7124
  20
1.5029
  42
0
  0
VERTEX
  8
Top_Silk
  10
2.7095
  20
1.5001
  42
0
  0
VERTEX
  8
Top_Silk
  10
2.7081
  20
1.4972
  42
0
  0
VERTEX
  8
Top_Silk
  10
2.7081
  20
1.4914
  42
0
  0
SEQEND
  0
POLYLINE
  8
Top_Silk
  6
CONTINUOUS
  66
1
  70
0
  40
0.0023
  41
0.0023
  0
VERTEX
  8
Top_Silk
  10
2.707
  20
1.4914
  42
1
  0
VERTEX
  8
Top_Silk
  10
2.7093
  20
1.4914
  42
1
  0
VERTEX
  8
Top_Silk
  10
2.707
  20
1.4914
  42
1
  0
SEQEND
  0
POLYLINE
  8
Top_Silk
  6
CONTINUOUS
  66
1
  70
0
  40
0.0046
  41
0.0046
  0
VERTEX
  8
Top_Silk
  10
2.7325
  20
1.4957
  42
0
  0
VERTEX
  8
Top_Silk
  10
2.7411
  20
1.5043
  42
0
  0
SEQEND
  0
POLYLINE
  8
Top_Silk
  6
CONTINUOUS
  66
1
  70
0
  40
0.0023
  41
0.0023
  0
VERTEX
  8
Top_Silk
  10
2.7313
  20
1.4957
  42
1
  0
VERTEX
  8
Top_Silk
  10
2.7337
  20
1.4957
  42
1
  0
VERTEX
  8
Top_Silk
  10
2.7313
  20
1.4957
  42
1
  0
SEQEND
  0
POLYLINE
  8
Top_Silk
  6
CONTINUOUS
  66
1
  70
0
  40
0.0023
  41
0.0023
  0
VERTEX
  8
Top_Silk
  10
2.74
  20
1.5043
  42
1
  0
VERTEX
  8
Top_Silk
  10
2.7423
  20
1.5043
  42
1
  0
VERTEX
  8
Top_Silk
  10
2.74
  20
1.5043
  42
1
  0
SEQEND
  0
POLYLINE
  8
Top_Silk
  6
CONTINUOUS
  66
1
  70
0
  40
0.0046
  41
0.0046
  0
VERTEX
  8
Top_Silk
  10
2.7082
  20
1.5179
  42
0
  0
VERTEX
  8
Top_Silk
  10
2.7082
  20
1.5337
  42
0
  0
VERTEX
  8
Top_Silk
  10
2.7196
  20
1.5251
  42
0
  0
VERTEX
  8
Top_Silk
  10
2.7196
  20
1.5294
  42
0
  0
VERTEX
  8
Top_Silk
  10
2.7211
  20
1.5323
  42
0
  0
VERTEX
  8
Top_Silk
  10
2.7225
  20
1.5337
  42
0
  0
VERTEX
  8
Top_Silk
  10
2.7268
  20
1.5352
  42
0
  0
VERTEX
  8
Top_Silk
  10
2.7296
  20
1.5352
  42
0
  0
VERTEX
  8
Top_Silk
  10
2.734
  20
1.5337
  42
0
  0
VERTEX
  8
Top_Silk
  10
2.7368
  20
1.5308
  42
0
  0
VERTEX
  8
Top_Silk
  10
2.7383
  20
1.5265
  42
0
  0
VERTEX
  8
Top_Silk
  10
2.7383
  20
1.5222
  42
0
  0
VERTEX
  8
Top_Silk
  10
2.7368
  20
1.5179
  42
0
  0
VERTEX
  8
Top_Silk
  10
2.7354
  20
1.5165
  42
0
  0
VERTEX
  8
Top_Silk
  10
2.7325
  20
1.5151
  42
0
  0
SEQEND
  0
POLYLINE
  8
Top_Silk
  6
CONTINUOUS
  66
1
  70
0
  40
0.0023
  41
0.0023
  0
VERTEX
  8
Top_Silk
  10
2.707
  20
1.5179
  42
1
  0
VERTEX
  8
Top_Silk
  10
2.7093
  20
1.5179
  42
1
  0
VERTEX
  8
Top_Silk
  10
2.707
  20
1.5179
  42
1
  0
SEQEND
  0
POLYLINE
  8
Top_Silk
  6
CONTINUOUS
  66
1
  70
0
  40
0.0023
  41
0.0023
  0
VERTEX
  8
Top_Silk
  10
2.7314
  20
1.5151
  42
1
  0
VERTEX
  8
Top_Silk
  10
2.7337
  20
1.5151
  42
1
  0
VERTEX
  8
Top_Silk
  10
2.7314
  20
1.5151
  42
1
  0
SEQEND
  0
POLYLINE
  8
Top_Silk
  6
CONTINUOUS
  66
1
  70
0
  40
0.008
  41
0.008
  0
VERTEX
  8
Top_Silk
  10
2.1273
  20
2.0724
  42
0
  0
VERTEX
  8
Top_Silk
  10
2.1257
  20
2.0722
  42
0
  0
VERTEX
  8
Top_Silk
  10
2.1244
  20
2.0715
  42
0
  0
VERTEX
  8
Top_Silk
  10
2.1233
  20
2.0704
  42
0
  0
VERTEX
  8
Top_Silk
  10
2.1226
  20
2.069
  42
0
  0
VERTEX
  8
Top_Silk
  10
2.1223
  20
2.0675
  42
0
  0
VERTEX
  8
Top_Silk
  10
2.1226
  20
2.066
  42
0
  0
VERTEX
  8
Top_Silk
  10
2.1233
  20
2.0646
  42
0
  0
VERTEX
  8
Top_Silk
  10
2.1244
  20
2.0635
  42
0
  0
VERTEX
  8
Top_Silk
  10
2.1257
  20
2.0628
  42
0
  0
VERTEX
  8
Top_Silk
  10
2.1273
  20
2.0626
  42
0
  0
VERTEX
  8
Top_Silk
  10
2.1288
  20
2.0628
  42
0
  0
VERTEX
  8
Top_Silk
  10
2.1301
  20
2.0635
  42
0
  0
VERTEX
  8
Top_Silk
  10
2.1312
  20
2.0646
  42
0
  0
VERTEX
  8
Top_Silk
  10
2.1319
  20
2.066
  42
0
  0
VERTEX
  8
Top_Silk
  10
2.1322
  20
2.0675
  42
0
  0
VERTEX
  8
Top_Silk
  10
2.1319
  20
2.069
  42
0
  0
VERTEX
  8
Top_Silk
  10
2.1312
  20
2.0704
  42
0
  0
VERTEX
  8
Top_Silk
  10
2.1301
  20
2.0715
  42
0
  0
VERTEX
  8
Top_Silk
  10
2.1288
  20
2.0722
  42
0
  0
VERTEX
  8
Top_Silk
  10
2.1273
  20
2.0724
  42
0
  0
SEQEND
  0
POLYLINE
  8
Top_Silk
  6
CONTINUOUS
  66
1
  70
0
  40
0.008
  41
0.008
  0
VERTEX
  8
Top_Silk
  10
2.0918
  20
2.0931
  42
0
  0
VERTEX
  8
Top_Silk
  10
2.0327
  20
2.0931
  42
0
  0
SEQEND
  0
POLYLINE
  8
Top_Silk
  6
CONTINUOUS
  66
1
  70
0
  40
0.008
  41
0.008
  0
VERTEX
  8
Top_Silk
  10
2.0918
  20
2.1935
  42
0
  0
VERTEX
  8
Top_Silk
  10
2.0327
  20
2.1935
  42
0
  0
SEQEND
  0
POLYLINE
  8
Top_Silk
  6
CONTINUOUS
  66
1
  70
0
  40
0.008
  41
0.008
  0
VERTEX
  8
Top_Silk
  10
2.0327
  20
2.0931
  42
0
  0
VERTEX
  8
Top_Silk
  10
2.0327
  20
2.1109
  42
0
  0
SEQEND
  0
POLYLINE
  8
Top_Silk
  6
CONTINUOUS
  66
1
  70
0
  40
0.008
  41
0.008
  0
VERTEX
  8
Top_Silk
  10
2.0327
  20
2.1757
  42
0
  0
VERTEX
  8
Top_Silk
  10
2.0327
  20
2.1935
  42
0
  0
SEQEND
  0
POLYLINE
  8
Top_Silk
  6
CONTINUOUS
  66
1
  70
0
  40
0.0046
  41
0.0046
  0
VERTEX
  8
Top_Silk
  10
1.9691
  20
2.1117
  42
0
  0
VERTEX
  8
Top_Silk
  10
1.9705
  20
2.1089
  42
0
  0
VERTEX
  8
Top_Silk
  10
1.9734
  20
2.106
  42
0
  0
VERTEX
  8
Top_Silk
  10
1.9763
  20
2.1046
  42
0
  0
VERTEX
  8
Top_Silk
  10
1.9806
  20
2.1031
  42
0
  0
VERTEX
  8
Top_Silk
  10
1.9878
  20
2.1031
  42
0
  0
VERTEX
  8
Top_Silk
  10
1.9921
  20
2.1046
  42
0
  0
VERTEX
  8
Top_Silk
  10
1.9949
  20
2.106
  42
0
  0
VERTEX
  8
Top_Silk
  10
1.9978
  20
2.1089
  42
0
  0
VERTEX
  8
Top_Silk
  10
1.9992
  20
2.1117
  42
0
  0
VERTEX
  8
Top_Silk
  10
1.9992
  20
2.1175
  42
0
  0
VERTEX
  8
Top_Silk
  10
1.9978
  20
2.1204
  42
0
  0
VERTEX
  8
Top_Silk
  10
1.9949
  20
2.1232
  42
0
  0
VERTEX
  8
Top_Silk
  10
1.9921
  20
2.1246
  42
0
  0
VERTEX
  8
Top_Silk
  10
1.9878
  20
2.1261
  42
0
  0
VERTEX
  8
Top_Silk
  10
1.9806
  20
2.1261
  42
0
  0
VERTEX
  8
Top_Silk
  10
1.9763
  20
2.1246
  42
0
  0
VERTEX
  8
Top_Silk
  10
1.9734
  20
2.1232
  42
0
  0
VERTEX
  8
Top_Silk
  10
1.9705
  20
2.1204
  42
0
  0
VERTEX
  8
Top_Silk
  10
1.9691
  20
2.1175
  42
0
  0
VERTEX
  8
Top_Silk
  10
1.9691
  20
2.1117
  42
0
  0
SEQEND
  0
POLYLINE
  8
Top_Silk
  6
CONTINUOUS
  66
1
  70
0
  40
0.0023
  41
0.0023
  0
VERTEX
  8
Top_Silk
  10
1.968
  20
2.1117
  42
1
  0
VERTEX
  8
Top_Silk
  10
1.9703
  20
2.1117
  42
1
  0
VERTEX
  8
Top_Silk
  10
1.968
  20
2.1117
  42
1
  0
SEQEND
  0
POLYLINE
  8
Top_Silk
  6
CONTINUOUS
  66
1
  70
0
  40
0.0046
  41
0.0046
  0
VERTEX
  8
Top_Silk
  10
1.9935
  20
2.1161
  42
0
  0
VERTEX
  8
Top_Silk
  10
2.0021
  20
2.1246
  42
0
  0
SEQEND
  0
POLYLINE
  8
Top_Silk
  6
CONTINUOUS
  66
1
  70
0
  40
0.0023
  41
0.0023
  0
VERTEX
  8
Top_Silk
  10
1.9924
  20
2.1161
  42
1
  0
VERTEX
  8
Top_Silk
  10
1.9947
  20
2.1161
  42
1
  0
VERTEX
  8
Top_Silk
  10
1.9924
  20
2.1161
  42
1
  0
SEQEND
  0
POLYLINE
  8
Top_Silk
  6
CONTINUOUS
  66
1
  70
0
  40
0.0023
  41
0.0023
  0
VERTEX
  8
Top_Silk
  10
2.001
  20
2.1246
  42
1
  0
VERTEX
  8
Top_Silk
  10
2.0033
  20
2.1246
  42
1
  0
VERTEX
  8
Top_Silk
  10
2.001
  20
2.1246
  42
1
  0
SEQEND
  0
POLYLINE
  8
Top_Silk
  6
CONTINUOUS
  66
1
  70
0
  40
0.0046
  41
0.0046
  0
VERTEX
  8
Top_Silk
  10
1.9993
  20
2.1497
  42
0
  0
VERTEX
  8
Top_Silk
  10
1.9692
  20
2.1497
  42
0
  0
VERTEX
  8
Top_Silk
  10
1.9892
  20
2.1354
  42
0
  0
VERTEX
  8
Top_Silk
  10
1.9892
  20
2.1569
  42
0
  0
SEQEND
  0
POLYLINE
  8
Top_Silk
  6
CONTINUOUS
  66
1
  70
0
  40
0.0023
  41
0.0023
  0
VERTEX
  8
Top_Silk
  10
1.9981
  20
2.1497
  42
1
  0
VERTEX
  8
Top_Silk
  10
2.0004
  20
2.1497
  42
1
  0
VERTEX
  8
Top_Silk
  10
1.9981
  20
2.1497
  42
1
  0
SEQEND
  0
POLYLINE
  8
Top_Silk
  6
CONTINUOUS
  66
1
  70
0
  40
0.0023
  41
0.0023
  0
VERTEX
  8
Top_Silk
  10
1.9881
  20
2.1569
  42
1
  0
VERTEX
  8
Top_Silk
  10
1.9904
  20
2.1569
  42
1
  0
VERTEX
  8
Top_Silk
  10
1.9881
  20
2.1569
  42
1
  0
SEQEND
  0
POLYLINE
  8
Top_Silk
  6
CONTINUOUS
  66
1
  70
0
  40
0.008
  41
0.008
  0
VERTEX
  8
Top_Silk
  10
2.1591
  20
1.9337
  42
0
  0
VERTEX
  8
Top_Silk
  10
2.1589
  20
1.9352
  42
0
  0
VERTEX
  8
Top_Silk
  10
2.1582
  20
1.9365
  42
0
  0
VERTEX
  8
Top_Silk
  10
2.1571
  20
1.9376
  42
0
  0
VERTEX
  8
Top_Silk
  10
2.1557
  20
1.9383
  42
0
  0
VERTEX
  8
Top_Silk
  10
2.1542
  20
1.9386
  42
0
  0
VERTEX
  8
Top_Silk
  10
2.1527
  20
1.9383
  42
0
  0
VERTEX
  8
Top_Silk
  10
2.1513
  20
1.9376
  42
0
  0
VERTEX
  8
Top_Silk
  10
2.1502
  20
1.9365
  42
0
  0
VERTEX
  8
Top_Silk
  10
2.1495
  20
1.9352
  42
0
  0
VERTEX
  8
Top_Silk
  10
2.1493
  20
1.9337
  42
0
  0
VERTEX
  8
Top_Silk
  10
2.1495
  20
1.9321
  42
0
  0
VERTEX
  8
Top_Silk
  10
2.1502
  20
1.9308
  42
0
  0
VERTEX
  8
Top_Silk
  10
2.1513
  20
1.9297
  42
0
  0
VERTEX
  8
Top_Silk
  10
2.1527
  20
1.929
  42
0
  0
VERTEX
  8
Top_Silk
  10
2.1542
  20
1.9287
  42
0
  0
VERTEX
  8
Top_Silk
  10
2.1557
  20
1.929
  42
0
  0
VERTEX
  8
Top_Silk
  10
2.1571
  20
1.9297
  42
0
  0
VERTEX
  8
Top_Silk
  10
2.1582
  20
1.9308
  42
0
  0
VERTEX
  8
Top_Silk
  10
2.1589
  20
1.9321
  42
0
  0
VERTEX
  8
Top_Silk
  10
2.1591
  20
1.9337
  42
0
  0
SEQEND
  0
POLYLINE
  8
Top_Silk
  6
CONTINUOUS
  66
1
  70
0
  40
0.008
  41
0.008
  0
VERTEX
  8
Top_Silk
  10
2.1798
  20
1.9691
  42
0
  0
VERTEX
  8
Top_Silk
  10
2.1798
  20
2.0282
  42
0
  0
SEQEND
  0
POLYLINE
  8
Top_Silk
  6
CONTINUOUS
  66
1
  70
0
  40
0.008
  41
0.008
  0
VERTEX
  8
Top_Silk
  10
2.2802
  20
1.9691
  42
0
  0
VERTEX
  8
Top_Silk
  10
2.2802
  20
2.0282
  42
0
  0
SEQEND
  0
POLYLINE
  8
Top_Silk
  6
CONTINUOUS
  66
1
  70
0
  40
0.008
  41
0.008
  0
VERTEX
  8
Top_Silk
  10
2.1798
  20
2.0282
  42
0
  0
VERTEX
  8
Top_Silk
  10
2.1976
  20
2.0282
  42
0
  0
SEQEND
  0
POLYLINE
  8
Top_Silk
  6
CONTINUOUS
  66
1
  70
0
  40
0.008
  41
0.008
  0
VERTEX
  8
Top_Silk
  10
2.2624
  20
2.0282
  42
0
  0
VERTEX
  8
Top_Silk
  10
2.2802
  20
2.0282
  42
0
  0
SEQEND
  0
POLYLINE
  8
Top_Silk
  6
CONTINUOUS
  66
1
  70
0
  40
0.0046
  41
0.0046
  0
VERTEX
  8
Top_Silk
  10
2.1992
  20
2.0918
  42
0
  0
VERTEX
  8
Top_Silk
  10
2.1963
  20
2.0904
  42
0
  0
VERTEX
  8
Top_Silk
  10
2.1934
  20
2.0875
  42
0
  0
VERTEX
  8
Top_Silk
  10
2.192
  20
2.0846
  42
0
  0
VERTEX
  8
Top_Silk
  10
2.1905
  20
2.0803
  42
0
  0
VERTEX
  8
Top_Silk
  10
2.1905
  20
2.0731
  42
0
  0
VERTEX
  8
Top_Silk
  10
2.192
  20
2.0688
  42
0
  0
VERTEX
  8
Top_Silk
  10
2.1934
  20
2.066
  42
0
  0
VERTEX
  8
Top_Silk
  10
2.1963
  20
2.0631
  42
0
  0
VERTEX
  8
Top_Silk
  10
2.1992
  20
2.0617
  42
0
  0
VERTEX
  8
Top_Silk
  10
2.2049
  20
2.0617
  42
0
  0
VERTEX
  8
Top_Silk
  10
2.2078
  20
2.0631
  42
0
  0
VERTEX
  8
Top_Silk
  10
2.2106
  20
2.066
  42
0
  0
VERTEX
  8
Top_Silk
  10
2.2121
  20
2.0688
  42
0
  0
VERTEX
  8
Top_Silk
  10
2.2135
  20
2.0731
  42
0
  0
VERTEX
  8
Top_Silk
  10
2.2135
  20
2.0803
  42
0
  0
VERTEX
  8
Top_Silk
  10
2.2121
  20
2.0846
  42
0
  0
VERTEX
  8
Top_Silk
  10
2.2106
  20
2.0875
  42
0
  0
VERTEX
  8
Top_Silk
  10
2.2078
  20
2.0904
  42
0
  0
VERTEX
  8
Top_Silk
  10
2.2049
  20
2.0918
  42
0
  0
VERTEX
  8
Top_Silk
  10
2.1992
  20
2.0918
  42
0
  0
SEQEND
  0
POLYLINE
  8
Top_Silk
  6
CONTINUOUS
  66
1
  70
0
  40
0.0023
  41
0.0023
  0
VERTEX
  8
Top_Silk
  10
2.198
  20
2.0918
  42
1
  0
VERTEX
  8
Top_Silk
  10
2.2003
  20
2.0918
  42
1
  0
VERTEX
  8
Top_Silk
  10
2.198
  20
2.0918
  42
1
  0
SEQEND
  0
POLYLINE
  8
Top_Silk
  6
CONTINUOUS
  66
1
  70
0
  40
0.0046
  41
0.0046
  0
VERTEX
  8
Top_Silk
  10
2.2035
  20
2.0674
  42
0
  0
VERTEX
  8
Top_Silk
  10
2.2121
  20
2.0588
  42
0
  0
SEQEND
  0
POLYLINE
  8
Top_Silk
  6
CONTINUOUS
  66
1
  70
0
  40
0.0023
  41
0.0023
  0
VERTEX
  8
Top_Silk
  10
2.2023
  20
2.0674
  42
1
  0
VERTEX
  8
Top_Silk
  10
2.2046
  20
2.0674
  42
1
  0
VERTEX
  8
Top_Silk
  10
2.2023
  20
2.0674
  42
1
  0
SEQEND
  0
POLYLINE
  8
Top_Silk
  6
CONTINUOUS
  66
1
  70
0
  40
0.0023
  41
0.0023
  0
VERTEX
  8
Top_Silk
  10
2.2109
  20
2.0588
  42
1
  0
VERTEX
  8
Top_Silk
  10
2.2132
  20
2.0588
  42
1
  0
VERTEX
  8
Top_Silk
  10
2.2109
  20
2.0588
  42
1
  0
SEQEND
  0
POLYLINE
  8
Top_Silk
  6
CONTINUOUS
  66
1
  70
0
  40
0.0046
  41
0.0046
  0
VERTEX
  8
Top_Silk
  10
2.24
  20
2.0917
  42
0
  0
VERTEX
  8
Top_Silk
  10
2.2257
  20
2.0917
  42
0
  0
VERTEX
  8
Top_Silk
  10
2.2242
  20
2.0788
  42
0
  0
VERTEX
  8
Top_Silk
  10
2.2257
  20
2.0803
  42
0
  0
VERTEX
  8
Top_Silk
  10
2.23
  20
2.0817
  42
0
  0
VERTEX
  8
Top_Silk
  10
2.2343
  20
2.0817
  42
0
  0
VERTEX
  8
Top_Silk
  10
2.2386
  20
2.0803
  42
0
  0
VERTEX
  8
Top_Silk
  10
2.2415
  20
2.0774
  42
0
  0
VERTEX
  8
Top_Silk
  10
2.2429
  20
2.0731
  42
0
  0
VERTEX
  8
Top_Silk
  10
2.2429
  20
2.0702
  42
0
  0
VERTEX
  8
Top_Silk
  10
2.2415
  20
2.0659
  42
0
  0
VERTEX
  8
Top_Silk
  10
2.2386
  20
2.0631
  42
0
  0
VERTEX
  8
Top_Silk
  10
2.2343
  20
2.0616
  42
0
  0
VERTEX
  8
Top_Silk
  10
2.23
  20
2.0616
  42
0
  0
VERTEX
  8
Top_Silk
  10
2.2257
  20
2.0631
  42
0
  0
VERTEX
  8
Top_Silk
  10
2.2243
  20
2.0645
  42
0
  0
VERTEX
  8
Top_Silk
  10
2.2228
  20
2.0674
  42
0
  0
SEQEND
  0
POLYLINE
  8
Top_Silk
  6
CONTINUOUS
  66
1
  70
0
  40
0.0023
  41
0.0023
  0
VERTEX
  8
Top_Silk
  10
2.2388
  20
2.0917
  42
1
  0
VERTEX
  8
Top_Silk
  10
2.2412
  20
2.0917
  42
1
  0
VERTEX
  8
Top_Silk
  10
2.2388
  20
2.0917
  42
1
  0
SEQEND
  0
POLYLINE
  8
Top_Silk
  6
CONTINUOUS
  66
1
  70
0
  40
0.0023
  41
0.0023
  0
VERTEX
  8
Top_Silk
  10
2.2216
  20
2.0674
  42
1
  0
VERTEX
  8
Top_Silk
  10
2.2239
  20
2.0674
  42
1
  0
VERTEX
  8
Top_Silk
  10
2.2216
  20
2.0674
  42
1
  0
SEQEND
  0
POLYLINE
  8
Top_Silk
  6
CONTINUOUS
  66
1
  70
0
  40
0.008
  41
0.008
  0
VERTEX
  8
Top_Silk
  10
2.9377
  20
1.0743
  42
0
  0
VERTEX
  8
Top_Silk
  10
2.9393
  20
1.0745
  42
0
  0
VERTEX
  8
Top_Silk
  10
2.9406
  20
1.0752
  42
0
  0
VERTEX
  8
Top_Silk
  10
2.9417
  20
1.0763
  42
0
  0
VERTEX
  8
Top_Silk
  10
2.9424
  20
1.0777
  42
0
  0
VERTEX
  8
Top_Silk
  10
2.9427
  20
1.0792
  42
0
  0
VERTEX
  8
Top_Silk
  10
2.9424
  20
1.0807
  42
0
  0
VERTEX
  8
Top_Silk
  10
2.9417
  20
1.0821
  42
0
  0
VERTEX
  8
Top_Silk
  10
2.9406
  20
1.0832
  42
0
  0
VERTEX
  8
Top_Silk
  10
2.9393
  20
1.0839
  42
0
  0
VERTEX
  8
Top_Silk
  10
2.9377
  20
1.0841
  42
0
  0
VERTEX
  8
Top_Silk
  10
2.9362
  20
1.0839
  42
0
  0
VERTEX
  8
Top_Silk
  10
2.9349
  20
1.0832
  42
0
  0
VERTEX
  8
Top_Silk
  10
2.9338
  20
1.0821
  42
0
  0
VERTEX
  8
Top_Silk
  10
2.9331
  20
1.0807
  42
0
  0
VERTEX
  8
Top_Silk
  10
2.9328
  20
1.0792
  42
0
  0
VERTEX
  8
Top_Silk
  10
2.9331
  20
1.0777
  42
0
  0
VERTEX
  8
Top_Silk
  10
2.9338
  20
1.0763
  42
0
  0
VERTEX
  8
Top_Silk
  10
2.9349
  20
1.0752
  42
0
  0
VERTEX
  8
Top_Silk
  10
2.9362
  20
1.0745
  42
0
  0
VERTEX
  8
Top_Silk
  10
2.9377
  20
1.0743
  42
0
  0
SEQEND
  0
POLYLINE
  8
Top_Silk
  6
CONTINUOUS
  66
1
  70
0
  40
0.008
  41
0.008
  0
VERTEX
  8
Top_Silk
  10
2.9732
  20
1.0536
  42
0
  0
VERTEX
  8
Top_Silk
  10
3.0323
  20
1.0536
  42
0
  0
SEQEND
  0
POLYLINE
  8
Top_Silk
  6
CONTINUOUS
  66
1
  70
0
  40
0.008
  41
0.008
  0
VERTEX
  8
Top_Silk
  10
2.9732
  20
0.9532
  42
0
  0
VERTEX
  8
Top_Silk
  10
3.0323
  20
0.9532
  42
0
  0
SEQEND
  0
POLYLINE
  8
Top_Silk
  6
CONTINUOUS
  66
1
  70
0
  40
0.008
  41
0.008
  0
VERTEX
  8
Top_Silk
  10
3.0323
  20
1.0536
  42
0
  0
VERTEX
  8
Top_Silk
  10
3.0323
  20
1.0358
  42
0
  0
SEQEND
  0
POLYLINE
  8
Top_Silk
  6
CONTINUOUS
  66
1
  70
0
  40
0.008
  41
0.008
  0
VERTEX
  8
Top_Silk
  10
3.0323
  20
0.971
  42
0
  0
VERTEX
  8
Top_Silk
  10
3.0323
  20
0.9532
  42
0
  0
SEQEND
  0
POLYLINE
  8
Top_Silk
  6
CONTINUOUS
  66
1
  70
0
  40
0.0046
  41
0.0046
  0
VERTEX
  8
Top_Silk
  10
2.9958
  20
0.9148
  42
0
  0
VERTEX
  8
Top_Silk
  10
2.9987
  20
0.9162
  42
0
  0
VERTEX
  8
Top_Silk
  10
3.0015
  20
0.9191
  42
0
  0
VERTEX
  8
Top_Silk
  10
3.003
  20
0.922
  42
0
  0
VERTEX
  8
Top_Silk
  10
3.0044
  20
0.9263
  42
0
  0
VERTEX
  8
Top_Silk
  10
3.0044
  20
0.9334
  42
0
  0
VERTEX
  8
Top_Silk
  10
3.003
  20
0.9378
  42
0
  0
VERTEX
  8
Top_Silk
  10
3.0015
  20
0.9406
  42
0
  0
VERTEX
  8
Top_Silk
  10
2.9987
  20
0.9435
  42
0
  0
VERTEX
  8
Top_Silk
  10
2.9958
  20
0.9449
  42
0
  0
VERTEX
  8
Top_Silk
  10
2.9901
  20
0.9449
  42
0
  0
VERTEX
  8
Top_Silk
  10
2.9872
  20
0.9435
  42
0
  0
VERTEX
  8
Top_Silk
  10
2.9843
  20
0.9406
  42
0
  0
VERTEX
  8
Top_Silk
  10
2.9829
  20
0.9378
  42
0
  0
VERTEX
  8
Top_Silk
  10
2.9814
  20
0.9334
  42
0
  0
VERTEX
  8
Top_Silk
  10
2.9814
  20
0.9263
  42
0
  0
VERTEX
  8
Top_Silk
  10
2.9829
  20
0.922
  42
0
  0
VERTEX
  8
Top_Silk
  10
2.9843
  20
0.9191
  42
0
  0
VERTEX
  8
Top_Silk
  10
2.9872
  20
0.9162
  42
0
  0
VERTEX
  8
Top_Silk
  10
2.9901
  20
0.9148
  42
0
  0
VERTEX
  8
Top_Silk
  10
2.9958
  20
0.9148
  42
0
  0
SEQEND
  0
POLYLINE
  8
Top_Silk
  6
CONTINUOUS
  66
1
  70
0
  40
0.0023
  41
0.0023
  0
VERTEX
  8
Top_Silk
  10
2.9946
  20
0.9148
  42
1
  0
VERTEX
  8
Top_Silk
  10
2.997
  20
0.9148
  42
1
  0
VERTEX
  8
Top_Silk
  10
2.9946
  20
0.9148
  42
1
  0
SEQEND
  0
POLYLINE
  8
Top_Silk
  6
CONTINUOUS
  66
1
  70
0
  40
0.0046
  41
0.0046
  0
VERTEX
  8
Top_Silk
  10
2.9915
  20
0.9392
  42
0
  0
VERTEX
  8
Top_Silk
  10
2.9829
  20
0.9478
  42
0
  0
SEQEND
  0
POLYLINE
  8
Top_Silk
  6
CONTINUOUS
  66
1
  70
0
  40
0.0023
  41
0.0023
  0
VERTEX
  8
Top_Silk
  10
2.9903
  20
0.9392
  42
1
  0
VERTEX
  8
Top_Silk
  10
2.9926
  20
0.9392
  42
1
  0
VERTEX
  8
Top_Silk
  10
2.9903
  20
0.9392
  42
1
  0
SEQEND
  0
POLYLINE
  8
Top_Silk
  6
CONTINUOUS
  66
1
  70
0
  40
0.0023
  41
0.0023
  0
VERTEX
  8
Top_Silk
  10
2.9817
  20
0.9478
  42
1
  0
VERTEX
  8
Top_Silk
  10
2.9841
  20
0.9478
  42
1
  0
VERTEX
  8
Top_Silk
  10
2.9817
  20
0.9478
  42
1
  0
SEQEND
  0
POLYLINE
  8
Top_Silk
  6
CONTINUOUS
  66
1
  70
0
  40
0.0046
  41
0.0046
  0
VERTEX
  8
Top_Silk
  10
2.955
  20
0.9191
  42
0
  0
VERTEX
  8
Top_Silk
  10
2.9564
  20
0.9163
  42
0
  0
VERTEX
  8
Top_Silk
  10
2.9607
  20
0.9148
  42
0
  0
VERTEX
  8
Top_Silk
  10
2.9636
  20
0.9148
  42
0
  0
VERTEX
  8
Top_Silk
  10
2.9679
  20
0.9163
  42
0
  0
VERTEX
  8
Top_Silk
  10
2.9708
  20
0.9206
  42
0
  0
VERTEX
  8
Top_Silk
  10
2.9722
  20
0.9277
  42
0
  0
VERTEX
  8
Top_Silk
  10
2.9722
  20
0.9349
  42
0
  0
VERTEX
  8
Top_Silk
  10
2.9708
  20
0.9406
  42
0
  0
VERTEX
  8
Top_Silk
  10
2.9679
  20
0.9435
  42
0
  0
VERTEX
  8
Top_Silk
  10
2.9636
  20
0.9449
  42
0
  0
VERTEX
  8
Top_Silk
  10
2.9621
  20
0.9449
  42
0
  0
VERTEX
  8
Top_Silk
  10
2.9579
  20
0.9435
  42
0
  0
VERTEX
  8
Top_Silk
  10
2.955
  20
0.9406
  42
0
  0
VERTEX
  8
Top_Silk
  10
2.9535
  20
0.9363
  42
0
  0
VERTEX
  8
Top_Silk
  10
2.9535
  20
0.9349
  42
0
  0
VERTEX
  8
Top_Silk
  10
2.955
  20
0.9306
  42
0
  0
VERTEX
  8
Top_Silk
  10
2.9579
  20
0.9277
  42
0
  0
VERTEX
  8
Top_Silk
  10
2.9621
  20
0.9263
  42
0
  0
VERTEX
  8
Top_Silk
  10
2.9636
  20
0.9263
  42
0
  0
VERTEX
  8
Top_Silk
  10
2.9679
  20
0.9277
  42
0
  0
VERTEX
  8
Top_Silk
  10
2.9708
  20
0.9306
  42
0
  0
VERTEX
  8
Top_Silk
  10
2.9722
  20
0.9349
  42
0
  0
SEQEND
  0
POLYLINE
  8
Top_Silk
  6
CONTINUOUS
  66
1
  70
0
  40
0.0023
  41
0.0023
  0
VERTEX
  8
Top_Silk
  10
2.9538
  20
0.9191
  42
1
  0
VERTEX
  8
Top_Silk
  10
2.9561
  20
0.9191
  42
1
  0
VERTEX
  8
Top_Silk
  10
2.9538
  20
0.9191
  42
1
  0
SEQEND
  0
POLYLINE
  8
Top_Silk
  6
CONTINUOUS
  66
1
  70
0
  40
0.0023
  41
0.0023
  0
VERTEX
  8
Top_Silk
  10
2.971
  20
0.9349
  42
1
  0
VERTEX
  8
Top_Silk
  10
2.9733
  20
0.9349
  42
1
  0
VERTEX
  8
Top_Silk
  10
2.971
  20
0.9349
  42
1
  0
SEQEND
  0
POLYLINE
  8
Top_Silk
  6
CONTINUOUS
  66
1
  70
0
  40
0.008
  41
0.008
  0
VERTEX
  8
Top_Silk
  10
3.2127
  20
2.0809
  42
0
  0
VERTEX
  8
Top_Silk
  10
3.2143
  20
2.0811
  42
0
  0
VERTEX
  8
Top_Silk
  10
3.2156
  20
2.0818
  42
0
  0
VERTEX
  8
Top_Silk
  10
3.2167
  20
2.0829
  42
0
  0
VERTEX
  8
Top_Silk
  10
3.2174
  20
2.0843
  42
0
  0
VERTEX
  8
Top_Silk
  10
3.2177
  20
2.0858
  42
0
  0
VERTEX
  8
Top_Silk
  10
3.2174
  20
2.0873
  42
0
  0
VERTEX
  8
Top_Silk
  10
3.2167
  20
2.0887
  42
0
  0
VERTEX
  8
Top_Silk
  10
3.2156
  20
2.0898
  42
0
  0
VERTEX
  8
Top_Silk
  10
3.2143
  20
2.0905
  42
0
  0
VERTEX
  8
Top_Silk
  10
3.2127
  20
2.0907
  42
0
  0
VERTEX
  8
Top_Silk
  10
3.2112
  20
2.0905
  42
0
  0
VERTEX
  8
Top_Silk
  10
3.2099
  20
2.0898
  42
0
  0
VERTEX
  8
Top_Silk
  10
3.2088
  20
2.0887
  42
0
  0
VERTEX
  8
Top_Silk
  10
3.2081
  20
2.0873
  42
0
  0
VERTEX
  8
Top_Silk
  10
3.2078
  20
2.0858
  42
0
  0
VERTEX
  8
Top_Silk
  10
3.2081
  20
2.0843
  42
0
  0
VERTEX
  8
Top_Silk
  10
3.2088
  20
2.0829
  42
0
  0
VERTEX
  8
Top_Silk
  10
3.2099
  20
2.0818
  42
0
  0
VERTEX
  8
Top_Silk
  10
3.2112
  20
2.0811
  42
0
  0
VERTEX
  8
Top_Silk
  10
3.2127
  20
2.0809
  42
0
  0
SEQEND
  0
POLYLINE
  8
Top_Silk
  6
CONTINUOUS
  66
1
  70
0
  40
0.008
  41
0.008
  0
VERTEX
  8
Top_Silk
  10
3.2482
  20
2.0602
  42
0
  0
VERTEX
  8
Top_Silk
  10
3.3073
  20
2.0602
  42
0
  0
SEQEND
  0
POLYLINE
  8
Top_Silk
  6
CONTINUOUS
  66
1
  70
0
  40
0.008
  41
0.008
  0
VERTEX
  8
Top_Silk
  10
3.2482
  20
1.9598
  42
0
  0
VERTEX
  8
Top_Silk
  10
3.3073
  20
1.9598
  42
0
  0
SEQEND
  0
POLYLINE
  8
Top_Silk
  6
CONTINUOUS
  66
1
  70
0
  40
0.008
  41
0.008
  0
VERTEX
  8
Top_Silk
  10
3.3073
  20
2.0602
  42
0
  0
VERTEX
  8
Top_Silk
  10
3.3073
  20
2.0424
  42
0
  0
SEQEND
  0
POLYLINE
  8
Top_Silk
  6
CONTINUOUS
  66
1
  70
0
  40
0.008
  41
0.008
  0
VERTEX
  8
Top_Silk
  10
3.3073
  20
1.9776
  42
0
  0
VERTEX
  8
Top_Silk
  10
3.3073
  20
1.9598
  42
0
  0
SEQEND
  0
POLYLINE
  8
Top_Silk
  6
CONTINUOUS
  66
1
  70
0
  40
0.0046
  41
0.0046
  0
VERTEX
  8
Top_Silk
  10
3.2514
  20
1.9502
  42
0
  0
VERTEX
  8
Top_Silk
  10
3.2486
  20
1.9488
  42
0
  0
VERTEX
  8
Top_Silk
  10
3.2457
  20
1.9459
  42
0
  0
VERTEX
  8
Top_Silk
  10
3.2443
  20
1.943
  42
0
  0
VERTEX
  8
Top_Silk
  10
3.2428
  20
1.9387
  42
0
  0
VERTEX
  8
Top_Silk
  10
3.2428
  20
1.9315
  42
0
  0
VERTEX
  8
Top_Silk
  10
3.2443
  20
1.9272
  42
0
  0
VERTEX
  8
Top_Silk
  10
3.2457
  20
1.9244
  42
0
  0
VERTEX
  8
Top_Silk
  10
3.2486
  20
1.9215
  42
0
  0
VERTEX
  8
Top_Silk
  10
3.2514
  20
1.92
  42
0
  0
VERTEX
  8
Top_Silk
  10
3.2572
  20
1.92
  42
0
  0
VERTEX
  8
Top_Silk
  10
3.2601
  20
1.9215
  42
0
  0
VERTEX
  8
Top_Silk
  10
3.2629
  20
1.9244
  42
0
  0
VERTEX
  8
Top_Silk
  10
3.2643
  20
1.9272
  42
0
  0
VERTEX
  8
Top_Silk
  10
3.2658
  20
1.9315
  42
0
  0
VERTEX
  8
Top_Silk
  10
3.2658
  20
1.9387
  42
0
  0
VERTEX
  8
Top_Silk
  10
3.2643
  20
1.943
  42
0
  0
VERTEX
  8
Top_Silk
  10
3.2629
  20
1.9459
  42
0
  0
VERTEX
  8
Top_Silk
  10
3.2601
  20
1.9488
  42
0
  0
VERTEX
  8
Top_Silk
  10
3.2572
  20
1.9502
  42
0
  0
VERTEX
  8
Top_Silk
  10
3.2514
  20
1.9502
  42
0
  0
SEQEND
  0
POLYLINE
  8
Top_Silk
  6
CONTINUOUS
  66
1
  70
0
  40
0.0023
  41
0.0023
  0
VERTEX
  8
Top_Silk
  10
3.2503
  20
1.9502
  42
1
  0
VERTEX
  8
Top_Silk
  10
3.2526
  20
1.9502
  42
1
  0
VERTEX
  8
Top_Silk
  10
3.2503
  20
1.9502
  42
1
  0
SEQEND
  0
POLYLINE
  8
Top_Silk
  6
CONTINUOUS
  66
1
  70
0
  40
0.0046
  41
0.0046
  0
VERTEX
  8
Top_Silk
  10
3.2557
  20
1.9258
  42
0
  0
VERTEX
  8
Top_Silk
  10
3.2643
  20
1.9172
  42
0
  0
SEQEND
  0
POLYLINE
  8
Top_Silk
  6
CONTINUOUS
  66
1
  70
0
  40
0.0023
  41
0.0023
  0
VERTEX
  8
Top_Silk
  10
3.2546
  20
1.9258
  42
1
  0
VERTEX
  8
Top_Silk
  10
3.2569
  20
1.9258
  42
1
  0
VERTEX
  8
Top_Silk
  10
3.2546
  20
1.9258
  42
1
  0
SEQEND
  0
POLYLINE
  8
Top_Silk
  6
CONTINUOUS
  66
1
  70
0
  40
0.0023
  41
0.0023
  0
VERTEX
  8
Top_Silk
  10
3.2632
  20
1.9172
  42
1
  0
VERTEX
  8
Top_Silk
  10
3.2655
  20
1.9172
  42
1
  0
VERTEX
  8
Top_Silk
  10
3.2632
  20
1.9172
  42
1
  0
SEQEND
  0
POLYLINE
  8
Top_Silk
  6
CONTINUOUS
  66
1
  70
0
  40
0.0046
  41
0.0046
  0
VERTEX
  8
Top_Silk
  10
3.2808
  20
1.92
  42
0
  0
VERTEX
  8
Top_Silk
  10
3.2952
  20
1.9501
  42
0
  0
VERTEX
  8
Top_Silk
  10
3.2751
  20
1.9501
  42
0
  0
SEQEND
  0
POLYLINE
  8
Top_Silk
  6
CONTINUOUS
  66
1
  70
0
  40
0.0023
  41
0.0023
  0
VERTEX
  8
Top_Silk
  10
3.2796
  20
1.92
  42
1
  0
VERTEX
  8
Top_Silk
  10
3.282
  20
1.92
  42
1
  0
VERTEX
  8
Top_Silk
  10
3.2796
  20
1.92
  42
1
  0
SEQEND
  0
POLYLINE
  8
Top_Silk
  6
CONTINUOUS
  66
1
  70
0
  40
0.0023
  41
0.0023
  0
VERTEX
  8
Top_Silk
  10
3.2739
  20
1.9501
  42
1
  0
VERTEX
  8
Top_Silk
  10
3.2762
  20
1.9501
  42
1
  0
VERTEX
  8
Top_Silk
  10
3.2739
  20
1.9501
  42
1
  0
SEQEND
  0
POLYLINE
  8
Top_Silk
  6
CONTINUOUS
  66
1
  70
0
  40
0.008
  41
0.008
  0
VERTEX
  8
Top_Silk
  10
2.6277
  20
1.3859
  42
0
  0
VERTEX
  8
Top_Silk
  10
2.6293
  20
1.3861
  42
0
  0
VERTEX
  8
Top_Silk
  10
2.6306
  20
1.3868
  42
0
  0
VERTEX
  8
Top_Silk
  10
2.6317
  20
1.3879
  42
0
  0
VERTEX
  8
Top_Silk
  10
2.6324
  20
1.3893
  42
0
  0
VERTEX
  8
Top_Silk
  10
2.6327
  20
1.3908
  42
0
  0
VERTEX
  8
Top_Silk
  10
2.6324
  20
1.3923
  42
0
  0
VERTEX
  8
Top_Silk
  10
2.6317
  20
1.3937
  42
0
  0
VERTEX
  8
Top_Silk
  10
2.6306
  20
1.3948
  42
0
  0
VERTEX
  8
Top_Silk
  10
2.6293
  20
1.3955
  42
0
  0
VERTEX
  8
Top_Silk
  10
2.6277
  20
1.3957
  42
0
  0
VERTEX
  8
Top_Silk
  10
2.6262
  20
1.3955
  42
0
  0
VERTEX
  8
Top_Silk
  10
2.6249
  20
1.3948
  42
0
  0
VERTEX
  8
Top_Silk
  10
2.6238
  20
1.3937
  42
0
  0
VERTEX
  8
Top_Silk
  10
2.6231
  20
1.3923
  42
0
  0
VERTEX
  8
Top_Silk
  10
2.6228
  20
1.3908
  42
0
  0
VERTEX
  8
Top_Silk
  10
2.6231
  20
1.3893
  42
0
  0
VERTEX
  8
Top_Silk
  10
2.6238
  20
1.3879
  42
0
  0
VERTEX
  8
Top_Silk
  10
2.6249
  20
1.3868
  42
0
  0
VERTEX
  8
Top_Silk
  10
2.6262
  20
1.3861
  42
0
  0
VERTEX
  8
Top_Silk
  10
2.6277
  20
1.3859
  42
0
  0
SEQEND
  0
POLYLINE
  8
Top_Silk
  6
CONTINUOUS
  66
1
  70
0
  40
0.008
  41
0.008
  0
VERTEX
  8
Top_Silk
  10
2.6632
  20
1.3652
  42
0
  0
VERTEX
  8
Top_Silk
  10
2.7223
  20
1.3652
  42
0
  0
SEQEND
  0
POLYLINE
  8
Top_Silk
  6
CONTINUOUS
  66
1
  70
0
  40
0.008
  41
0.008
  0
VERTEX
  8
Top_Silk
  10
2.6632
  20
1.2648
  42
0
  0
VERTEX
  8
Top_Silk
  10
2.7223
  20
1.2648
  42
0
  0
SEQEND
  0
POLYLINE
  8
Top_Silk
  6
CONTINUOUS
  66
1
  70
0
  40
0.008
  41
0.008
  0
VERTEX
  8
Top_Silk
  10
2.7223
  20
1.3652
  42
0
  0
VERTEX
  8
Top_Silk
  10
2.7223
  20
1.3474
  42
0
  0
SEQEND
  0
POLYLINE
  8
Top_Silk
  6
CONTINUOUS
  66
1
  70
0
  40
0.008
  41
0.008
  0
VERTEX
  8
Top_Silk
  10
2.7223
  20
1.2826
  42
0
  0
VERTEX
  8
Top_Silk
  10
2.7223
  20
1.2648
  42
0
  0
SEQEND
  0
POLYLINE
  8
Top_Silk
  6
CONTINUOUS
  66
1
  70
0
  40
0.0046
  41
0.0046
  0
VERTEX
  8
Top_Silk
  10
2.6965
  20
1.2264
  42
0
  0
VERTEX
  8
Top_Silk
  10
2.6994
  20
1.2278
  42
0
  0
VERTEX
  8
Top_Silk
  10
2.7023
  20
1.2307
  42
0
  0
VERTEX
  8
Top_Silk
  10
2.7037
  20
1.2336
  42
0
  0
VERTEX
  8
Top_Silk
  10
2.7051
  20
1.2379
  42
0
  0
VERTEX
  8
Top_Silk
  10
2.7051
  20
1.245
  42
0
  0
VERTEX
  8
Top_Silk
  10
2.7037
  20
1.2494
  42
0
  0
VERTEX
  8
Top_Silk
  10
2.7023
  20
1.2522
  42
0
  0
VERTEX
  8
Top_Silk
  10
2.6994
  20
1.2551
  42
0
  0
VERTEX
  8
Top_Silk
  10
2.6965
  20
1.2565
  42
0
  0
VERTEX
  8
Top_Silk
  10
2.6908
  20
1.2565
  42
0
  0
VERTEX
  8
Top_Silk
  10
2.6879
  20
1.2551
  42
0
  0
VERTEX
  8
Top_Silk
  10
2.685
  20
1.2522
  42
0
  0
VERTEX
  8
Top_Silk
  10
2.6836
  20
1.2494
  42
0
  0
VERTEX
  8
Top_Silk
  10
2.6822
  20
1.245
  42
0
  0
VERTEX
  8
Top_Silk
  10
2.6822
  20
1.2379
  42
0
  0
VERTEX
  8
Top_Silk
  10
2.6836
  20
1.2336
  42
0
  0
VERTEX
  8
Top_Silk
  10
2.685
  20
1.2307
  42
0
  0
VERTEX
  8
Top_Silk
  10
2.6879
  20
1.2278
  42
0
  0
VERTEX
  8
Top_Silk
  10
2.6908
  20
1.2264
  42
0
  0
VERTEX
  8
Top_Silk
  10
2.6965
  20
1.2264
  42
0
  0
SEQEND
  0
POLYLINE
  8
Top_Silk
  6
CONTINUOUS
  66
1
  70
0
  40
0.0023
  41
0.0023
  0
VERTEX
  8
Top_Silk
  10
2.6954
  20
1.2264
  42
1
  0
VERTEX
  8
Top_Silk
  10
2.6977
  20
1.2264
  42
1
  0
VERTEX
  8
Top_Silk
  10
2.6954
  20
1.2264
  42
1
  0
SEQEND
  0
POLYLINE
  8
Top_Silk
  6
CONTINUOUS
  66
1
  70
0
  40
0.0046
  41
0.0046
  0
VERTEX
  8
Top_Silk
  10
2.6922
  20
1.2508
  42
0
  0
VERTEX
  8
Top_Silk
  10
2.6836
  20
1.2594
  42
0
  0
SEQEND
  0
POLYLINE
  8
Top_Silk
  6
CONTINUOUS
  66
1
  70
0
  40
0.0023
  41
0.0023
  0
VERTEX
  8
Top_Silk
  10
2.691
  20
1.2508
  42
1
  0
VERTEX
  8
Top_Silk
  10
2.6934
  20
1.2508
  42
1
  0
VERTEX
  8
Top_Silk
  10
2.691
  20
1.2508
  42
1
  0
SEQEND
  0
POLYLINE
  8
Top_Silk
  6
CONTINUOUS
  66
1
  70
0
  40
0.0023
  41
0.0023
  0
VERTEX
  8
Top_Silk
  10
2.6825
  20
1.2594
  42
1
  0
VERTEX
  8
Top_Silk
  10
2.6848
  20
1.2594
  42
1
  0
VERTEX
  8
Top_Silk
  10
2.6825
  20
1.2594
  42
1
  0
SEQEND
  0
POLYLINE
  8
Top_Silk
  6
CONTINUOUS
  66
1
  70
0
  40
0.0046
  41
0.0046
  0
VERTEX
  8
Top_Silk
  10
2.6657
  20
1.2264
  42
0
  0
VERTEX
  8
Top_Silk
  10
2.67
  20
1.2279
  42
0
  0
VERTEX
  8
Top_Silk
  10
2.6715
  20
1.2307
  42
0
  0
VERTEX
  8
Top_Silk
  10
2.6715
  20
1.2336
  42
0
  0
VERTEX
  8
Top_Silk
  10
2.67
  20
1.2365
  42
0
  0
VERTEX
  8
Top_Silk
  10
2.6672
  20
1.2379
  42
0
  0
VERTEX
  8
Top_Silk
  10
2.6614
  20
1.2393
  42
0
  0
VERTEX
  8
Top_Silk
  10
2.6571
  20
1.2408
  42
0
  0
VERTEX
  8
Top_Silk
  10
2.6543
  20
1.2436
  42
0
  0
VERTEX
  8
Top_Silk
  10
2.6528
  20
1.2465
  42
0
  0
VERTEX
  8
Top_Silk
  10
2.6528
  20
1.2508
  42
0
  0
VERTEX
  8
Top_Silk
  10
2.6543
  20
1.2537
  42
0
  0
VERTEX
  8
Top_Silk
  10
2.6557
  20
1.2551
  42
0
  0
VERTEX
  8
Top_Silk
  10
2.66
  20
1.2565
  42
0
  0
VERTEX
  8
Top_Silk
  10
2.6657
  20
1.2565
  42
0
  0
VERTEX
  8
Top_Silk
  10
2.67
  20
1.2551
  42
0
  0
VERTEX
  8
Top_Silk
  10
2.6715
  20
1.2537
  42
0
  0
VERTEX
  8
Top_Silk
  10
2.6729
  20
1.2508
  42
0
  0
VERTEX
  8
Top_Silk
  10
2.6729
  20
1.2465
  42
0
  0
VERTEX
  8
Top_Silk
  10
2.6715
  20
1.2436
  42
0
  0
VERTEX
  8
Top_Silk
  10
2.6686
  20
1.2408
  42
0
  0
VERTEX
  8
Top_Silk
  10
2.6643
  20
1.2393
  42
0
  0
VERTEX
  8
Top_Silk
  10
2.6586
  20
1.2379
  42
0
  0
VERTEX
  8
Top_Silk
  10
2.6557
  20
1.2365
  42
0
  0
VERTEX
  8
Top_Silk
  10
2.6543
  20
1.2336
  42
0
  0
VERTEX
  8
Top_Silk
  10
2.6543
  20
1.2307
  42
0
  0
VERTEX
  8
Top_Silk
  10
2.6557
  20
1.2279
  42
0
  0
VERTEX
  8
Top_Silk
  10
2.66
  20
1.2264
  42
0
  0
VERTEX
  8
Top_Silk
  10
2.6657
  20
1.2264
  42
0
  0
SEQEND
  0
POLYLINE
  8
Top_Silk
  6
CONTINUOUS
  66
1
  70
0
  40
0.0023
  41
0.0023
  0
VERTEX
  8
Top_Silk
  10
2.6646
  20
1.2264
  42
1
  0
VERTEX
  8
Top_Silk
  10
2.6669
  20
1.2264
  42
1
  0
VERTEX
  8
Top_Silk
  10
2.6646
  20
1.2264
  42
1
  0
SEQEND
  0
POLYLINE
  8
Top_Silk
  6
CONTINUOUS
  66
1
  70
0
  40
0.008
  41
0.008
  0
VERTEX
  8
Top_Silk
  10
2.0377
  20
1.6459
  42
0
  0
VERTEX
  8
Top_Silk
  10
2.0393
  20
1.6461
  42
0
  0
VERTEX
  8
Top_Silk
  10
2.0406
  20
1.6468
  42
0
  0
VERTEX
  8
Top_Silk
  10
2.0417
  20
1.6479
  42
0
  0
VERTEX
  8
Top_Silk
  10
2.0424
  20
1.6493
  42
0
  0
VERTEX
  8
Top_Silk
  10
2.0427
  20
1.6508
  42
0
  0
VERTEX
  8
Top_Silk
  10
2.0424
  20
1.6523
  42
0
  0
VERTEX
  8
Top_Silk
  10
2.0417
  20
1.6537
  42
0
  0
VERTEX
  8
Top_Silk
  10
2.0406
  20
1.6548
  42
0
  0
VERTEX
  8
Top_Silk
  10
2.0393
  20
1.6555
  42
0
  0
VERTEX
  8
Top_Silk
  10
2.0377
  20
1.6557
  42
0
  0
VERTEX
  8
Top_Silk
  10
2.0362
  20
1.6555
  42
0
  0
VERTEX
  8
Top_Silk
  10
2.0349
  20
1.6548
  42
0
  0
VERTEX
  8
Top_Silk
  10
2.0338
  20
1.6537
  42
0
  0
VERTEX
  8
Top_Silk
  10
2.0331
  20
1.6523
  42
0
  0
VERTEX
  8
Top_Silk
  10
2.0328
  20
1.6508
  42
0
  0
VERTEX
  8
Top_Silk
  10
2.0331
  20
1.6493
  42
0
  0
VERTEX
  8
Top_Silk
  10
2.0338
  20
1.6479
  42
0
  0
VERTEX
  8
Top_Silk
  10
2.0349
  20
1.6468
  42
0
  0
VERTEX
  8
Top_Silk
  10
2.0362
  20
1.6461
  42
0
  0
VERTEX
  8
Top_Silk
  10
2.0377
  20
1.6459
  42
0
  0
SEQEND
  0
POLYLINE
  8
Top_Silk
  6
CONTINUOUS
  66
1
  70
0
  40
0.008
  41
0.008
  0
VERTEX
  8
Top_Silk
  10
2.0732
  20
1.6252
  42
0
  0
VERTEX
  8
Top_Silk
  10
2.1323
  20
1.6252
  42
0
  0
SEQEND
  0
POLYLINE
  8
Top_Silk
  6
CONTINUOUS
  66
1
  70
0
  40
0.008
  41
0.008
  0
VERTEX
  8
Top_Silk
  10
2.0732
  20
1.5248
  42
0
  0
VERTEX
  8
Top_Silk
  10
2.1323
  20
1.5248
  42
0
  0
SEQEND
  0
POLYLINE
  8
Top_Silk
  6
CONTINUOUS
  66
1
  70
0
  40
0.008
  41
0.008
  0
VERTEX
  8
Top_Silk
  10
2.1323
  20
1.6252
  42
0
  0
VERTEX
  8
Top_Silk
  10
2.1323
  20
1.6074
  42
0
  0
SEQEND
  0
POLYLINE
  8
Top_Silk
  6
CONTINUOUS
  66
1
  70
0
  40
0.008
  41
0.008
  0
VERTEX
  8
Top_Silk
  10
2.1323
  20
1.5426
  42
0
  0
VERTEX
  8
Top_Silk
  10
2.1323
  20
1.5248
  42
0
  0
SEQEND
  0
POLYLINE
  8
Top_Silk
  6
CONTINUOUS
  66
1
  70
0
  40
0.0046
  41
0.0046
  0
VERTEX
  8
Top_Silk
  10
2.0832
  20
1.6652
  42
0
  0
VERTEX
  8
Top_Silk
  10
2.0803
  20
1.6638
  42
0
  0
VERTEX
  8
Top_Silk
  10
2.0774
  20
1.6609
  42
0
  0
VERTEX
  8
Top_Silk
  10
2.076
  20
1.658
  42
0
  0
VERTEX
  8
Top_Silk
  10
2.0745
  20
1.6537
  42
0
  0
VERTEX
  8
Top_Silk
  10
2.0745
  20
1.6465
  42
0
  0
VERTEX
  8
Top_Silk
  10
2.076
  20
1.6422
  42
0
  0
VERTEX
  8
Top_Silk
  10
2.0774
  20
1.6394
  42
0
  0
VERTEX
  8
Top_Silk
  10
2.0803
  20
1.6365
  42
0
  0
VERTEX
  8
Top_Silk
  10
2.0832
  20
1.635
  42
0
  0
VERTEX
  8
Top_Silk
  10
2.0889
  20
1.635
  42
0
  0
VERTEX
  8
Top_Silk
  10
2.0918
  20
1.6365
  42
0
  0
VERTEX
  8
Top_Silk
  10
2.0946
  20
1.6394
  42
0
  0
VERTEX
  8
Top_Silk
  10
2.0961
  20
1.6422
  42
0
  0
VERTEX
  8
Top_Silk
  10
2.0975
  20
1.6465
  42
0
  0
VERTEX
  8
Top_Silk
  10
2.0975
  20
1.6537
  42
0
  0
VERTEX
  8
Top_Silk
  10
2.0961
  20
1.658
  42
0
  0
VERTEX
  8
Top_Silk
  10
2.0946
  20
1.6609
  42
0
  0
VERTEX
  8
Top_Silk
  10
2.0918
  20
1.6638
  42
0
  0
VERTEX
  8
Top_Silk
  10
2.0889
  20
1.6652
  42
0
  0
VERTEX
  8
Top_Silk
  10
2.0832
  20
1.6652
  42
0
  0
SEQEND
  0
POLYLINE
  8
Top_Silk
  6
CONTINUOUS
  66
1
  70
0
  40
0.0023
  41
0.0023
  0
VERTEX
  8
Top_Silk
  10
2.082
  20
1.6652
  42
1
  0
VERTEX
  8
Top_Silk
  10
2.0843
  20
1.6652
  42
1
  0
VERTEX
  8
Top_Silk
  10
2.082
  20
1.6652
  42
1
  0
SEQEND
  0
POLYLINE
  8
Top_Silk
  6
CONTINUOUS
  66
1
  70
0
  40
0.0046
  41
0.0046
  0
VERTEX
  8
Top_Silk
  10
2.0875
  20
1.6408
  42
0
  0
VERTEX
  8
Top_Silk
  10
2.0961
  20
1.6322
  42
0
  0
SEQEND
  0
POLYLINE
  8
Top_Silk
  6
CONTINUOUS
  66
1
  70
0
  40
0.0023
  41
0.0023
  0
VERTEX
  8
Top_Silk
  10
2.0863
  20
1.6408
  42
1
  0
VERTEX
  8
Top_Silk
  10
2.0886
  20
1.6408
  42
1
  0
VERTEX
  8
Top_Silk
  10
2.0863
  20
1.6408
  42
1
  0
SEQEND
  0
POLYLINE
  8
Top_Silk
  6
CONTINUOUS
  66
1
  70
0
  40
0.0023
  41
0.0023
  0
VERTEX
  8
Top_Silk
  10
2.0949
  20
1.6322
  42
1
  0
VERTEX
  8
Top_Silk
  10
2.0972
  20
1.6322
  42
1
  0
VERTEX
  8
Top_Silk
  10
2.0949
  20
1.6322
  42
1
  0
SEQEND
  0
POLYLINE
  8
Top_Silk
  6
CONTINUOUS
  66
1
  70
0
  40
0.0046
  41
0.0046
  0
VERTEX
  8
Top_Silk
  10
2.1255
  20
1.6551
  42
0
  0
VERTEX
  8
Top_Silk
  10
2.124
  20
1.6508
  42
0
  0
VERTEX
  8
Top_Silk
  10
2.1211
  20
1.6479
  42
0
  0
VERTEX
  8
Top_Silk
  10
2.1168
  20
1.6465
  42
0
  0
VERTEX
  8
Top_Silk
  10
2.1154
  20
1.6465
  42
0
  0
VERTEX
  8
Top_Silk
  10
2.1111
  20
1.6479
  42
0
  0
VERTEX
  8
Top_Silk
  10
2.1082
  20
1.6508
  42
0
  0
VERTEX
  8
Top_Silk
  10
2.1068
  20
1.6551
  42
0
  0
VERTEX
  8
Top_Silk
  10
2.1068
  20
1.6565
  42
0
  0
VERTEX
  8
Top_Silk
  10
2.1082
  20
1.6608
  42
0
  0
VERTEX
  8
Top_Silk
  10
2.1111
  20
1.6637
  42
0
  0
VERTEX
  8
Top_Silk
  10
2.1154
  20
1.6651
  42
0
  0
VERTEX
  8
Top_Silk
  10
2.1168
  20
1.6651
  42
0
  0
VERTEX
  8
Top_Silk
  10
2.1211
  20
1.6637
  42
0
  0
VERTEX
  8
Top_Silk
  10
2.124
  20
1.6608
  42
0
  0
VERTEX
  8
Top_Silk
  10
2.1255
  20
1.6551
  42
0
  0
VERTEX
  8
Top_Silk
  10
2.1255
  20
1.6479
  42
0
  0
VERTEX
  8
Top_Silk
  10
2.124
  20
1.6408
  42
0
  0
VERTEX
  8
Top_Silk
  10
2.1211
  20
1.6364
  42
0
  0
VERTEX
  8
Top_Silk
  10
2.1168
  20
1.635
  42
0
  0
VERTEX
  8
Top_Silk
  10
2.114
  20
1.635
  42
0
  0
VERTEX
  8
Top_Silk
  10
2.1097
  20
1.6364
  42
0
  0
VERTEX
  8
Top_Silk
  10
2.1082
  20
1.6393
  42
0
  0
SEQEND
  0
POLYLINE
  8
Top_Silk
  6
CONTINUOUS
  66
1
  70
0
  40
0.0023
  41
0.0023
  0
VERTEX
  8
Top_Silk
  10
2.1243
  20
1.6551
  42
1
  0
VERTEX
  8
Top_Silk
  10
2.1266
  20
1.6551
  42
1
  0
VERTEX
  8
Top_Silk
  10
2.1243
  20
1.6551
  42
1
  0
SEQEND
  0
POLYLINE
  8
Top_Silk
  6
CONTINUOUS
  66
1
  70
0
  40
0.0023
  41
0.0023
  0
VERTEX
  8
Top_Silk
  10
2.1071
  20
1.6393
  42
1
  0
VERTEX
  8
Top_Silk
  10
2.1094
  20
1.6393
  42
1
  0
VERTEX
  8
Top_Silk
  10
2.1071
  20
1.6393
  42
1
  0
SEQEND
  0
POLYLINE
  8
Top_Silk
  6
CONTINUOUS
  66
1
  70
0
  40
0.008
  41
0.008
  0
VERTEX
  8
Top_Silk
  10
0.3143
  20
0.5803
  42
0
  0
VERTEX
  8
Top_Silk
  10
0.3144
  20
0.5311
  42
0
  0
VERTEX
  8
Top_Silk
  10
0.4207
  20
0.5311
  42
0
  0
VERTEX
  8
Top_Silk
  10
0.4206
  20
0.5803
  42
0
  0
VERTEX
  8
Top_Silk
  10
0.3143
  20
0.5803
  42
0
  0
SEQEND
  0
POLYLINE
  8
Top_Silk
  6
CONTINUOUS
  66
1
  70
0
  40
0.0046
  41
0.0046
  0
VERTEX
  8
Top_Silk
  10
0.28
  20
0.5374
  42
0
  0
VERTEX
  8
Top_Silk
  10
0.28
  20
0.5503
  42
0
  0
VERTEX
  8
Top_Silk
  10
0.2785
  20
0.5546
  42
0
  0
VERTEX
  8
Top_Silk
  10
0.2771
  20
0.5561
  42
0
  0
VERTEX
  8
Top_Silk
  10
0.2742
  20
0.5575
  42
0
  0
VERTEX
  8
Top_Silk
  10
0.2714
  20
0.5575
  42
0
  0
VERTEX
  8
Top_Silk
  10
0.2685
  20
0.5561
  42
0
  0
VERTEX
  8
Top_Silk
  10
0.267
  20
0.5546
  42
0
  0
VERTEX
  8
Top_Silk
  10
0.2656
  20
0.5503
  42
0
  0
VERTEX
  8
Top_Silk
  10
0.2656
  20
0.5374
  42
0
  0
VERTEX
  8
Top_Silk
  10
0.2958
  20
0.5374
  42
0
  0
SEQEND
  0
POLYLINE
  8
Top_Silk
  6
CONTINUOUS
  66
1
  70
0
  40
0.0023
  41
0.0023
  0
VERTEX
  8
Top_Silk
  10
0.2788
  20
0.5374
  42
1
  0
VERTEX
  8
Top_Silk
  10
0.2811
  20
0.5374
  42
1
  0
VERTEX
  8
Top_Silk
  10
0.2788
  20
0.5374
  42
1
  0
SEQEND
  0
POLYLINE
  8
Top_Silk
  6
CONTINUOUS
  66
1
  70
0
  40
0.0023
  41
0.0023
  0
VERTEX
  8
Top_Silk
  10
0.2946
  20
0.5374
  42
1
  0
VERTEX
  8
Top_Silk
  10
0.2969
  20
0.5374
  42
1
  0
VERTEX
  8
Top_Silk
  10
0.2946
  20
0.5374
  42
1
  0
SEQEND
  0
POLYLINE
  8
Top_Silk
  6
CONTINUOUS
  66
1
  70
0
  40
0.0046
  41
0.0046
  0
VERTEX
  8
Top_Silk
  10
0.28
  20
0.5475
  42
0
  0
VERTEX
  8
Top_Silk
  10
0.2958
  20
0.5575
  42
0
  0
SEQEND
  0
POLYLINE
  8
Top_Silk
  6
CONTINUOUS
  66
1
  70
0
  40
0.0023
  41
0.0023
  0
VERTEX
  8
Top_Silk
  10
0.2788
  20
0.5475
  42
1
  0
VERTEX
  8
Top_Silk
  10
0.2811
  20
0.5475
  42
1
  0
VERTEX
  8
Top_Silk
  10
0.2788
  20
0.5475
  42
1
  0
SEQEND
  0
POLYLINE
  8
Top_Silk
  6
CONTINUOUS
  66
1
  70
0
  40
0.0023
  41
0.0023
  0
VERTEX
  8
Top_Silk
  10
0.2946
  20
0.5575
  42
1
  0
VERTEX
  8
Top_Silk
  10
0.2969
  20
0.5575
  42
1
  0
VERTEX
  8
Top_Silk
  10
0.2946
  20
0.5575
  42
1
  0
SEQEND
  0
POLYLINE
  8
Top_Silk
  6
CONTINUOUS
  66
1
  70
0
  40
0.0046
  41
0.0046
  0
VERTEX
  8
Top_Silk
  10
0.2714
  20
0.5668
  42
0
  0
VERTEX
  8
Top_Silk
  10
0.2699
  20
0.5697
  42
0
  0
VERTEX
  8
Top_Silk
  10
0.2657
  20
0.574
  42
0
  0
VERTEX
  8
Top_Silk
  10
0.2958
  20
0.574
  42
0
  0
SEQEND
  0
POLYLINE
  8
Top_Silk
  6
CONTINUOUS
  66
1
  70
0
  40
0.0023
  41
0.0023
  0
VERTEX
  8
Top_Silk
  10
0.2702
  20
0.5668
  42
1
  0
VERTEX
  8
Top_Silk
  10
0.2725
  20
0.5668
  42
1
  0
VERTEX
  8
Top_Silk
  10
0.2702
  20
0.5668
  42
1
  0
SEQEND
  0
POLYLINE
  8
Top_Silk
  6
CONTINUOUS
  66
1
  70
0
  40
0.0023
  41
0.0023
  0
VERTEX
  8
Top_Silk
  10
0.2946
  20
0.574
  42
1
  0
VERTEX
  8
Top_Silk
  10
0.2969
  20
0.574
  42
1
  0
VERTEX
  8
Top_Silk
  10
0.2946
  20
0.574
  42
1
  0
SEQEND
  0
POLYLINE
  8
Top_Silk
  6
CONTINUOUS
  66
1
  70
0
  40
0.005
  41
0.005
  0
VERTEX
  8
Top_Silk
  10
2.8674
  20
2.2103
  42
0
  0
VERTEX
  8
Top_Silk
  10
2.8674
  20
2.2197
  42
0
  0
SEQEND
  0
POLYLINE
  8
Top_Silk
  6
CONTINUOUS
  66
1
  70
0
  40
0.005
  41
0.005
  0
VERTEX
  8
Top_Silk
  10
2.9226
  20
2.2103
  42
0
  0
VERTEX
  8
Top_Silk
  10
2.9226
  20
2.2197
  42
0
  0
SEQEND
  0
POLYLINE
  8
Top_Silk
  6
CONTINUOUS
  66
1
  70
0
  40
0.0046
  41
0.0046
  0
VERTEX
  8
Top_Silk
  10
2.8926
  20
2.1003
  42
0
  0
VERTEX
  8
Top_Silk
  10
2.8926
  20
2.1132
  42
0
  0
VERTEX
  8
Top_Silk
  10
2.8912
  20
2.1175
  42
0
  0
VERTEX
  8
Top_Silk
  10
2.8898
  20
2.1189
  42
0
  0
VERTEX
  8
Top_Silk
  10
2.8869
  20
2.1204
  42
0
  0
VERTEX
  8
Top_Silk
  10
2.884
  20
2.1204
  42
0
  0
VERTEX
  8
Top_Silk
  10
2.8812
  20
2.1189
  42
0
  0
VERTEX
  8
Top_Silk
  10
2.8797
  20
2.1175
  42
0
  0
VERTEX
  8
Top_Silk
  10
2.8783
  20
2.1132
  42
0
  0
VERTEX
  8
Top_Silk
  10
2.8783
  20
2.1003
  42
0
  0
VERTEX
  8
Top_Silk
  10
2.9084
  20
2.1003
  42
0
  0
SEQEND
  0
POLYLINE
  8
Top_Silk
  6
CONTINUOUS
  66
1
  70
0
  40
0.0023
  41
0.0023
  0
VERTEX
  8
Top_Silk
  10
2.8915
  20
2.1003
  42
1
  0
VERTEX
  8
Top_Silk
  10
2.8938
  20
2.1003
  42
1
  0
VERTEX
  8
Top_Silk
  10
2.8915
  20
2.1003
  42
1
  0
SEQEND
  0
POLYLINE
  8
Top_Silk
  6
CONTINUOUS
  66
1
  70
0
  40
0.0023
  41
0.0023
  0
VERTEX
  8
Top_Silk
  10
2.9073
  20
2.1003
  42
1
  0
VERTEX
  8
Top_Silk
  10
2.9096
  20
2.1003
  42
1
  0
VERTEX
  8
Top_Silk
  10
2.9073
  20
2.1003
  42
1
  0
SEQEND
  0
POLYLINE
  8
Top_Silk
  6
CONTINUOUS
  66
1
  70
0
  40
0.0046
  41
0.0046
  0
VERTEX
  8
Top_Silk
  10
2.8926
  20
2.1103
  42
0
  0
VERTEX
  8
Top_Silk
  10
2.9084
  20
2.1204
  42
0
  0
SEQEND
  0
POLYLINE
  8
Top_Silk
  6
CONTINUOUS
  66
1
  70
0
  40
0.0023
  41
0.0023
  0
VERTEX
  8
Top_Silk
  10
2.8915
  20
2.1103
  42
1
  0
VERTEX
  8
Top_Silk
  10
2.8938
  20
2.1103
  42
1
  0
VERTEX
  8
Top_Silk
  10
2.8915
  20
2.1103
  42
1
  0
SEQEND
  0
POLYLINE
  8
Top_Silk
  6
CONTINUOUS
  66
1
  70
0
  40
0.0023
  41
0.0023
  0
VERTEX
  8
Top_Silk
  10
2.9073
  20
2.1204
  42
1
  0
VERTEX
  8
Top_Silk
  10
2.9096
  20
2.1204
  42
1
  0
VERTEX
  8
Top_Silk
  10
2.9073
  20
2.1204
  42
1
  0
SEQEND
  0
POLYLINE
  8
Top_Silk
  6
CONTINUOUS
  66
1
  70
0
  40
0.0046
  41
0.0046
  0
VERTEX
  8
Top_Silk
  10
2.8855
  20
2.1311
  42
0
  0
VERTEX
  8
Top_Silk
  10
2.884
  20
2.1311
  42
0
  0
VERTEX
  8
Top_Silk
  10
2.8812
  20
2.1325
  42
0
  0
VERTEX
  8
Top_Silk
  10
2.8797
  20
2.1339
  42
0
  0
VERTEX
  8
Top_Silk
  10
2.8783
  20
2.1368
  42
0
  0
VERTEX
  8
Top_Silk
  10
2.8783
  20
2.1426
  42
0
  0
VERTEX
  8
Top_Silk
  10
2.8797
  20
2.1454
  42
0
  0
VERTEX
  8
Top_Silk
  10
2.8812
  20
2.1468
  42
0
  0
VERTEX
  8
Top_Silk
  10
2.884
  20
2.1483
  42
0
  0
VERTEX
  8
Top_Silk
  10
2.8869
  20
2.1483
  42
0
  0
VERTEX
  8
Top_Silk
  10
2.8898
  20
2.1468
  42
0
  0
VERTEX
  8
Top_Silk
  10
2.8941
  20
2.144
  42
0
  0
VERTEX
  8
Top_Silk
  10
2.9084
  20
2.1296
  42
0
  0
VERTEX
  8
Top_Silk
  10
2.9084
  20
2.1497
  42
0
  0
SEQEND
  0
POLYLINE
  8
Top_Silk
  6
CONTINUOUS
  66
1
  70
0
  40
0.0023
  41
0.0023
  0
VERTEX
  8
Top_Silk
  10
2.8843
  20
2.1311
  42
1
  0
VERTEX
  8
Top_Silk
  10
2.8866
  20
2.1311
  42
1
  0
VERTEX
  8
Top_Silk
  10
2.8843
  20
2.1311
  42
1
  0
SEQEND
  0
POLYLINE
  8
Top_Silk
  6
CONTINUOUS
  66
1
  70
0
  40
0.0023
  41
0.0023
  0
VERTEX
  8
Top_Silk
  10
2.9073
  20
2.1497
  42
1
  0
VERTEX
  8
Top_Silk
  10
2.9096
  20
2.1497
  42
1
  0
VERTEX
  8
Top_Silk
  10
2.9073
  20
2.1497
  42
1
  0
SEQEND
  0
POLYLINE
  8
Top_Silk
  6
CONTINUOUS
  66
1
  70
0
  40
0.008
  41
0.008
  0
VERTEX
  8
Top_Silk
  10
2.8704
  20
2.2968
  42
0
  0
VERTEX
  8
Top_Silk
  10
2.9196
  20
2.2969
  42
0
  0
VERTEX
  8
Top_Silk
  10
2.9196
  20
2.4032
  42
0
  0
VERTEX
  8
Top_Silk
  10
2.8704
  20
2.4031
  42
0
  0
VERTEX
  8
Top_Silk
  10
2.8704
  20
2.2968
  42
0
  0
SEQEND
  0
POLYLINE
  8
Top_Silk
  6
CONTINUOUS
  66
1
  70
0
  40
0.0046
  41
0.0046
  0
VERTEX
  8
Top_Silk
  10
2.8408
  20
2.3303
  42
0
  0
VERTEX
  8
Top_Silk
  10
2.8408
  20
2.3432
  42
0
  0
VERTEX
  8
Top_Silk
  10
2.8394
  20
2.3475
  42
0
  0
VERTEX
  8
Top_Silk
  10
2.8379
  20
2.3489
  42
0
  0
VERTEX
  8
Top_Silk
  10
2.8351
  20
2.3504
  42
0
  0
VERTEX
  8
Top_Silk
  10
2.8322
  20
2.3504
  42
0
  0
VERTEX
  8
Top_Silk
  10
2.8293
  20
2.3489
  42
0
  0
VERTEX
  8
Top_Silk
  10
2.8279
  20
2.3475
  42
0
  0
VERTEX
  8
Top_Silk
  10
2.8265
  20
2.3432
  42
0
  0
VERTEX
  8
Top_Silk
  10
2.8265
  20
2.3303
  42
0
  0
VERTEX
  8
Top_Silk
  10
2.8566
  20
2.3303
  42
0
  0
SEQEND
  0
POLYLINE
  8
Top_Silk
  6
CONTINUOUS
  66
1
  70
0
  40
0.0023
  41
0.0023
  0
VERTEX
  8
Top_Silk
  10
2.8397
  20
2.3303
  42
1
  0
VERTEX
  8
Top_Silk
  10
2.842
  20
2.3303
  42
1
  0
VERTEX
  8
Top_Silk
  10
2.8397
  20
2.3303
  42
1
  0
SEQEND
  0
POLYLINE
  8
Top_Silk
  6
CONTINUOUS
  66
1
  70
0
  40
0.0023
  41
0.0023
  0
VERTEX
  8
Top_Silk
  10
2.8554
  20
2.3303
  42
1
  0
VERTEX
  8
Top_Silk
  10
2.8578
  20
2.3303
  42
1
  0
VERTEX
  8
Top_Silk
  10
2.8554
  20
2.3303
  42
1
  0
SEQEND
  0
POLYLINE
  8
Top_Silk
  6
CONTINUOUS
  66
1
  70
0
  40
0.0046
  41
0.0046
  0
VERTEX
  8
Top_Silk
  10
2.8408
  20
2.3403
  42
0
  0
VERTEX
  8
Top_Silk
  10
2.8566
  20
2.3504
  42
0
  0
SEQEND
  0
POLYLINE
  8
Top_Silk
  6
CONTINUOUS
  66
1
  70
0
  40
0.0023
  41
0.0023
  0
VERTEX
  8
Top_Silk
  10
2.8397
  20
2.3403
  42
1
  0
VERTEX
  8
Top_Silk
  10
2.842
  20
2.3403
  42
1
  0
VERTEX
  8
Top_Silk
  10
2.8397
  20
2.3403
  42
1
  0
SEQEND
  0
POLYLINE
  8
Top_Silk
  6
CONTINUOUS
  66
1
  70
0
  40
0.0023
  41
0.0023
  0
VERTEX
  8
Top_Silk
  10
2.8554
  20
2.3504
  42
1
  0
VERTEX
  8
Top_Silk
  10
2.8578
  20
2.3504
  42
1
  0
VERTEX
  8
Top_Silk
  10
2.8554
  20
2.3504
  42
1
  0
SEQEND
  0
POLYLINE
  8
Top_Silk
  6
CONTINUOUS
  66
1
  70
0
  40
0.0046
  41
0.0046
  0
VERTEX
  8
Top_Silk
  10
2.8265
  20
2.3625
  42
0
  0
VERTEX
  8
Top_Silk
  10
2.8265
  20
2.3783
  42
0
  0
VERTEX
  8
Top_Silk
  10
2.838
  20
2.3697
  42
0
  0
VERTEX
  8
Top_Silk
  10
2.838
  20
2.374
  42
0
  0
VERTEX
  8
Top_Silk
  10
2.8394
  20
2.3768
  42
0
  0
VERTEX
  8
Top_Silk
  10
2.8408
  20
2.3783
  42
0
  0
VERTEX
  8
Top_Silk
  10
2.8451
  20
2.3797
  42
0
  0
VERTEX
  8
Top_Silk
  10
2.848
  20
2.3797
  42
0
  0
VERTEX
  8
Top_Silk
  10
2.8523
  20
2.3783
  42
0
  0
VERTEX
  8
Top_Silk
  10
2.8552
  20
2.3754
  42
0
  0
VERTEX
  8
Top_Silk
  10
2.8566
  20
2.3711
  42
0
  0
VERTEX
  8
Top_Silk
  10
2.8566
  20
2.3668
  42
0
  0
VERTEX
  8
Top_Silk
  10
2.8552
  20
2.3625
  42
0
  0
VERTEX
  8
Top_Silk
  10
2.8537
  20
2.3611
  42
0
  0
VERTEX
  8
Top_Silk
  10
2.8509
  20
2.3596
  42
0
  0
SEQEND
  0
POLYLINE
  8
Top_Silk
  6
CONTINUOUS
  66
1
  70
0
  40
0.0023
  41
0.0023
  0
VERTEX
  8
Top_Silk
  10
2.8253
  20
2.3625
  42
1
  0
VERTEX
  8
Top_Silk
  10
2.8276
  20
2.3625
  42
1
  0
VERTEX
  8
Top_Silk
  10
2.8253
  20
2.3625
  42
1
  0
SEQEND
  0
POLYLINE
  8
Top_Silk
  6
CONTINUOUS
  66
1
  70
0
  40
0.0023
  41
0.0023
  0
VERTEX
  8
Top_Silk
  10
2.8497
  20
2.3596
  42
1
  0
VERTEX
  8
Top_Silk
  10
2.852
  20
2.3596
  42
1
  0
VERTEX
  8
Top_Silk
  10
2.8497
  20
2.3596
  42
1
  0
SEQEND
  0
POLYLINE
  8
Top_Silk
  6
CONTINUOUS
  66
1
  70
0
  40
0.008
  41
0.008
  0
VERTEX
  8
Top_Silk
  10
3.5282
  20
0.5254
  42
0
  0
VERTEX
  8
Top_Silk
  10
3.5281
  20
0.5746
  42
0
  0
VERTEX
  8
Top_Silk
  10
3.4218
  20
0.5746
  42
0
  0
VERTEX
  8
Top_Silk
  10
3.4219
  20
0.5254
  42
0
  0
VERTEX
  8
Top_Silk
  10
3.5282
  20
0.5254
  42
0
  0
SEQEND
  0
POLYLINE
  8
Top_Silk
  6
CONTINUOUS
  66
1
  70
0
  40
0.0046
  41
0.0046
  0
VERTEX
  8
Top_Silk
  10
3.4496
  20
0.5009
  42
0
  0
VERTEX
  8
Top_Silk
  10
3.4625
  20
0.5009
  42
0
  0
VERTEX
  8
Top_Silk
  10
3.4668
  20
0.5023
  42
0
  0
VERTEX
  8
Top_Silk
  10
3.4682
  20
0.5037
  42
0
  0
VERTEX
  8
Top_Silk
  10
3.4697
  20
0.5066
  42
0
  0
VERTEX
  8
Top_Silk
  10
3.4697
  20
0.5095
  42
0
  0
VERTEX
  8
Top_Silk
  10
3.4682
  20
0.5123
  42
0
  0
VERTEX
  8
Top_Silk
  10
3.4668
  20
0.5138
  42
0
  0
VERTEX
  8
Top_Silk
  10
3.4625
  20
0.5152
  42
0
  0
VERTEX
  8
Top_Silk
  10
3.4496
  20
0.5152
  42
0
  0
VERTEX
  8
Top_Silk
  10
3.4496
  20
0.4851
  42
0
  0
SEQEND
  0
POLYLINE
  8
Top_Silk
  6
CONTINUOUS
  66
1
  70
0
  40
0.0023
  41
0.0023
  0
VERTEX
  8
Top_Silk
  10
3.4484
  20
0.5009
  42
1
  0
VERTEX
  8
Top_Silk
  10
3.4507
  20
0.5009
  42
1
  0
VERTEX
  8
Top_Silk
  10
3.4484
  20
0.5009
  42
1
  0
SEQEND
  0
POLYLINE
  8
Top_Silk
  6
CONTINUOUS
  66
1
  70
0
  40
0.0023
  41
0.0023
  0
VERTEX
  8
Top_Silk
  10
3.4484
  20
0.4851
  42
1
  0
VERTEX
  8
Top_Silk
  10
3.4507
  20
0.4851
  42
1
  0
VERTEX
  8
Top_Silk
  10
3.4484
  20
0.4851
  42
1
  0
SEQEND
  0
POLYLINE
  8
Top_Silk
  6
CONTINUOUS
  66
1
  70
0
  40
0.0046
  41
0.0046
  0
VERTEX
  8
Top_Silk
  10
3.4596
  20
0.5009
  42
0
  0
VERTEX
  8
Top_Silk
  10
3.4697
  20
0.4851
  42
0
  0
SEQEND
  0
POLYLINE
  8
Top_Silk
  6
CONTINUOUS
  66
1
  70
0
  40
0.0023
  41
0.0023
  0
VERTEX
  8
Top_Silk
  10
3.4585
  20
0.5009
  42
1
  0
VERTEX
  8
Top_Silk
  10
3.4608
  20
0.5009
  42
1
  0
VERTEX
  8
Top_Silk
  10
3.4585
  20
0.5009
  42
1
  0
SEQEND
  0
POLYLINE
  8
Top_Silk
  6
CONTINUOUS
  66
1
  70
0
  40
0.0023
  41
0.0023
  0
VERTEX
  8
Top_Silk
  10
3.4685
  20
0.4851
  42
1
  0
VERTEX
  8
Top_Silk
  10
3.4708
  20
0.4851
  42
1
  0
VERTEX
  8
Top_Silk
  10
3.4685
  20
0.4851
  42
1
  0
SEQEND
  0
POLYLINE
  8
Top_Silk
  6
CONTINUOUS
  66
1
  70
0
  40
0.0046
  41
0.0046
  0
VERTEX
  8
Top_Silk
  10
3.4933
  20
0.4851
  42
0
  0
VERTEX
  8
Top_Silk
  10
3.4933
  20
0.5152
  42
0
  0
VERTEX
  8
Top_Silk
  10
3.4789
  20
0.4951
  42
0
  0
VERTEX
  8
Top_Silk
  10
3.5004
  20
0.4951
  42
0
  0
SEQEND
  0
POLYLINE
  8
Top_Silk
  6
CONTINUOUS
  66
1
  70
0
  40
0.0023
  41
0.0023
  0
VERTEX
  8
Top_Silk
  10
3.4921
  20
0.4851
  42
1
  0
VERTEX
  8
Top_Silk
  10
3.4944
  20
0.4851
  42
1
  0
VERTEX
  8
Top_Silk
  10
3.4921
  20
0.4851
  42
1
  0
SEQEND
  0
POLYLINE
  8
Top_Silk
  6
CONTINUOUS
  66
1
  70
0
  40
0.0023
  41
0.0023
  0
VERTEX
  8
Top_Silk
  10
3.4993
  20
0.4951
  42
1
  0
VERTEX
  8
Top_Silk
  10
3.5016
  20
0.4951
  42
1
  0
VERTEX
  8
Top_Silk
  10
3.4993
  20
0.4951
  42
1
  0
SEQEND
  0
POLYLINE
  8
Top_Silk
  6
CONTINUOUS
  66
1
  70
0
  40
0.008
  41
0.008
  0
VERTEX
  8
Top_Silk
  10
3.4219
  20
0.6346
  42
0
  0
VERTEX
  8
Top_Silk
  10
3.4219
  20
0.5854
  42
0
  0
VERTEX
  8
Top_Silk
  10
3.5281
  20
0.5854
  42
0
  0
VERTEX
  8
Top_Silk
  10
3.5281
  20
0.6346
  42
0
  0
VERTEX
  8
Top_Silk
  10
3.4219
  20
0.6346
  42
0
  0
SEQEND
  0
POLYLINE
  8
Top_Silk
  6
CONTINUOUS
  66
1
  70
0
  40
0.0046
  41
0.0046
  0
VERTEX
  8
Top_Silk
  10
3.4503
  20
0.6642
  42
0
  0
VERTEX
  8
Top_Silk
  10
3.4632
  20
0.6642
  42
0
  0
VERTEX
  8
Top_Silk
  10
3.4675
  20
0.6656
  42
0
  0
VERTEX
  8
Top_Silk
  10
3.4689
  20
0.6671
  42
0
  0
VERTEX
  8
Top_Silk
  10
3.4704
  20
0.6699
  42
0
  0
VERTEX
  8
Top_Silk
  10
3.4704
  20
0.6728
  42
0
  0
VERTEX
  8
Top_Silk
  10
3.4689
  20
0.6757
  42
0
  0
VERTEX
  8
Top_Silk
  10
3.4675
  20
0.6771
  42
0
  0
VERTEX
  8
Top_Silk
  10
3.4632
  20
0.6785
  42
0
  0
VERTEX
  8
Top_Silk
  10
3.4503
  20
0.6785
  42
0
  0
VERTEX
  8
Top_Silk
  10
3.4503
  20
0.6484
  42
0
  0
SEQEND
  0
POLYLINE
  8
Top_Silk
  6
CONTINUOUS
  66
1
  70
0
  40
0.0023
  41
0.0023
  0
VERTEX
  8
Top_Silk
  10
3.4491
  20
0.6642
  42
1
  0
VERTEX
  8
Top_Silk
  10
3.4514
  20
0.6642
  42
1
  0
VERTEX
  8
Top_Silk
  10
3.4491
  20
0.6642
  42
1
  0
SEQEND
  0
POLYLINE
  8
Top_Silk
  6
CONTINUOUS
  66
1
  70
0
  40
0.0023
  41
0.0023
  0
VERTEX
  8
Top_Silk
  10
3.4491
  20
0.6484
  42
1
  0
VERTEX
  8
Top_Silk
  10
3.4514
  20
0.6484
  42
1
  0
VERTEX
  8
Top_Silk
  10
3.4491
  20
0.6484
  42
1
  0
SEQEND
  0
POLYLINE
  8
Top_Silk
  6
CONTINUOUS
  66
1
  70
0
  40
0.0046
  41
0.0046
  0
VERTEX
  8
Top_Silk
  10
3.4603
  20
0.6642
  42
0
  0
VERTEX
  8
Top_Silk
  10
3.4704
  20
0.6484
  42
0
  0
SEQEND
  0
POLYLINE
  8
Top_Silk
  6
CONTINUOUS
  66
1
  70
0
  40
0.0023
  41
0.0023
  0
VERTEX
  8
Top_Silk
  10
3.4592
  20
0.6642
  42
1
  0
VERTEX
  8
Top_Silk
  10
3.4615
  20
0.6642
  42
1
  0
VERTEX
  8
Top_Silk
  10
3.4592
  20
0.6642
  42
1
  0
SEQEND
  0
POLYLINE
  8
Top_Silk
  6
CONTINUOUS
  66
1
  70
0
  40
0.0023
  41
0.0023
  0
VERTEX
  8
Top_Silk
  10
3.4692
  20
0.6484
  42
1
  0
VERTEX
  8
Top_Silk
  10
3.4715
  20
0.6484
  42
1
  0
VERTEX
  8
Top_Silk
  10
3.4692
  20
0.6484
  42
1
  0
SEQEND
  0
POLYLINE
  8
Top_Silk
  6
CONTINUOUS
  66
1
  70
0
  40
0.0046
  41
0.0046
  0
VERTEX
  8
Top_Silk
  10
3.4968
  20
0.6785
  42
0
  0
VERTEX
  8
Top_Silk
  10
3.4825
  20
0.6785
  42
0
  0
VERTEX
  8
Top_Silk
  10
3.4811
  20
0.6656
  42
0
  0
VERTEX
  8
Top_Silk
  10
3.4825
  20
0.667
  42
0
  0
VERTEX
  8
Top_Silk
  10
3.4868
  20
0.6685
  42
0
  0
VERTEX
  8
Top_Silk
  10
3.4911
  20
0.6685
  42
0
  0
VERTEX
  8
Top_Silk
  10
3.4954
  20
0.667
  42
0
  0
VERTEX
  8
Top_Silk
  10
3.4983
  20
0.6642
  42
0
  0
VERTEX
  8
Top_Silk
  10
3.4997
  20
0.6599
  42
0
  0
VERTEX
  8
Top_Silk
  10
3.4997
  20
0.657
  42
0
  0
VERTEX
  8
Top_Silk
  10
3.4983
  20
0.6527
  42
0
  0
VERTEX
  8
Top_Silk
  10
3.4954
  20
0.6498
  42
0
  0
VERTEX
  8
Top_Silk
  10
3.4911
  20
0.6484
  42
0
  0
VERTEX
  8
Top_Silk
  10
3.4868
  20
0.6484
  42
0
  0
VERTEX
  8
Top_Silk
  10
3.4825
  20
0.6498
  42
0
  0
VERTEX
  8
Top_Silk
  10
3.4811
  20
0.6513
  42
0
  0
VERTEX
  8
Top_Silk
  10
3.4796
  20
0.6541
  42
0
  0
SEQEND
  0
POLYLINE
  8
Top_Silk
  6
CONTINUOUS
  66
1
  70
0
  40
0.0023
  41
0.0023
  0
VERTEX
  8
Top_Silk
  10
3.4957
  20
0.6785
  42
1
  0
VERTEX
  8
Top_Silk
  10
3.498
  20
0.6785
  42
1
  0
VERTEX
  8
Top_Silk
  10
3.4957
  20
0.6785
  42
1
  0
SEQEND
  0
POLYLINE
  8
Top_Silk
  6
CONTINUOUS
  66
1
  70
0
  40
0.0023
  41
0.0023
  0
VERTEX
  8
Top_Silk
  10
3.4785
  20
0.6541
  42
1
  0
VERTEX
  8
Top_Silk
  10
3.4808
  20
0.6541
  42
1
  0
VERTEX
  8
Top_Silk
  10
3.4785
  20
0.6541
  42
1
  0
SEQEND
  0
POLYLINE
  8
Top_Silk
  6
CONTINUOUS
  66
1
  70
0
  40
0.008
  41
0.008
  0
VERTEX
  8
Top_Silk
  10
2.9654
  20
2.5468
  42
0
  0
VERTEX
  8
Top_Silk
  10
3.0146
  20
2.5469
  42
0
  0
VERTEX
  8
Top_Silk
  10
3.0146
  20
2.6532
  42
0
  0
VERTEX
  8
Top_Silk
  10
2.9654
  20
2.6531
  42
0
  0
VERTEX
  8
Top_Silk
  10
2.9654
  20
2.5468
  42
0
  0
SEQEND
  0
POLYLINE
  8
Top_Silk
  6
CONTINUOUS
  66
1
  70
0
  40
0.0046
  41
0.0046
  0
VERTEX
  8
Top_Silk
  10
2.9409
  20
2.624
  42
0
  0
VERTEX
  8
Top_Silk
  10
2.9409
  20
2.6111
  42
0
  0
VERTEX
  8
Top_Silk
  10
2.9423
  20
2.6068
  42
0
  0
VERTEX
  8
Top_Silk
  10
2.9437
  20
2.6053
  42
0
  0
VERTEX
  8
Top_Silk
  10
2.9466
  20
2.6039
  42
0
  0
VERTEX
  8
Top_Silk
  10
2.9495
  20
2.6039
  42
0
  0
VERTEX
  8
Top_Silk
  10
2.9523
  20
2.6053
  42
0
  0
VERTEX
  8
Top_Silk
  10
2.9538
  20
2.6068
  42
0
  0
VERTEX
  8
Top_Silk
  10
2.9552
  20
2.6111
  42
0
  0
VERTEX
  8
Top_Silk
  10
2.9552
  20
2.624
  42
0
  0
VERTEX
  8
Top_Silk
  10
2.9251
  20
2.624
  42
0
  0
SEQEND
  0
POLYLINE
  8
Top_Silk
  6
CONTINUOUS
  66
1
  70
0
  40
0.0023
  41
0.0023
  0
VERTEX
  8
Top_Silk
  10
2.9397
  20
2.624
  42
1
  0
VERTEX
  8
Top_Silk
  10
2.942
  20
2.624
  42
1
  0
VERTEX
  8
Top_Silk
  10
2.9397
  20
2.624
  42
1
  0
SEQEND
  0
POLYLINE
  8
Top_Silk
  6
CONTINUOUS
  66
1
  70
0
  40
0.0023
  41
0.0023
  0
VERTEX
  8
Top_Silk
  10
2.9239
  20
2.624
  42
1
  0
VERTEX
  8
Top_Silk
  10
2.9262
  20
2.624
  42
1
  0
VERTEX
  8
Top_Silk
  10
2.9239
  20
2.624
  42
1
  0
SEQEND
  0
POLYLINE
  8
Top_Silk
  6
CONTINUOUS
  66
1
  70
0
  40
0.0046
  41
0.0046
  0
VERTEX
  8
Top_Silk
  10
2.9409
  20
2.6139
  42
0
  0
VERTEX
  8
Top_Silk
  10
2.9251
  20
2.6039
  42
0
  0
SEQEND
  0
POLYLINE
  8
Top_Silk
  6
CONTINUOUS
  66
1
  70
0
  40
0.0023
  41
0.0023
  0
VERTEX
  8
Top_Silk
  10
2.9397
  20
2.6139
  42
1
  0
VERTEX
  8
Top_Silk
  10
2.942
  20
2.6139
  42
1
  0
VERTEX
  8
Top_Silk
  10
2.9397
  20
2.6139
  42
1
  0
SEQEND
  0
POLYLINE
  8
Top_Silk
  6
CONTINUOUS
  66
1
  70
0
  40
0.0023
  41
0.0023
  0
VERTEX
  8
Top_Silk
  10
2.9239
  20
2.6039
  42
1
  0
VERTEX
  8
Top_Silk
  10
2.9262
  20
2.6039
  42
1
  0
VERTEX
  8
Top_Silk
  10
2.9239
  20
2.6039
  42
1
  0
SEQEND
  0
POLYLINE
  8
Top_Silk
  6
CONTINUOUS
  66
1
  70
0
  40
0.0046
  41
0.0046
  0
VERTEX
  8
Top_Silk
  10
2.9509
  20
2.5774
  42
0
  0
VERTEX
  8
Top_Silk
  10
2.9538
  20
2.5789
  42
0
  0
VERTEX
  8
Top_Silk
  10
2.9552
  20
2.5832
  42
0
  0
VERTEX
  8
Top_Silk
  10
2.9552
  20
2.586
  42
0
  0
VERTEX
  8
Top_Silk
  10
2.9538
  20
2.5903
  42
0
  0
VERTEX
  8
Top_Silk
  10
2.9494
  20
2.5932
  42
0
  0
VERTEX
  8
Top_Silk
  10
2.9423
  20
2.5946
  42
0
  0
VERTEX
  8
Top_Silk
  10
2.9351
  20
2.5946
  42
0
  0
VERTEX
  8
Top_Silk
  10
2.9294
  20
2.5932
  42
0
  0
VERTEX
  8
Top_Silk
  10
2.9265
  20
2.5903
  42
0
  0
VERTEX
  8
Top_Silk
  10
2.9251
  20
2.586
  42
0
  0
VERTEX
  8
Top_Silk
  10
2.9251
  20
2.5846
  42
0
  0
VERTEX
  8
Top_Silk
  10
2.9265
  20
2.5803
  42
0
  0
VERTEX
  8
Top_Silk
  10
2.9294
  20
2.5774
  42
0
  0
VERTEX
  8
Top_Silk
  10
2.9337
  20
2.576
  42
0
  0
VERTEX
  8
Top_Silk
  10
2.9351
  20
2.576
  42
0
  0
VERTEX
  8
Top_Silk
  10
2.9394
  20
2.5774
  42
0
  0
VERTEX
  8
Top_Silk
  10
2.9423
  20
2.5803
  42
0
  0
VERTEX
  8
Top_Silk
  10
2.9437
  20
2.5846
  42
0
  0
VERTEX
  8
Top_Silk
  10
2.9437
  20
2.586
  42
0
  0
VERTEX
  8
Top_Silk
  10
2.9423
  20
2.5903
  42
0
  0
VERTEX
  8
Top_Silk
  10
2.9394
  20
2.5932
  42
0
  0
VERTEX
  8
Top_Silk
  10
2.9351
  20
2.5946
  42
0
  0
SEQEND
  0
POLYLINE
  8
Top_Silk
  6
CONTINUOUS
  66
1
  70
0
  40
0.0023
  41
0.0023
  0
VERTEX
  8
Top_Silk
  10
2.9497
  20
2.5774
  42
1
  0
VERTEX
  8
Top_Silk
  10
2.9521
  20
2.5774
  42
1
  0
VERTEX
  8
Top_Silk
  10
2.9497
  20
2.5774
  42
1
  0
SEQEND
  0
POLYLINE
  8
Top_Silk
  6
CONTINUOUS
  66
1
  70
0
  40
0.0023
  41
0.0023
  0
VERTEX
  8
Top_Silk
  10
2.934
  20
2.5946
  42
1
  0
VERTEX
  8
Top_Silk
  10
2.9363
  20
2.5946
  42
1
  0
VERTEX
  8
Top_Silk
  10
2.934
  20
2.5946
  42
1
  0
SEQEND
  0
POLYLINE
  8
Top_Silk
  6
CONTINUOUS
  66
1
  70
0
  40
0.008
  41
0.008
  0
VERTEX
  8
Top_Silk
  10
3.2107
  20
2.4946
  42
0
  0
VERTEX
  8
Top_Silk
  10
3.2107
  20
2.4454
  42
0
  0
VERTEX
  8
Top_Silk
  10
3.317
  20
2.4454
  42
0
  0
VERTEX
  8
Top_Silk
  10
3.317
  20
2.4946
  42
0
  0
VERTEX
  8
Top_Silk
  10
3.2107
  20
2.4946
  42
0
  0
SEQEND
  0
POLYLINE
  8
Top_Silk
  6
CONTINUOUS
  66
1
  70
0
  40
0.0046
  41
0.0046
  0
VERTEX
  8
Top_Silk
  10
3.3465
  20
2.4847
  42
0
  0
VERTEX
  8
Top_Silk
  10
3.3465
  20
2.4718
  42
0
  0
VERTEX
  8
Top_Silk
  10
3.348
  20
2.4675
  42
0
  0
VERTEX
  8
Top_Silk
  10
3.3494
  20
2.4661
  42
0
  0
VERTEX
  8
Top_Silk
  10
3.3523
  20
2.4646
  42
0
  0
VERTEX
  8
Top_Silk
  10
3.3552
  20
2.4646
  42
0
  0
VERTEX
  8
Top_Silk
  10
3.358
  20
2.4661
  42
0
  0
VERTEX
  8
Top_Silk
  10
3.3595
  20
2.4675
  42
0
  0
VERTEX
  8
Top_Silk
  10
3.3609
  20
2.4718
  42
0
  0
VERTEX
  8
Top_Silk
  10
3.3609
  20
2.4847
  42
0
  0
VERTEX
  8
Top_Silk
  10
3.3308
  20
2.4847
  42
0
  0
SEQEND
  0
POLYLINE
  8
Top_Silk
  6
CONTINUOUS
  66
1
  70
0
  40
0.0023
  41
0.0023
  0
VERTEX
  8
Top_Silk
  10
3.3454
  20
2.4847
  42
1
  0
VERTEX
  8
Top_Silk
  10
3.3477
  20
2.4847
  42
1
  0
VERTEX
  8
Top_Silk
  10
3.3454
  20
2.4847
  42
1
  0
SEQEND
  0
POLYLINE
  8
Top_Silk
  6
CONTINUOUS
  66
1
  70
0
  40
0.0023
  41
0.0023
  0
VERTEX
  8
Top_Silk
  10
3.3296
  20
2.4847
  42
1
  0
VERTEX
  8
Top_Silk
  10
3.3319
  20
2.4847
  42
1
  0
VERTEX
  8
Top_Silk
  10
3.3296
  20
2.4847
  42
1
  0
SEQEND
  0
POLYLINE
  8
Top_Silk
  6
CONTINUOUS
  66
1
  70
0
  40
0.0046
  41
0.0046
  0
VERTEX
  8
Top_Silk
  10
3.3465
  20
2.4747
  42
0
  0
VERTEX
  8
Top_Silk
  10
3.3308
  20
2.4646
  42
0
  0
SEQEND
  0
POLYLINE
  8
Top_Silk
  6
CONTINUOUS
  66
1
  70
0
  40
0.0023
  41
0.0023
  0
VERTEX
  8
Top_Silk
  10
3.3454
  20
2.4747
  42
1
  0
VERTEX
  8
Top_Silk
  10
3.3477
  20
2.4747
  42
1
  0
VERTEX
  8
Top_Silk
  10
3.3454
  20
2.4747
  42
1
  0
SEQEND
  0
POLYLINE
  8
Top_Silk
  6
CONTINUOUS
  66
1
  70
0
  40
0.0023
  41
0.0023
  0
VERTEX
  8
Top_Silk
  10
3.3296
  20
2.4646
  42
1
  0
VERTEX
  8
Top_Silk
  10
3.3319
  20
2.4646
  42
1
  0
VERTEX
  8
Top_Silk
  10
3.3296
  20
2.4646
  42
1
  0
SEQEND
  0
POLYLINE
  8
Top_Silk
  6
CONTINUOUS
  66
1
  70
0
  40
0.0046
  41
0.0046
  0
VERTEX
  8
Top_Silk
  10
3.3308
  20
2.4496
  42
0
  0
VERTEX
  8
Top_Silk
  10
3.3609
  20
2.4353
  42
0
  0
VERTEX
  8
Top_Silk
  10
3.3609
  20
2.4554
  42
0
  0
SEQEND
  0
POLYLINE
  8
Top_Silk
  6
CONTINUOUS
  66
1
  70
0
  40
0.0023
  41
0.0023
  0
VERTEX
  8
Top_Silk
  10
3.3296
  20
2.4496
  42
1
  0
VERTEX
  8
Top_Silk
  10
3.3319
  20
2.4496
  42
1
  0
VERTEX
  8
Top_Silk
  10
3.3296
  20
2.4496
  42
1
  0
SEQEND
  0
POLYLINE
  8
Top_Silk
  6
CONTINUOUS
  66
1
  70
0
  40
0.0023
  41
0.0023
  0
VERTEX
  8
Top_Silk
  10
3.3597
  20
2.4554
  42
1
  0
VERTEX
  8
Top_Silk
  10
3.362
  20
2.4554
  42
1
  0
VERTEX
  8
Top_Silk
  10
3.3597
  20
2.4554
  42
1
  0
SEQEND
  0
POLYLINE
  8
Top_Silk
  6
CONTINUOUS
  66
1
  70
0
  40
0.008
  41
0.008
  0
VERTEX
  8
Top_Silk
  10
3.317
  20
2.5104
  42
0
  0
VERTEX
  8
Top_Silk
  10
3.317
  20
2.5596
  42
0
  0
VERTEX
  8
Top_Silk
  10
3.2107
  20
2.5596
  42
0
  0
VERTEX
  8
Top_Silk
  10
3.2107
  20
2.5104
  42
0
  0
VERTEX
  8
Top_Silk
  10
3.317
  20
2.5104
  42
0
  0
SEQEND
  0
POLYLINE
  8
Top_Silk
  6
CONTINUOUS
  66
1
  70
0
  40
0.0046
  41
0.0046
  0
VERTEX
  8
Top_Silk
  10
3.3463
  20
2.5597
  42
0
  0
VERTEX
  8
Top_Silk
  10
3.3463
  20
2.5468
  42
0
  0
VERTEX
  8
Top_Silk
  10
3.3478
  20
2.5425
  42
0
  0
VERTEX
  8
Top_Silk
  10
3.3492
  20
2.541
  42
0
  0
VERTEX
  8
Top_Silk
  10
3.3521
  20
2.5396
  42
0
  0
VERTEX
  8
Top_Silk
  10
3.355
  20
2.5396
  42
0
  0
VERTEX
  8
Top_Silk
  10
3.3578
  20
2.541
  42
0
  0
VERTEX
  8
Top_Silk
  10
3.3593
  20
2.5425
  42
0
  0
VERTEX
  8
Top_Silk
  10
3.3607
  20
2.5468
  42
0
  0
VERTEX
  8
Top_Silk
  10
3.3607
  20
2.5597
  42
0
  0
VERTEX
  8
Top_Silk
  10
3.3306
  20
2.5597
  42
0
  0
SEQEND
  0
POLYLINE
  8
Top_Silk
  6
CONTINUOUS
  66
1
  70
0
  40
0.0023
  41
0.0023
  0
VERTEX
  8
Top_Silk
  10
3.3452
  20
2.5597
  42
1
  0
VERTEX
  8
Top_Silk
  10
3.3475
  20
2.5597
  42
1
  0
VERTEX
  8
Top_Silk
  10
3.3452
  20
2.5597
  42
1
  0
SEQEND
  0
POLYLINE
  8
Top_Silk
  6
CONTINUOUS
  66
1
  70
0
  40
0.0023
  41
0.0023
  0
VERTEX
  8
Top_Silk
  10
3.3294
  20
2.5597
  42
1
  0
VERTEX
  8
Top_Silk
  10
3.3317
  20
2.5597
  42
1
  0
VERTEX
  8
Top_Silk
  10
3.3294
  20
2.5597
  42
1
  0
SEQEND
  0
POLYLINE
  8
Top_Silk
  6
CONTINUOUS
  66
1
  70
0
  40
0.0046
  41
0.0046
  0
VERTEX
  8
Top_Silk
  10
3.3463
  20
2.5497
  42
0
  0
VERTEX
  8
Top_Silk
  10
3.3306
  20
2.5396
  42
0
  0
SEQEND
  0
POLYLINE
  8
Top_Silk
  6
CONTINUOUS
  66
1
  70
0
  40
0.0023
  41
0.0023
  0
VERTEX
  8
Top_Silk
  10
3.3452
  20
2.5497
  42
1
  0
VERTEX
  8
Top_Silk
  10
3.3475
  20
2.5497
  42
1
  0
VERTEX
  8
Top_Silk
  10
3.3452
  20
2.5497
  42
1
  0
SEQEND
  0
POLYLINE
  8
Top_Silk
  6
CONTINUOUS
  66
1
  70
0
  40
0.0023
  41
0.0023
  0
VERTEX
  8
Top_Silk
  10
3.3294
  20
2.5396
  42
1
  0
VERTEX
  8
Top_Silk
  10
3.3317
  20
2.5396
  42
1
  0
VERTEX
  8
Top_Silk
  10
3.3294
  20
2.5396
  42
1
  0
SEQEND
  0
POLYLINE
  8
Top_Silk
  6
CONTINUOUS
  66
1
  70
0
  40
0.0046
  41
0.0046
  0
VERTEX
  8
Top_Silk
  10
3.3607
  20
2.5232
  42
0
  0
VERTEX
  8
Top_Silk
  10
3.3592
  20
2.5275
  42
0
  0
VERTEX
  8
Top_Silk
  10
3.3564
  20
2.5289
  42
0
  0
VERTEX
  8
Top_Silk
  10
3.3535
  20
2.5289
  42
0
  0
VERTEX
  8
Top_Silk
  10
3.3506
  20
2.5275
  42
0
  0
VERTEX
  8
Top_Silk
  10
3.3492
  20
2.5246
  42
0
  0
VERTEX
  8
Top_Silk
  10
3.3478
  20
2.5189
  42
0
  0
VERTEX
  8
Top_Silk
  10
3.3463
  20
2.5146
  42
0
  0
VERTEX
  8
Top_Silk
  10
3.3435
  20
2.5117
  42
0
  0
VERTEX
  8
Top_Silk
  10
3.3406
  20
2.5103
  42
0
  0
VERTEX
  8
Top_Silk
  10
3.3363
  20
2.5103
  42
0
  0
VERTEX
  8
Top_Silk
  10
3.3334
  20
2.5117
  42
0
  0
VERTEX
  8
Top_Silk
  10
3.332
  20
2.5131
  42
0
  0
VERTEX
  8
Top_Silk
  10
3.3306
  20
2.5175
  42
0
  0
VERTEX
  8
Top_Silk
  10
3.3306
  20
2.5232
  42
0
  0
VERTEX
  8
Top_Silk
  10
3.332
  20
2.5275
  42
0
  0
VERTEX
  8
Top_Silk
  10
3.3334
  20
2.5289
  42
0
  0
VERTEX
  8
Top_Silk
  10
3.3363
  20
2.5304
  42
0
  0
VERTEX
  8
Top_Silk
  10
3.3406
  20
2.5304
  42
0
  0
VERTEX
  8
Top_Silk
  10
3.3435
  20
2.5289
  42
0
  0
VERTEX
  8
Top_Silk
  10
3.3463
  20
2.526
  42
0
  0
VERTEX
  8
Top_Silk
  10
3.3478
  20
2.5218
  42
0
  0
VERTEX
  8
Top_Silk
  10
3.3492
  20
2.516
  42
0
  0
VERTEX
  8
Top_Silk
  10
3.3506
  20
2.5131
  42
0
  0
VERTEX
  8
Top_Silk
  10
3.3535
  20
2.5117
  42
0
  0
VERTEX
  8
Top_Silk
  10
3.3564
  20
2.5117
  42
0
  0
VERTEX
  8
Top_Silk
  10
3.3592
  20
2.5131
  42
0
  0
VERTEX
  8
Top_Silk
  10
3.3607
  20
2.5175
  42
0
  0
VERTEX
  8
Top_Silk
  10
3.3607
  20
2.5232
  42
0
  0
SEQEND
  0
POLYLINE
  8
Top_Silk
  6
CONTINUOUS
  66
1
  70
0
  40
0.0023
  41
0.0023
  0
VERTEX
  8
Top_Silk
  10
3.3595
  20
2.5232
  42
1
  0
VERTEX
  8
Top_Silk
  10
3.3618
  20
2.5232
  42
1
  0
VERTEX
  8
Top_Silk
  10
3.3595
  20
2.5232
  42
1
  0
SEQEND
  0
POLYLINE
  8
Top_Silk
  6
CONTINUOUS
  66
1
  70
0
  40
0.005
  41
0.005
  0
VERTEX
  8
Top_Silk
  10
0.5847
  20
1.8824
  42
0
  0
VERTEX
  8
Top_Silk
  10
0.5753
  20
1.8824
  42
0
  0
SEQEND
  0
POLYLINE
  8
Top_Silk
  6
CONTINUOUS
  66
1
  70
0
  40
0.005
  41
0.005
  0
VERTEX
  8
Top_Silk
  10
0.5847
  20
1.9376
  42
0
  0
VERTEX
  8
Top_Silk
  10
0.5753
  20
1.9376
  42
0
  0
SEQEND
  0
POLYLINE
  8
Top_Silk
  6
CONTINUOUS
  66
1
  70
0
  40
0.0046
  41
0.0046
  0
VERTEX
  8
Top_Silk
  10
0.6625
  20
1.8861
  42
0
  0
VERTEX
  8
Top_Silk
  10
0.6625
  20
1.899
  42
0
  0
VERTEX
  8
Top_Silk
  10
0.661
  20
1.9033
  42
0
  0
VERTEX
  8
Top_Silk
  10
0.6596
  20
1.9048
  42
0
  0
VERTEX
  8
Top_Silk
  10
0.6567
  20
1.9062
  42
0
  0
VERTEX
  8
Top_Silk
  10
0.6539
  20
1.9062
  42
0
  0
VERTEX
  8
Top_Silk
  10
0.651
  20
1.9048
  42
0
  0
VERTEX
  8
Top_Silk
  10
0.6495
  20
1.9033
  42
0
  0
VERTEX
  8
Top_Silk
  10
0.6481
  20
1.899
  42
0
  0
VERTEX
  8
Top_Silk
  10
0.6481
  20
1.8861
  42
0
  0
VERTEX
  8
Top_Silk
  10
0.6783
  20
1.8861
  42
0
  0
SEQEND
  0
POLYLINE
  8
Top_Silk
  6
CONTINUOUS
  66
1
  70
0
  40
0.0023
  41
0.0023
  0
VERTEX
  8
Top_Silk
  10
0.6613
  20
1.8861
  42
1
  0
VERTEX
  8
Top_Silk
  10
0.6636
  20
1.8861
  42
1
  0
VERTEX
  8
Top_Silk
  10
0.6613
  20
1.8861
  42
1
  0
SEQEND
  0
POLYLINE
  8
Top_Silk
  6
CONTINUOUS
  66
1
  70
0
  40
0.0023
  41
0.0023
  0
VERTEX
  8
Top_Silk
  10
0.6771
  20
1.8861
  42
1
  0
VERTEX
  8
Top_Silk
  10
0.6794
  20
1.8861
  42
1
  0
VERTEX
  8
Top_Silk
  10
0.6771
  20
1.8861
  42
1
  0
SEQEND
  0
POLYLINE
  8
Top_Silk
  6
CONTINUOUS
  66
1
  70
0
  40
0.0046
  41
0.0046
  0
VERTEX
  8
Top_Silk
  10
0.6625
  20
1.8962
  42
0
  0
VERTEX
  8
Top_Silk
  10
0.6783
  20
1.9062
  42
0
  0
SEQEND
  0
POLYLINE
  8
Top_Silk
  6
CONTINUOUS
  66
1
  70
0
  40
0.0023
  41
0.0023
  0
VERTEX
  8
Top_Silk
  10
0.6613
  20
1.8962
  42
1
  0
VERTEX
  8
Top_Silk
  10
0.6636
  20
1.8962
  42
1
  0
VERTEX
  8
Top_Silk
  10
0.6613
  20
1.8962
  42
1
  0
SEQEND
  0
POLYLINE
  8
Top_Silk
  6
CONTINUOUS
  66
1
  70
0
  40
0.0023
  41
0.0023
  0
VERTEX
  8
Top_Silk
  10
0.6771
  20
1.9062
  42
1
  0
VERTEX
  8
Top_Silk
  10
0.6794
  20
1.9062
  42
1
  0
VERTEX
  8
Top_Silk
  10
0.6771
  20
1.9062
  42
1
  0
SEQEND
  0
POLYLINE
  8
Top_Silk
  6
CONTINUOUS
  66
1
  70
0
  40
0.0046
  41
0.0046
  0
VERTEX
  8
Top_Silk
  10
0.6582
  20
1.9342
  42
0
  0
VERTEX
  8
Top_Silk
  10
0.6625
  20
1.9327
  42
0
  0
VERTEX
  8
Top_Silk
  10
0.6654
  20
1.9299
  42
0
  0
VERTEX
  8
Top_Silk
  10
0.6668
  20
1.9255
  42
0
  0
VERTEX
  8
Top_Silk
  10
0.6668
  20
1.9241
  42
0
  0
VERTEX
  8
Top_Silk
  10
0.6654
  20
1.9198
  42
0
  0
VERTEX
  8
Top_Silk
  10
0.6625
  20
1.917
  42
0
  0
VERTEX
  8
Top_Silk
  10
0.6582
  20
1.9155
  42
0
  0
VERTEX
  8
Top_Silk
  10
0.6567
  20
1.9155
  42
0
  0
VERTEX
  8
Top_Silk
  10
0.6524
  20
1.917
  42
0
  0
VERTEX
  8
Top_Silk
  10
0.6496
  20
1.9198
  42
0
  0
VERTEX
  8
Top_Silk
  10
0.6482
  20
1.9241
  42
0
  0
VERTEX
  8
Top_Silk
  10
0.6482
  20
1.9255
  42
0
  0
VERTEX
  8
Top_Silk
  10
0.6496
  20
1.9299
  42
0
  0
VERTEX
  8
Top_Silk
  10
0.6524
  20
1.9327
  42
0
  0
VERTEX
  8
Top_Silk
  10
0.6582
  20
1.9342
  42
0
  0
VERTEX
  8
Top_Silk
  10
0.6654
  20
1.9342
  42
0
  0
VERTEX
  8
Top_Silk
  10
0.6725
  20
1.9327
  42
0
  0
VERTEX
  8
Top_Silk
  10
0.6768
  20
1.9299
  42
0
  0
VERTEX
  8
Top_Silk
  10
0.6783
  20
1.9255
  42
0
  0
VERTEX
  8
Top_Silk
  10
0.6783
  20
1.9227
  42
0
  0
VERTEX
  8
Top_Silk
  10
0.6768
  20
1.9184
  42
0
  0
VERTEX
  8
Top_Silk
  10
0.674
  20
1.917
  42
0
  0
SEQEND
  0
POLYLINE
  8
Top_Silk
  6
CONTINUOUS
  66
1
  70
0
  40
0.0023
  41
0.0023
  0
VERTEX
  8
Top_Silk
  10
0.657
  20
1.9342
  42
1
  0
VERTEX
  8
Top_Silk
  10
0.6593
  20
1.9342
  42
1
  0
VERTEX
  8
Top_Silk
  10
0.657
  20
1.9342
  42
1
  0
SEQEND
  0
POLYLINE
  8
Top_Silk
  6
CONTINUOUS
  66
1
  70
0
  40
0.0023
  41
0.0023
  0
VERTEX
  8
Top_Silk
  10
0.6728
  20
1.917
  42
1
  0
VERTEX
  8
Top_Silk
  10
0.6751
  20
1.917
  42
1
  0
VERTEX
  8
Top_Silk
  10
0.6728
  20
1.917
  42
1
  0
SEQEND
  0
POLYLINE
  8
Top_Silk
  6
CONTINUOUS
  66
1
  70
0
  40
0.008
  41
0.008
  0
VERTEX
  8
Top_Silk
  10
0.4669
  20
2.0096
  42
0
  0
VERTEX
  8
Top_Silk
  10
0.4669
  20
1.9604
  42
0
  0
VERTEX
  8
Top_Silk
  10
0.5731
  20
1.9604
  42
0
  0
VERTEX
  8
Top_Silk
  10
0.5731
  20
2.0096
  42
0
  0
VERTEX
  8
Top_Silk
  10
0.4669
  20
2.0096
  42
0
  0
SEQEND
  0
POLYLINE
  8
Top_Silk
  6
CONTINUOUS
  66
1
  70
0
  40
0.0046
  41
0.0046
  0
VERTEX
  8
Top_Silk
  10
0.487
  20
2.0392
  42
0
  0
VERTEX
  8
Top_Silk
  10
0.4999
  20
2.0392
  42
0
  0
VERTEX
  8
Top_Silk
  10
0.5043
  20
2.0406
  42
0
  0
VERTEX
  8
Top_Silk
  10
0.5057
  20
2.0421
  42
0
  0
VERTEX
  8
Top_Silk
  10
0.5071
  20
2.0449
  42
0
  0
VERTEX
  8
Top_Silk
  10
0.5071
  20
2.0478
  42
0
  0
VERTEX
  8
Top_Silk
  10
0.5057
  20
2.0507
  42
0
  0
VERTEX
  8
Top_Silk
  10
0.5043
  20
2.0521
  42
0
  0
VERTEX
  8
Top_Silk
  10
0.4999
  20
2.0535
  42
0
  0
VERTEX
  8
Top_Silk
  10
0.487
  20
2.0535
  42
0
  0
VERTEX
  8
Top_Silk
  10
0.487
  20
2.0234
  42
0
  0
SEQEND
  0
POLYLINE
  8
Top_Silk
  6
CONTINUOUS
  66
1
  70
0
  40
0.0023
  41
0.0023
  0
VERTEX
  8
Top_Silk
  10
0.4859
  20
2.0392
  42
1
  0
VERTEX
  8
Top_Silk
  10
0.4882
  20
2.0392
  42
1
  0
VERTEX
  8
Top_Silk
  10
0.4859
  20
2.0392
  42
1
  0
SEQEND
  0
POLYLINE
  8
Top_Silk
  6
CONTINUOUS
  66
1
  70
0
  40
0.0023
  41
0.0023
  0
VERTEX
  8
Top_Silk
  10
0.4859
  20
2.0234
  42
1
  0
VERTEX
  8
Top_Silk
  10
0.4882
  20
2.0234
  42
1
  0
VERTEX
  8
Top_Silk
  10
0.4859
  20
2.0234
  42
1
  0
SEQEND
  0
POLYLINE
  8
Top_Silk
  6
CONTINUOUS
  66
1
  70
0
  40
0.0046
  41
0.0046
  0
VERTEX
  8
Top_Silk
  10
0.4971
  20
2.0392
  42
0
  0
VERTEX
  8
Top_Silk
  10
0.5071
  20
2.0234
  42
0
  0
SEQEND
  0
POLYLINE
  8
Top_Silk
  6
CONTINUOUS
  66
1
  70
0
  40
0.0023
  41
0.0023
  0
VERTEX
  8
Top_Silk
  10
0.4959
  20
2.0392
  42
1
  0
VERTEX
  8
Top_Silk
  10
0.4982
  20
2.0392
  42
1
  0
VERTEX
  8
Top_Silk
  10
0.4959
  20
2.0392
  42
1
  0
SEQEND
  0
POLYLINE
  8
Top_Silk
  6
CONTINUOUS
  66
1
  70
0
  40
0.0023
  41
0.0023
  0
VERTEX
  8
Top_Silk
  10
0.506
  20
2.0234
  42
1
  0
VERTEX
  8
Top_Silk
  10
0.5083
  20
2.0234
  42
1
  0
VERTEX
  8
Top_Silk
  10
0.506
  20
2.0234
  42
1
  0
SEQEND
  0
POLYLINE
  8
Top_Silk
  6
CONTINUOUS
  66
1
  70
0
  40
0.0046
  41
0.0046
  0
VERTEX
  8
Top_Silk
  10
0.5164
  20
2.0478
  42
0
  0
VERTEX
  8
Top_Silk
  10
0.5193
  20
2.0492
  42
0
  0
VERTEX
  8
Top_Silk
  10
0.5236
  20
2.0535
  42
0
  0
VERTEX
  8
Top_Silk
  10
0.5236
  20
2.0234
  42
0
  0
SEQEND
  0
POLYLINE
  8
Top_Silk
  6
CONTINUOUS
  66
1
  70
0
  40
0.0023
  41
0.0023
  0
VERTEX
  8
Top_Silk
  10
0.5152
  20
2.0478
  42
1
  0
VERTEX
  8
Top_Silk
  10
0.5176
  20
2.0478
  42
1
  0
VERTEX
  8
Top_Silk
  10
0.5152
  20
2.0478
  42
1
  0
SEQEND
  0
POLYLINE
  8
Top_Silk
  6
CONTINUOUS
  66
1
  70
0
  40
0.0023
  41
0.0023
  0
VERTEX
  8
Top_Silk
  10
0.5224
  20
2.0234
  42
1
  0
VERTEX
  8
Top_Silk
  10
0.5248
  20
2.0234
  42
1
  0
VERTEX
  8
Top_Silk
  10
0.5224
  20
2.0234
  42
1
  0
SEQEND
  0
POLYLINE
  8
Top_Silk
  6
CONTINUOUS
  66
1
  70
0
  40
0.0046
  41
0.0046
  0
VERTEX
  8
Top_Silk
  10
0.5415
  20
2.0535
  42
0
  0
VERTEX
  8
Top_Silk
  10
0.5372
  20
2.0521
  42
0
  0
VERTEX
  8
Top_Silk
  10
0.5343
  20
2.0478
  42
0
  0
VERTEX
  8
Top_Silk
  10
0.5329
  20
2.0406
  42
0
  0
VERTEX
  8
Top_Silk
  10
0.5329
  20
2.0363
  42
0
  0
VERTEX
  8
Top_Silk
  10
0.5343
  20
2.0291
  42
0
  0
VERTEX
  8
Top_Silk
  10
0.5372
  20
2.0248
  42
0
  0
VERTEX
  8
Top_Silk
  10
0.5415
  20
2.0234
  42
0
  0
VERTEX
  8
Top_Silk
  10
0.5443
  20
2.0234
  42
0
  0
VERTEX
  8
Top_Silk
  10
0.5486
  20
2.0248
  42
0
  0
VERTEX
  8
Top_Silk
  10
0.5515
  20
2.0291
  42
0
  0
VERTEX
  8
Top_Silk
  10
0.553
  20
2.0363
  42
0
  0
VERTEX
  8
Top_Silk
  10
0.553
  20
2.0406
  42
0
  0
VERTEX
  8
Top_Silk
  10
0.5515
  20
2.0478
  42
0
  0
VERTEX
  8
Top_Silk
  10
0.5486
  20
2.0521
  42
0
  0
VERTEX
  8
Top_Silk
  10
0.5443
  20
2.0535
  42
0
  0
VERTEX
  8
Top_Silk
  10
0.5415
  20
2.0535
  42
0
  0
SEQEND
  0
POLYLINE
  8
Top_Silk
  6
CONTINUOUS
  66
1
  70
0
  40
0.0023
  41
0.0023
  0
VERTEX
  8
Top_Silk
  10
0.5403
  20
2.0535
  42
1
  0
VERTEX
  8
Top_Silk
  10
0.5426
  20
2.0535
  42
1
  0
VERTEX
  8
Top_Silk
  10
0.5403
  20
2.0535
  42
1
  0
SEQEND
  0
POLYLINE
  8
Top_Silk
  6
CONTINUOUS
  66
1
  70
0
  40
0.0046
  41
0.0046
  0
VERTEX
  8
Top_Silk
  10
0.5515
  20
2.0478
  42
0
  0
VERTEX
  8
Top_Silk
  10
0.5343
  20
2.0291
  42
0
  0
SEQEND
  0
POLYLINE
  8
Top_Silk
  6
CONTINUOUS
  66
1
  70
0
  40
0.0023
  41
0.0023
  0
VERTEX
  8
Top_Silk
  10
0.5503
  20
2.0478
  42
1
  0
VERTEX
  8
Top_Silk
  10
0.5527
  20
2.0478
  42
1
  0
VERTEX
  8
Top_Silk
  10
0.5503
  20
2.0478
  42
1
  0
SEQEND
  0
POLYLINE
  8
Top_Silk
  6
CONTINUOUS
  66
1
  70
0
  40
0.0023
  41
0.0023
  0
VERTEX
  8
Top_Silk
  10
0.5331
  20
2.0291
  42
1
  0
VERTEX
  8
Top_Silk
  10
0.5354
  20
2.0291
  42
1
  0
VERTEX
  8
Top_Silk
  10
0.5331
  20
2.0291
  42
1
  0
SEQEND
  0
POLYLINE
  8
Top_Silk
  6
CONTINUOUS
  66
1
  70
0
  40
0.008
  41
0.008
  0
VERTEX
  8
Top_Silk
  10
2.2318
  20
2.2846
  42
0
  0
VERTEX
  8
Top_Silk
  10
2.2319
  20
2.2354
  42
0
  0
VERTEX
  8
Top_Silk
  10
2.3382
  20
2.2354
  42
0
  0
VERTEX
  8
Top_Silk
  10
2.3381
  20
2.2846
  42
0
  0
VERTEX
  8
Top_Silk
  10
2.2318
  20
2.2846
  42
0
  0
SEQEND
  0
POLYLINE
  8
Top_Silk
  6
CONTINUOUS
  66
1
  70
0
  40
0.0046
  41
0.0046
  0
VERTEX
  8
Top_Silk
  10
2.2585
  20
2.3142
  42
0
  0
VERTEX
  8
Top_Silk
  10
2.2714
  20
2.3142
  42
0
  0
VERTEX
  8
Top_Silk
  10
2.2757
  20
2.3156
  42
0
  0
VERTEX
  8
Top_Silk
  10
2.2772
  20
2.3171
  42
0
  0
VERTEX
  8
Top_Silk
  10
2.2786
  20
2.3199
  42
0
  0
VERTEX
  8
Top_Silk
  10
2.2786
  20
2.3228
  42
0
  0
VERTEX
  8
Top_Silk
  10
2.2772
  20
2.3257
  42
0
  0
VERTEX
  8
Top_Silk
  10
2.2757
  20
2.3271
  42
0
  0
VERTEX
  8
Top_Silk
  10
2.2714
  20
2.3285
  42
0
  0
VERTEX
  8
Top_Silk
  10
2.2585
  20
2.3285
  42
0
  0
VERTEX
  8
Top_Silk
  10
2.2585
  20
2.2984
  42
0
  0
SEQEND
  0
POLYLINE
  8
Top_Silk
  6
CONTINUOUS
  66
1
  70
0
  40
0.0023
  41
0.0023
  0
VERTEX
  8
Top_Silk
  10
2.2573
  20
2.3142
  42
1
  0
VERTEX
  8
Top_Silk
  10
2.2596
  20
2.3142
  42
1
  0
VERTEX
  8
Top_Silk
  10
2.2573
  20
2.3142
  42
1
  0
SEQEND
  0
POLYLINE
  8
Top_Silk
  6
CONTINUOUS
  66
1
  70
0
  40
0.0023
  41
0.0023
  0
VERTEX
  8
Top_Silk
  10
2.2573
  20
2.2984
  42
1
  0
VERTEX
  8
Top_Silk
  10
2.2596
  20
2.2984
  42
1
  0
VERTEX
  8
Top_Silk
  10
2.2573
  20
2.2984
  42
1
  0
SEQEND
  0
POLYLINE
  8
Top_Silk
  6
CONTINUOUS
  66
1
  70
0
  40
0.0046
  41
0.0046
  0
VERTEX
  8
Top_Silk
  10
2.2685
  20
2.3142
  42
0
  0
VERTEX
  8
Top_Silk
  10
2.2786
  20
2.2984
  42
0
  0
SEQEND
  0
POLYLINE
  8
Top_Silk
  6
CONTINUOUS
  66
1
  70
0
  40
0.0023
  41
0.0023
  0
VERTEX
  8
Top_Silk
  10
2.2674
  20
2.3142
  42
1
  0
VERTEX
  8
Top_Silk
  10
2.2697
  20
2.3142
  42
1
  0
VERTEX
  8
Top_Silk
  10
2.2674
  20
2.3142
  42
1
  0
SEQEND
  0
POLYLINE
  8
Top_Silk
  6
CONTINUOUS
  66
1
  70
0
  40
0.0023
  41
0.0023
  0
VERTEX
  8
Top_Silk
  10
2.2774
  20
2.2984
  42
1
  0
VERTEX
  8
Top_Silk
  10
2.2797
  20
2.2984
  42
1
  0
VERTEX
  8
Top_Silk
  10
2.2774
  20
2.2984
  42
1
  0
SEQEND
  0
POLYLINE
  8
Top_Silk
  6
CONTINUOUS
  66
1
  70
0
  40
0.0046
  41
0.0046
  0
VERTEX
  8
Top_Silk
  10
2.2878
  20
2.3228
  42
0
  0
VERTEX
  8
Top_Silk
  10
2.2907
  20
2.3242
  42
0
  0
VERTEX
  8
Top_Silk
  10
2.295
  20
2.3285
  42
0
  0
VERTEX
  8
Top_Silk
  10
2.295
  20
2.2984
  42
0
  0
SEQEND
  0
POLYLINE
  8
Top_Silk
  6
CONTINUOUS
  66
1
  70
0
  40
0.0023
  41
0.0023
  0
VERTEX
  8
Top_Silk
  10
2.2867
  20
2.3228
  42
1
  0
VERTEX
  8
Top_Silk
  10
2.289
  20
2.3228
  42
1
  0
VERTEX
  8
Top_Silk
  10
2.2867
  20
2.3228
  42
1
  0
SEQEND
  0
POLYLINE
  8
Top_Silk
  6
CONTINUOUS
  66
1
  70
0
  40
0.0023
  41
0.0023
  0
VERTEX
  8
Top_Silk
  10
2.2939
  20
2.2984
  42
1
  0
VERTEX
  8
Top_Silk
  10
2.2962
  20
2.2984
  42
1
  0
VERTEX
  8
Top_Silk
  10
2.2939
  20
2.2984
  42
1
  0
SEQEND
  0
POLYLINE
  8
Top_Silk
  6
CONTINUOUS
  66
1
  70
0
  40
0.0046
  41
0.0046
  0
VERTEX
  8
Top_Silk
  10
2.3043
  20
2.3228
  42
0
  0
VERTEX
  8
Top_Silk
  10
2.3072
  20
2.3242
  42
0
  0
VERTEX
  8
Top_Silk
  10
2.3115
  20
2.3285
  42
0
  0
VERTEX
  8
Top_Silk
  10
2.3115
  20
2.2984
  42
0
  0
SEQEND
  0
POLYLINE
  8
Top_Silk
  6
CONTINUOUS
  66
1
  70
0
  40
0.0023
  41
0.0023
  0
VERTEX
  8
Top_Silk
  10
2.3032
  20
2.3228
  42
1
  0
VERTEX
  8
Top_Silk
  10
2.3055
  20
2.3228
  42
1
  0
VERTEX
  8
Top_Silk
  10
2.3032
  20
2.3228
  42
1
  0
SEQEND
  0
POLYLINE
  8
Top_Silk
  6
CONTINUOUS
  66
1
  70
0
  40
0.0023
  41
0.0023
  0
VERTEX
  8
Top_Silk
  10
2.3103
  20
2.2984
  42
1
  0
VERTEX
  8
Top_Silk
  10
2.3127
  20
2.2984
  42
1
  0
VERTEX
  8
Top_Silk
  10
2.3103
  20
2.2984
  42
1
  0
SEQEND
  0
POLYLINE
  8
Top_Silk
  6
CONTINUOUS
  66
1
  70
0
  40
0.008
  41
0.008
  0
VERTEX
  8
Top_Silk
  10
2.1377
  20
1.9749
  42
0
  0
VERTEX
  8
Top_Silk
  10
2.1377
  20
2.0241
  42
0
  0
VERTEX
  8
Top_Silk
  10
2.0314
  20
2.0241
  42
0
  0
VERTEX
  8
Top_Silk
  10
2.0314
  20
1.9749
  42
0
  0
VERTEX
  8
Top_Silk
  10
2.1377
  20
1.9749
  42
0
  0
SEQEND
  0
POLYLINE
  8
Top_Silk
  6
CONTINUOUS
  66
1
  70
0
  40
0.0046
  41
0.0046
  0
VERTEX
  8
Top_Silk
  10
2.0337
  20
2.0504
  42
0
  0
VERTEX
  8
Top_Silk
  10
2.0466
  20
2.0504
  42
0
  0
VERTEX
  8
Top_Silk
  10
2.0509
  20
2.0518
  42
0
  0
VERTEX
  8
Top_Silk
  10
2.0524
  20
2.0533
  42
0
  0
VERTEX
  8
Top_Silk
  10
2.0538
  20
2.0561
  42
0
  0
VERTEX
  8
Top_Silk
  10
2.0538
  20
2.059
  42
0
  0
VERTEX
  8
Top_Silk
  10
2.0524
  20
2.0619
  42
0
  0
VERTEX
  8
Top_Silk
  10
2.0509
  20
2.0633
  42
0
  0
VERTEX
  8
Top_Silk
  10
2.0466
  20
2.0647
  42
0
  0
VERTEX
  8
Top_Silk
  10
2.0337
  20
2.0647
  42
0
  0
VERTEX
  8
Top_Silk
  10
2.0337
  20
2.0346
  42
0
  0
SEQEND
  0
POLYLINE
  8
Top_Silk
  6
CONTINUOUS
  66
1
  70
0
  40
0.0023
  41
0.0023
  0
VERTEX
  8
Top_Silk
  10
2.0326
  20
2.0504
  42
1
  0
VERTEX
  8
Top_Silk
  10
2.0349
  20
2.0504
  42
1
  0
VERTEX
  8
Top_Silk
  10
2.0326
  20
2.0504
  42
1
  0
SEQEND
  0
POLYLINE
  8
Top_Silk
  6
CONTINUOUS
  66
1
  70
0
  40
0.0023
  41
0.0023
  0
VERTEX
  8
Top_Silk
  10
2.0326
  20
2.0346
  42
1
  0
VERTEX
  8
Top_Silk
  10
2.0349
  20
2.0346
  42
1
  0
VERTEX
  8
Top_Silk
  10
2.0326
  20
2.0346
  42
1
  0
SEQEND
  0
POLYLINE
  8
Top_Silk
  6
CONTINUOUS
  66
1
  70
0
  40
0.0046
  41
0.0046
  0
VERTEX
  8
Top_Silk
  10
2.0438
  20
2.0504
  42
0
  0
VERTEX
  8
Top_Silk
  10
2.0538
  20
2.0346
  42
0
  0
SEQEND
  0
POLYLINE
  8
Top_Silk
  6
CONTINUOUS
  66
1
  70
0
  40
0.0023
  41
0.0023
  0
VERTEX
  8
Top_Silk
  10
2.0426
  20
2.0504
  42
1
  0
VERTEX
  8
Top_Silk
  10
2.0449
  20
2.0504
  42
1
  0
VERTEX
  8
Top_Silk
  10
2.0426
  20
2.0504
  42
1
  0
SEQEND
  0
POLYLINE
  8
Top_Silk
  6
CONTINUOUS
  66
1
  70
0
  40
0.0023
  41
0.0023
  0
VERTEX
  8
Top_Silk
  10
2.0527
  20
2.0346
  42
1
  0
VERTEX
  8
Top_Silk
  10
2.055
  20
2.0346
  42
1
  0
VERTEX
  8
Top_Silk
  10
2.0527
  20
2.0346
  42
1
  0
SEQEND
  0
POLYLINE
  8
Top_Silk
  6
CONTINUOUS
  66
1
  70
0
  40
0.0046
  41
0.0046
  0
VERTEX
  8
Top_Silk
  10
2.0631
  20
2.059
  42
0
  0
VERTEX
  8
Top_Silk
  10
2.066
  20
2.0604
  42
0
  0
VERTEX
  8
Top_Silk
  10
2.0703
  20
2.0647
  42
0
  0
VERTEX
  8
Top_Silk
  10
2.0703
  20
2.0346
  42
0
  0
SEQEND
  0
POLYLINE
  8
Top_Silk
  6
CONTINUOUS
  66
1
  70
0
  40
0.0023
  41
0.0023
  0
VERTEX
  8
Top_Silk
  10
2.0619
  20
2.059
  42
1
  0
VERTEX
  8
Top_Silk
  10
2.0643
  20
2.059
  42
1
  0
VERTEX
  8
Top_Silk
  10
2.0619
  20
2.059
  42
1
  0
SEQEND
  0
POLYLINE
  8
Top_Silk
  6
CONTINUOUS
  66
1
  70
0
  40
0.0023
  41
0.0023
  0
VERTEX
  8
Top_Silk
  10
2.0691
  20
2.0346
  42
1
  0
VERTEX
  8
Top_Silk
  10
2.0715
  20
2.0346
  42
1
  0
VERTEX
  8
Top_Silk
  10
2.0691
  20
2.0346
  42
1
  0
SEQEND
  0
POLYLINE
  8
Top_Silk
  6
CONTINUOUS
  66
1
  70
0
  40
0.0046
  41
0.0046
  0
VERTEX
  8
Top_Silk
  10
2.081
  20
2.0575
  42
0
  0
VERTEX
  8
Top_Silk
  10
2.081
  20
2.059
  42
0
  0
VERTEX
  8
Top_Silk
  10
2.0824
  20
2.0619
  42
0
  0
VERTEX
  8
Top_Silk
  10
2.0839
  20
2.0633
  42
0
  0
VERTEX
  8
Top_Silk
  10
2.0868
  20
2.0647
  42
0
  0
VERTEX
  8
Top_Silk
  10
2.0925
  20
2.0647
  42
0
  0
VERTEX
  8
Top_Silk
  10
2.0953
  20
2.0633
  42
0
  0
VERTEX
  8
Top_Silk
  10
2.0968
  20
2.0619
  42
0
  0
VERTEX
  8
Top_Silk
  10
2.0982
  20
2.059
  42
0
  0
VERTEX
  8
Top_Silk
  10
2.0982
  20
2.0561
  42
0
  0
VERTEX
  8
Top_Silk
  10
2.0968
  20
2.0532
  42
0
  0
VERTEX
  8
Top_Silk
  10
2.0939
  20
2.049
  42
0
  0
VERTEX
  8
Top_Silk
  10
2.0796
  20
2.0346
  42
0
  0
VERTEX
  8
Top_Silk
  10
2.0997
  20
2.0346
  42
0
  0
SEQEND
  0
POLYLINE
  8
Top_Silk
  6
CONTINUOUS
  66
1
  70
0
  40
0.0023
  41
0.0023
  0
VERTEX
  8
Top_Silk
  10
2.0799
  20
2.0575
  42
1
  0
VERTEX
  8
Top_Silk
  10
2.0822
  20
2.0575
  42
1
  0
VERTEX
  8
Top_Silk
  10
2.0799
  20
2.0575
  42
1
  0
SEQEND
  0
POLYLINE
  8
Top_Silk
  6
CONTINUOUS
  66
1
  70
0
  40
0.0023
  41
0.0023
  0
VERTEX
  8
Top_Silk
  10
2.0985
  20
2.0346
  42
1
  0
VERTEX
  8
Top_Silk
  10
2.1008
  20
2.0346
  42
1
  0
VERTEX
  8
Top_Silk
  10
2.0985
  20
2.0346
  42
1
  0
SEQEND
  0
POLYLINE
  8
Top_Silk
  6
CONTINUOUS
  66
1
  70
0
  40
0.008
  41
0.008
  0
VERTEX
  8
Top_Silk
  10
3.2796
  20
1.0032
  42
0
  0
VERTEX
  8
Top_Silk
  10
3.2304
  20
1.0031
  42
0
  0
VERTEX
  8
Top_Silk
  10
3.2304
  20
0.8968
  42
0
  0
VERTEX
  8
Top_Silk
  10
3.2796
  20
0.8969
  42
0
  0
VERTEX
  8
Top_Silk
  10
3.2796
  20
1.0032
  42
0
  0
SEQEND
  0
POLYLINE
  8
Top_Silk
  6
CONTINUOUS
  66
1
  70
0
  40
0.0046
  41
0.0046
  0
VERTEX
  8
Top_Silk
  10
3.222
  20
1.0325
  42
0
  0
VERTEX
  8
Top_Silk
  10
3.2349
  20
1.0325
  42
0
  0
VERTEX
  8
Top_Silk
  10
3.2393
  20
1.034
  42
0
  0
VERTEX
  8
Top_Silk
  10
3.2407
  20
1.0354
  42
0
  0
VERTEX
  8
Top_Silk
  10
3.2421
  20
1.0383
  42
0
  0
VERTEX
  8
Top_Silk
  10
3.2421
  20
1.0411
  42
0
  0
VERTEX
  8
Top_Silk
  10
3.2407
  20
1.044
  42
0
  0
VERTEX
  8
Top_Silk
  10
3.2393
  20
1.0455
  42
0
  0
VERTEX
  8
Top_Silk
  10
3.2349
  20
1.0469
  42
0
  0
VERTEX
  8
Top_Silk
  10
3.222
  20
1.0469
  42
0
  0
VERTEX
  8
Top_Silk
  10
3.222
  20
1.0167
  42
0
  0
SEQEND
  0
POLYLINE
  8
Top_Silk
  6
CONTINUOUS
  66
1
  70
0
  40
0.0023
  41
0.0023
  0
VERTEX
  8
Top_Silk
  10
3.2209
  20
1.0325
  42
1
  0
VERTEX
  8
Top_Silk
  10
3.2232
  20
1.0325
  42
1
  0
VERTEX
  8
Top_Silk
  10
3.2209
  20
1.0325
  42
1
  0
SEQEND
  0
POLYLINE
  8
Top_Silk
  6
CONTINUOUS
  66
1
  70
0
  40
0.0023
  41
0.0023
  0
VERTEX
  8
Top_Silk
  10
3.2209
  20
1.0167
  42
1
  0
VERTEX
  8
Top_Silk
  10
3.2232
  20
1.0167
  42
1
  0
VERTEX
  8
Top_Silk
  10
3.2209
  20
1.0167
  42
1
  0
SEQEND
  0
POLYLINE
  8
Top_Silk
  6
CONTINUOUS
  66
1
  70
0
  40
0.0046
  41
0.0046
  0
VERTEX
  8
Top_Silk
  10
3.2321
  20
1.0325
  42
0
  0
VERTEX
  8
Top_Silk
  10
3.2421
  20
1.0167
  42
0
  0
SEQEND
  0
POLYLINE
  8
Top_Silk
  6
CONTINUOUS
  66
1
  70
0
  40
0.0023
  41
0.0023
  0
VERTEX
  8
Top_Silk
  10
3.2309
  20
1.0325
  42
1
  0
VERTEX
  8
Top_Silk
  10
3.2332
  20
1.0325
  42
1
  0
VERTEX
  8
Top_Silk
  10
3.2309
  20
1.0325
  42
1
  0
SEQEND
  0
POLYLINE
  8
Top_Silk
  6
CONTINUOUS
  66
1
  70
0
  40
0.0023
  41
0.0023
  0
VERTEX
  8
Top_Silk
  10
3.241
  20
1.0167
  42
1
  0
VERTEX
  8
Top_Silk
  10
3.2433
  20
1.0167
  42
1
  0
VERTEX
  8
Top_Silk
  10
3.241
  20
1.0167
  42
1
  0
SEQEND
  0
POLYLINE
  8
Top_Silk
  6
CONTINUOUS
  66
1
  70
0
  40
0.0046
  41
0.0046
  0
VERTEX
  8
Top_Silk
  10
3.2514
  20
1.0411
  42
0
  0
VERTEX
  8
Top_Silk
  10
3.2543
  20
1.0426
  42
0
  0
VERTEX
  8
Top_Silk
  10
3.2586
  20
1.0468
  42
0
  0
VERTEX
  8
Top_Silk
  10
3.2586
  20
1.0167
  42
0
  0
SEQEND
  0
POLYLINE
  8
Top_Silk
  6
CONTINUOUS
  66
1
  70
0
  40
0.0023
  41
0.0023
  0
VERTEX
  8
Top_Silk
  10
3.2502
  20
1.0411
  42
1
  0
VERTEX
  8
Top_Silk
  10
3.2526
  20
1.0411
  42
1
  0
VERTEX
  8
Top_Silk
  10
3.2502
  20
1.0411
  42
1
  0
SEQEND
  0
POLYLINE
  8
Top_Silk
  6
CONTINUOUS
  66
1
  70
0
  40
0.0023
  41
0.0023
  0
VERTEX
  8
Top_Silk
  10
3.2574
  20
1.0167
  42
1
  0
VERTEX
  8
Top_Silk
  10
3.2598
  20
1.0167
  42
1
  0
VERTEX
  8
Top_Silk
  10
3.2574
  20
1.0167
  42
1
  0
SEQEND
  0
POLYLINE
  8
Top_Silk
  6
CONTINUOUS
  66
1
  70
0
  40
0.0046
  41
0.0046
  0
VERTEX
  8
Top_Silk
  10
3.2707
  20
1.0468
  42
0
  0
VERTEX
  8
Top_Silk
  10
3.2865
  20
1.0468
  42
0
  0
VERTEX
  8
Top_Silk
  10
3.2779
  20
1.0354
  42
0
  0
VERTEX
  8
Top_Silk
  10
3.2822
  20
1.0354
  42
0
  0
VERTEX
  8
Top_Silk
  10
3.2851
  20
1.0339
  42
0
  0
VERTEX
  8
Top_Silk
  10
3.2865
  20
1.0325
  42
0
  0
VERTEX
  8
Top_Silk
  10
3.288
  20
1.0282
  42
0
  0
VERTEX
  8
Top_Silk
  10
3.288
  20
1.0254
  42
0
  0
VERTEX
  8
Top_Silk
  10
3.2865
  20
1.021
  42
0
  0
VERTEX
  8
Top_Silk
  10
3.2836
  20
1.0182
  42
0
  0
VERTEX
  8
Top_Silk
  10
3.2793
  20
1.0167
  42
0
  0
VERTEX
  8
Top_Silk
  10
3.275
  20
1.0167
  42
0
  0
VERTEX
  8
Top_Silk
  10
3.2707
  20
1.0182
  42
0
  0
VERTEX
  8
Top_Silk
  10
3.2693
  20
1.0196
  42
0
  0
VERTEX
  8
Top_Silk
  10
3.2679
  20
1.0225
  42
0
  0
SEQEND
  0
POLYLINE
  8
Top_Silk
  6
CONTINUOUS
  66
1
  70
0
  40
0.0023
  41
0.0023
  0
VERTEX
  8
Top_Silk
  10
3.2696
  20
1.0468
  42
1
  0
VERTEX
  8
Top_Silk
  10
3.2719
  20
1.0468
  42
1
  0
VERTEX
  8
Top_Silk
  10
3.2696
  20
1.0468
  42
1
  0
SEQEND
  0
POLYLINE
  8
Top_Silk
  6
CONTINUOUS
  66
1
  70
0
  40
0.0023
  41
0.0023
  0
VERTEX
  8
Top_Silk
  10
3.2667
  20
1.0225
  42
1
  0
VERTEX
  8
Top_Silk
  10
3.269
  20
1.0225
  42
1
  0
VERTEX
  8
Top_Silk
  10
3.2667
  20
1.0225
  42
1
  0
SEQEND
  0
POLYLINE
  8
Top_Silk
  6
CONTINUOUS
  66
1
  70
0
  40
0.008
  41
0.008
  0
VERTEX
  8
Top_Silk
  10
3.5224
  20
1.2326
  42
0
  0
VERTEX
  8
Top_Silk
  10
3.5224
  20
1.1574
  42
0
  0
VERTEX
  8
Top_Silk
  10
3.6976
  20
1.1574
  42
0
  0
VERTEX
  8
Top_Silk
  10
3.6976
  20
1.2326
  42
0
  0
VERTEX
  8
Top_Silk
  10
3.5224
  20
1.2326
  42
0
  0
SEQEND
  0
POLYLINE
  8
Top_Silk
  6
CONTINUOUS
  66
1
  70
0
  40
0.0046
  41
0.0046
  0
VERTEX
  8
Top_Silk
  10
3.5763
  20
1.2621
  42
0
  0
VERTEX
  8
Top_Silk
  10
3.5892
  20
1.2621
  42
0
  0
VERTEX
  8
Top_Silk
  10
3.5935
  20
1.2636
  42
0
  0
VERTEX
  8
Top_Silk
  10
3.595
  20
1.265
  42
0
  0
VERTEX
  8
Top_Silk
  10
3.5964
  20
1.2679
  42
0
  0
VERTEX
  8
Top_Silk
  10
3.5964
  20
1.2708
  42
0
  0
VERTEX
  8
Top_Silk
  10
3.595
  20
1.2736
  42
0
  0
VERTEX
  8
Top_Silk
  10
3.5935
  20
1.2751
  42
0
  0
VERTEX
  8
Top_Silk
  10
3.5892
  20
1.2765
  42
0
  0
VERTEX
  8
Top_Silk
  10
3.5763
  20
1.2765
  42
0
  0
VERTEX
  8
Top_Silk
  10
3.5763
  20
1.2463
  42
0
  0
SEQEND
  0
POLYLINE
  8
Top_Silk
  6
CONTINUOUS
  66
1
  70
0
  40
0.0023
  41
0.0023
  0
VERTEX
  8
Top_Silk
  10
3.5752
  20
1.2621
  42
1
  0
VERTEX
  8
Top_Silk
  10
3.5775
  20
1.2621
  42
1
  0
VERTEX
  8
Top_Silk
  10
3.5752
  20
1.2621
  42
1
  0
SEQEND
  0
POLYLINE
  8
Top_Silk
  6
CONTINUOUS
  66
1
  70
0
  40
0.0023
  41
0.0023
  0
VERTEX
  8
Top_Silk
  10
3.5752
  20
1.2463
  42
1
  0
VERTEX
  8
Top_Silk
  10
3.5775
  20
1.2463
  42
1
  0
VERTEX
  8
Top_Silk
  10
3.5752
  20
1.2463
  42
1
  0
SEQEND
  0
POLYLINE
  8
Top_Silk
  6
CONTINUOUS
  66
1
  70
0
  40
0.0046
  41
0.0046
  0
VERTEX
  8
Top_Silk
  10
3.5864
  20
1.2621
  42
0
  0
VERTEX
  8
Top_Silk
  10
3.5964
  20
1.2463
  42
0
  0
SEQEND
  0
POLYLINE
  8
Top_Silk
  6
CONTINUOUS
  66
1
  70
0
  40
0.0023
  41
0.0023
  0
VERTEX
  8
Top_Silk
  10
3.5852
  20
1.2621
  42
1
  0
VERTEX
  8
Top_Silk
  10
3.5875
  20
1.2621
  42
1
  0
VERTEX
  8
Top_Silk
  10
3.5852
  20
1.2621
  42
1
  0
SEQEND
  0
POLYLINE
  8
Top_Silk
  6
CONTINUOUS
  66
1
  70
0
  40
0.0023
  41
0.0023
  0
VERTEX
  8
Top_Silk
  10
3.5953
  20
1.2463
  42
1
  0
VERTEX
  8
Top_Silk
  10
3.5976
  20
1.2463
  42
1
  0
VERTEX
  8
Top_Silk
  10
3.5953
  20
1.2463
  42
1
  0
SEQEND
  0
POLYLINE
  8
Top_Silk
  6
CONTINUOUS
  66
1
  70
0
  40
0.0046
  41
0.0046
  0
VERTEX
  8
Top_Silk
  10
3.6057
  20
1.2707
  42
0
  0
VERTEX
  8
Top_Silk
  10
3.6086
  20
1.2722
  42
0
  0
VERTEX
  8
Top_Silk
  10
3.6129
  20
1.2765
  42
0
  0
VERTEX
  8
Top_Silk
  10
3.6129
  20
1.2463
  42
0
  0
SEQEND
  0
POLYLINE
  8
Top_Silk
  6
CONTINUOUS
  66
1
  70
0
  40
0.0023
  41
0.0023
  0
VERTEX
  8
Top_Silk
  10
3.6045
  20
1.2707
  42
1
  0
VERTEX
  8
Top_Silk
  10
3.6068
  20
1.2707
  42
1
  0
VERTEX
  8
Top_Silk
  10
3.6045
  20
1.2707
  42
1
  0
SEQEND
  0
POLYLINE
  8
Top_Silk
  6
CONTINUOUS
  66
1
  70
0
  40
0.0023
  41
0.0023
  0
VERTEX
  8
Top_Silk
  10
3.6117
  20
1.2463
  42
1
  0
VERTEX
  8
Top_Silk
  10
3.614
  20
1.2463
  42
1
  0
VERTEX
  8
Top_Silk
  10
3.6117
  20
1.2463
  42
1
  0
SEQEND
  0
POLYLINE
  8
Top_Silk
  6
CONTINUOUS
  66
1
  70
0
  40
0.0046
  41
0.0046
  0
VERTEX
  8
Top_Silk
  10
3.6365
  20
1.2463
  42
0
  0
VERTEX
  8
Top_Silk
  10
3.6365
  20
1.2765
  42
0
  0
VERTEX
  8
Top_Silk
  10
3.6221
  20
1.2564
  42
0
  0
VERTEX
  8
Top_Silk
  10
3.6437
  20
1.2564
  42
0
  0
SEQEND
  0
POLYLINE
  8
Top_Silk
  6
CONTINUOUS
  66
1
  70
0
  40
0.0023
  41
0.0023
  0
VERTEX
  8
Top_Silk
  10
3.6353
  20
1.2463
  42
1
  0
VERTEX
  8
Top_Silk
  10
3.6377
  20
1.2463
  42
1
  0
VERTEX
  8
Top_Silk
  10
3.6353
  20
1.2463
  42
1
  0
SEQEND
  0
POLYLINE
  8
Top_Silk
  6
CONTINUOUS
  66
1
  70
0
  40
0.0023
  41
0.0023
  0
VERTEX
  8
Top_Silk
  10
3.6425
  20
1.2564
  42
1
  0
VERTEX
  8
Top_Silk
  10
3.6448
  20
1.2564
  42
1
  0
VERTEX
  8
Top_Silk
  10
3.6425
  20
1.2564
  42
1
  0
SEQEND
  0
POLYLINE
  8
Top_Silk
  6
CONTINUOUS
  66
1
  70
0
  40
0.008
  41
0.008
  0
VERTEX
  8
Top_Silk
  10
2.9846
  20
1.3181
  42
0
  0
VERTEX
  8
Top_Silk
  10
2.9354
  20
1.3181
  42
0
  0
VERTEX
  8
Top_Silk
  10
2.9354
  20
1.2119
  42
0
  0
VERTEX
  8
Top_Silk
  10
2.9846
  20
1.2119
  42
0
  0
VERTEX
  8
Top_Silk
  10
2.9846
  20
1.3181
  42
0
  0
SEQEND
  0
POLYLINE
  8
Top_Silk
  6
CONTINUOUS
  66
1
  70
0
  40
0.0046
  41
0.0046
  0
VERTEX
  8
Top_Silk
  10
3.0142
  20
1.298
  42
0
  0
VERTEX
  8
Top_Silk
  10
3.0142
  20
1.2851
  42
0
  0
VERTEX
  8
Top_Silk
  10
3.0156
  20
1.2807
  42
0
  0
VERTEX
  8
Top_Silk
  10
3.0171
  20
1.2793
  42
0
  0
VERTEX
  8
Top_Silk
  10
3.0199
  20
1.2779
  42
0
  0
VERTEX
  8
Top_Silk
  10
3.0228
  20
1.2779
  42
0
  0
VERTEX
  8
Top_Silk
  10
3.0257
  20
1.2793
  42
0
  0
VERTEX
  8
Top_Silk
  10
3.0271
  20
1.2807
  42
0
  0
VERTEX
  8
Top_Silk
  10
3.0285
  20
1.2851
  42
0
  0
VERTEX
  8
Top_Silk
  10
3.0285
  20
1.298
  42
0
  0
VERTEX
  8
Top_Silk
  10
2.9984
  20
1.298
  42
0
  0
SEQEND
  0
POLYLINE
  8
Top_Silk
  6
CONTINUOUS
  66
1
  70
0
  40
0.0023
  41
0.0023
  0
VERTEX
  8
Top_Silk
  10
3.013
  20
1.298
  42
1
  0
VERTEX
  8
Top_Silk
  10
3.0153
  20
1.298
  42
1
  0
VERTEX
  8
Top_Silk
  10
3.013
  20
1.298
  42
1
  0
SEQEND
  0
POLYLINE
  8
Top_Silk
  6
CONTINUOUS
  66
1
  70
0
  40
0.0023
  41
0.0023
  0
VERTEX
  8
Top_Silk
  10
2.9972
  20
1.298
  42
1
  0
VERTEX
  8
Top_Silk
  10
2.9996
  20
1.298
  42
1
  0
VERTEX
  8
Top_Silk
  10
2.9972
  20
1.298
  42
1
  0
SEQEND
  0
POLYLINE
  8
Top_Silk
  6
CONTINUOUS
  66
1
  70
0
  40
0.0046
  41
0.0046
  0
VERTEX
  8
Top_Silk
  10
3.0142
  20
1.2879
  42
0
  0
VERTEX
  8
Top_Silk
  10
2.9984
  20
1.2779
  42
0
  0
SEQEND
  0
POLYLINE
  8
Top_Silk
  6
CONTINUOUS
  66
1
  70
0
  40
0.0023
  41
0.0023
  0
VERTEX
  8
Top_Silk
  10
3.013
  20
1.2879
  42
1
  0
VERTEX
  8
Top_Silk
  10
3.0153
  20
1.2879
  42
1
  0
VERTEX
  8
Top_Silk
  10
3.013
  20
1.2879
  42
1
  0
SEQEND
  0
POLYLINE
  8
Top_Silk
  6
CONTINUOUS
  66
1
  70
0
  40
0.0023
  41
0.0023
  0
VERTEX
  8
Top_Silk
  10
2.9972
  20
1.2779
  42
1
  0
VERTEX
  8
Top_Silk
  10
2.9996
  20
1.2779
  42
1
  0
VERTEX
  8
Top_Silk
  10
2.9972
  20
1.2779
  42
1
  0
SEQEND
  0
POLYLINE
  8
Top_Silk
  6
CONTINUOUS
  66
1
  70
0
  40
0.0046
  41
0.0046
  0
VERTEX
  8
Top_Silk
  10
3.0228
  20
1.2686
  42
0
  0
VERTEX
  8
Top_Silk
  10
3.0242
  20
1.2657
  42
0
  0
VERTEX
  8
Top_Silk
  10
3.0285
  20
1.2614
  42
0
  0
VERTEX
  8
Top_Silk
  10
2.9984
  20
1.2614
  42
0
  0
SEQEND
  0
POLYLINE
  8
Top_Silk
  6
CONTINUOUS
  66
1
  70
0
  40
0.0023
  41
0.0023
  0
VERTEX
  8
Top_Silk
  10
3.0216
  20
1.2686
  42
1
  0
VERTEX
  8
Top_Silk
  10
3.0239
  20
1.2686
  42
1
  0
VERTEX
  8
Top_Silk
  10
3.0216
  20
1.2686
  42
1
  0
SEQEND
  0
POLYLINE
  8
Top_Silk
  6
CONTINUOUS
  66
1
  70
0
  40
0.0023
  41
0.0023
  0
VERTEX
  8
Top_Silk
  10
2.9972
  20
1.2614
  42
1
  0
VERTEX
  8
Top_Silk
  10
2.9996
  20
1.2614
  42
1
  0
VERTEX
  8
Top_Silk
  10
2.9972
  20
1.2614
  42
1
  0
SEQEND
  0
POLYLINE
  8
Top_Silk
  6
CONTINUOUS
  66
1
  70
0
  40
0.0046
  41
0.0046
  0
VERTEX
  8
Top_Silk
  10
3.0285
  20
1.2349
  42
0
  0
VERTEX
  8
Top_Silk
  10
3.0285
  20
1.2493
  42
0
  0
VERTEX
  8
Top_Silk
  10
3.0156
  20
1.2507
  42
0
  0
VERTEX
  8
Top_Silk
  10
3.017
  20
1.2493
  42
0
  0
VERTEX
  8
Top_Silk
  10
3.0185
  20
1.2449
  42
0
  0
VERTEX
  8
Top_Silk
  10
3.0185
  20
1.2407
  42
0
  0
VERTEX
  8
Top_Silk
  10
3.017
  20
1.2364
  42
0
  0
VERTEX
  8
Top_Silk
  10
3.0142
  20
1.2335
  42
0
  0
VERTEX
  8
Top_Silk
  10
3.0099
  20
1.232
  42
0
  0
VERTEX
  8
Top_Silk
  10
3.007
  20
1.232
  42
0
  0
VERTEX
  8
Top_Silk
  10
3.0027
  20
1.2335
  42
0
  0
VERTEX
  8
Top_Silk
  10
2.9998
  20
1.2364
  42
0
  0
VERTEX
  8
Top_Silk
  10
2.9984
  20
1.2407
  42
0
  0
VERTEX
  8
Top_Silk
  10
2.9984
  20
1.2449
  42
0
  0
VERTEX
  8
Top_Silk
  10
2.9998
  20
1.2493
  42
0
  0
VERTEX
  8
Top_Silk
  10
3.0013
  20
1.2507
  42
0
  0
VERTEX
  8
Top_Silk
  10
3.0041
  20
1.2521
  42
0
  0
SEQEND
  0
POLYLINE
  8
Top_Silk
  6
CONTINUOUS
  66
1
  70
0
  40
0.0023
  41
0.0023
  0
VERTEX
  8
Top_Silk
  10
3.0273
  20
1.2349
  42
1
  0
VERTEX
  8
Top_Silk
  10
3.0297
  20
1.2349
  42
1
  0
VERTEX
  8
Top_Silk
  10
3.0273
  20
1.2349
  42
1
  0
SEQEND
  0
POLYLINE
  8
Top_Silk
  6
CONTINUOUS
  66
1
  70
0
  40
0.0023
  41
0.0023
  0
VERTEX
  8
Top_Silk
  10
3.003
  20
1.2521
  42
1
  0
VERTEX
  8
Top_Silk
  10
3.0053
  20
1.2521
  42
1
  0
VERTEX
  8
Top_Silk
  10
3.003
  20
1.2521
  42
1
  0
SEQEND
  0
POLYLINE
  8
Top_Silk
  6
CONTINUOUS
  66
1
  70
0
  40
0.008
  41
0.008
  0
VERTEX
  8
Top_Silk
  10
2.1377
  20
1.9099
  42
0
  0
VERTEX
  8
Top_Silk
  10
2.1377
  20
1.9591
  42
0
  0
VERTEX
  8
Top_Silk
  10
2.0314
  20
1.9591
  42
0
  0
VERTEX
  8
Top_Silk
  10
2.0314
  20
1.9099
  42
0
  0
VERTEX
  8
Top_Silk
  10
2.1377
  20
1.9099
  42
0
  0
SEQEND
  0
POLYLINE
  8
Top_Silk
  6
CONTINUOUS
  66
1
  70
0
  40
0.0046
  41
0.0046
  0
VERTEX
  8
Top_Silk
  10
2.0018
  20
1.9023
  42
0
  0
VERTEX
  8
Top_Silk
  10
2.0018
  20
1.9152
  42
0
  0
VERTEX
  8
Top_Silk
  10
2.0004
  20
1.9195
  42
0
  0
VERTEX
  8
Top_Silk
  10
1.999
  20
1.921
  42
0
  0
VERTEX
  8
Top_Silk
  10
1.9961
  20
1.9224
  42
0
  0
VERTEX
  8
Top_Silk
  10
1.9932
  20
1.9224
  42
0
  0
VERTEX
  8
Top_Silk
  10
1.9904
  20
1.921
  42
0
  0
VERTEX
  8
Top_Silk
  10
1.9889
  20
1.9195
  42
0
  0
VERTEX
  8
Top_Silk
  10
1.9875
  20
1.9152
  42
0
  0
VERTEX
  8
Top_Silk
  10
1.9875
  20
1.9023
  42
0
  0
VERTEX
  8
Top_Silk
  10
2.0176
  20
1.9023
  42
0
  0
SEQEND
  0
POLYLINE
  8
Top_Silk
  6
CONTINUOUS
  66
1
  70
0
  40
0.0023
  41
0.0023
  0
VERTEX
  8
Top_Silk
  10
2.0007
  20
1.9023
  42
1
  0
VERTEX
  8
Top_Silk
  10
2.003
  20
1.9023
  42
1
  0
VERTEX
  8
Top_Silk
  10
2.0007
  20
1.9023
  42
1
  0
SEQEND
  0
POLYLINE
  8
Top_Silk
  6
CONTINUOUS
  66
1
  70
0
  40
0.0023
  41
0.0023
  0
VERTEX
  8
Top_Silk
  10
2.0165
  20
1.9023
  42
1
  0
VERTEX
  8
Top_Silk
  10
2.0188
  20
1.9023
  42
1
  0
VERTEX
  8
Top_Silk
  10
2.0165
  20
1.9023
  42
1
  0
SEQEND
  0
POLYLINE
  8
Top_Silk
  6
CONTINUOUS
  66
1
  70
0
  40
0.0046
  41
0.0046
  0
VERTEX
  8
Top_Silk
  10
2.0018
  20
1.9123
  42
0
  0
VERTEX
  8
Top_Silk
  10
2.0176
  20
1.9224
  42
0
  0
SEQEND
  0
POLYLINE
  8
Top_Silk
  6
CONTINUOUS
  66
1
  70
0
  40
0.0023
  41
0.0023
  0
VERTEX
  8
Top_Silk
  10
2.0007
  20
1.9123
  42
1
  0
VERTEX
  8
Top_Silk
  10
2.003
  20
1.9123
  42
1
  0
VERTEX
  8
Top_Silk
  10
2.0007
  20
1.9123
  42
1
  0
SEQEND
  0
POLYLINE
  8
Top_Silk
  6
CONTINUOUS
  66
1
  70
0
  40
0.0023
  41
0.0023
  0
VERTEX
  8
Top_Silk
  10
2.0165
  20
1.9224
  42
1
  0
VERTEX
  8
Top_Silk
  10
2.0188
  20
1.9224
  42
1
  0
VERTEX
  8
Top_Silk
  10
2.0165
  20
1.9224
  42
1
  0
SEQEND
  0
POLYLINE
  8
Top_Silk
  6
CONTINUOUS
  66
1
  70
0
  40
0.0046
  41
0.0046
  0
VERTEX
  8
Top_Silk
  10
1.9933
  20
1.9317
  42
0
  0
VERTEX
  8
Top_Silk
  10
1.9918
  20
1.9345
  42
0
  0
VERTEX
  8
Top_Silk
  10
1.9875
  20
1.9389
  42
0
  0
VERTEX
  8
Top_Silk
  10
2.0176
  20
1.9389
  42
0
  0
SEQEND
  0
POLYLINE
  8
Top_Silk
  6
CONTINUOUS
  66
1
  70
0
  40
0.0023
  41
0.0023
  0
VERTEX
  8
Top_Silk
  10
1.9921
  20
1.9317
  42
1
  0
VERTEX
  8
Top_Silk
  10
1.9944
  20
1.9317
  42
1
  0
VERTEX
  8
Top_Silk
  10
1.9921
  20
1.9317
  42
1
  0
SEQEND
  0
POLYLINE
  8
Top_Silk
  6
CONTINUOUS
  66
1
  70
0
  40
0.0023
  41
0.0023
  0
VERTEX
  8
Top_Silk
  10
2.0165
  20
1.9389
  42
1
  0
VERTEX
  8
Top_Silk
  10
2.0188
  20
1.9389
  42
1
  0
VERTEX
  8
Top_Silk
  10
2.0165
  20
1.9389
  42
1
  0
SEQEND
  0
POLYLINE
  8
Top_Silk
  6
CONTINUOUS
  66
1
  70
0
  40
0.0046
  41
0.0046
  0
VERTEX
  8
Top_Silk
  10
1.9918
  20
1.9653
  42
0
  0
VERTEX
  8
Top_Silk
  10
1.9889
  20
1.9639
  42
0
  0
VERTEX
  8
Top_Silk
  10
1.9875
  20
1.9596
  42
0
  0
VERTEX
  8
Top_Silk
  10
1.9875
  20
1.9567
  42
0
  0
VERTEX
  8
Top_Silk
  10
1.9889
  20
1.9524
  42
0
  0
VERTEX
  8
Top_Silk
  10
1.9933
  20
1.9495
  42
0
  0
VERTEX
  8
Top_Silk
  10
2.0004
  20
1.9481
  42
0
  0
VERTEX
  8
Top_Silk
  10
2.0076
  20
1.9481
  42
0
  0
VERTEX
  8
Top_Silk
  10
2.0133
  20
1.9495
  42
0
  0
VERTEX
  8
Top_Silk
  10
2.0162
  20
1.9524
  42
0
  0
VERTEX
  8
Top_Silk
  10
2.0176
  20
1.9567
  42
0
  0
VERTEX
  8
Top_Silk
  10
2.0176
  20
1.9582
  42
0
  0
VERTEX
  8
Top_Silk
  10
2.0162
  20
1.9624
  42
0
  0
VERTEX
  8
Top_Silk
  10
2.0133
  20
1.9653
  42
0
  0
VERTEX
  8
Top_Silk
  10
2.009
  20
1.9668
  42
0
  0
VERTEX
  8
Top_Silk
  10
2.0076
  20
1.9668
  42
0
  0
VERTEX
  8
Top_Silk
  10
2.0033
  20
1.9653
  42
0
  0
VERTEX
  8
Top_Silk
  10
2.0004
  20
1.9624
  42
0
  0
VERTEX
  8
Top_Silk
  10
1.999
  20
1.9582
  42
0
  0
VERTEX
  8
Top_Silk
  10
1.999
  20
1.9567
  42
0
  0
VERTEX
  8
Top_Silk
  10
2.0004
  20
1.9524
  42
0
  0
VERTEX
  8
Top_Silk
  10
2.0033
  20
1.9495
  42
0
  0
VERTEX
  8
Top_Silk
  10
2.0076
  20
1.9481
  42
0
  0
SEQEND
  0
POLYLINE
  8
Top_Silk
  6
CONTINUOUS
  66
1
  70
0
  40
0.0023
  41
0.0023
  0
VERTEX
  8
Top_Silk
  10
1.9906
  20
1.9653
  42
1
  0
VERTEX
  8
Top_Silk
  10
1.993
  20
1.9653
  42
1
  0
VERTEX
  8
Top_Silk
  10
1.9906
  20
1.9653
  42
1
  0
SEQEND
  0
POLYLINE
  8
Top_Silk
  6
CONTINUOUS
  66
1
  70
0
  40
0.0023
  41
0.0023
  0
VERTEX
  8
Top_Silk
  10
2.0064
  20
1.9481
  42
1
  0
VERTEX
  8
Top_Silk
  10
2.0087
  20
1.9481
  42
1
  0
VERTEX
  8
Top_Silk
  10
2.0064
  20
1.9481
  42
1
  0
SEQEND
  0
POLYLINE
  8
Top_Silk
  6
CONTINUOUS
  66
1
  70
0
  40
0.008
  41
0.008
  0
VERTEX
  8
Top_Silk
  10
3.3346
  20
2.3082
  42
0
  0
VERTEX
  8
Top_Silk
  10
3.2854
  20
2.3081
  42
0
  0
VERTEX
  8
Top_Silk
  10
3.2854
  20
2.2018
  42
0
  0
VERTEX
  8
Top_Silk
  10
3.3346
  20
2.2019
  42
0
  0
VERTEX
  8
Top_Silk
  10
3.3346
  20
2.3082
  42
0
  0
SEQEND
  0
POLYLINE
  8
Top_Silk
  6
CONTINUOUS
  66
1
  70
0
  40
0.0046
  41
0.0046
  0
VERTEX
  8
Top_Silk
  10
3.3642
  20
2.288
  42
0
  0
VERTEX
  8
Top_Silk
  10
3.3642
  20
2.2751
  42
0
  0
VERTEX
  8
Top_Silk
  10
3.3656
  20
2.2707
  42
0
  0
VERTEX
  8
Top_Silk
  10
3.3671
  20
2.2693
  42
0
  0
VERTEX
  8
Top_Silk
  10
3.3699
  20
2.2679
  42
0
  0
VERTEX
  8
Top_Silk
  10
3.3728
  20
2.2679
  42
0
  0
VERTEX
  8
Top_Silk
  10
3.3757
  20
2.2693
  42
0
  0
VERTEX
  8
Top_Silk
  10
3.3771
  20
2.2707
  42
0
  0
VERTEX
  8
Top_Silk
  10
3.3785
  20
2.2751
  42
0
  0
VERTEX
  8
Top_Silk
  10
3.3785
  20
2.288
  42
0
  0
VERTEX
  8
Top_Silk
  10
3.3484
  20
2.288
  42
0
  0
SEQEND
  0
POLYLINE
  8
Top_Silk
  6
CONTINUOUS
  66
1
  70
0
  40
0.0023
  41
0.0023
  0
VERTEX
  8
Top_Silk
  10
3.363
  20
2.288
  42
1
  0
VERTEX
  8
Top_Silk
  10
3.3653
  20
2.288
  42
1
  0
VERTEX
  8
Top_Silk
  10
3.363
  20
2.288
  42
1
  0
SEQEND
  0
POLYLINE
  8
Top_Silk
  6
CONTINUOUS
  66
1
  70
0
  40
0.0023
  41
0.0023
  0
VERTEX
  8
Top_Silk
  10
3.3472
  20
2.288
  42
1
  0
VERTEX
  8
Top_Silk
  10
3.3496
  20
2.288
  42
1
  0
VERTEX
  8
Top_Silk
  10
3.3472
  20
2.288
  42
1
  0
SEQEND
  0
POLYLINE
  8
Top_Silk
  6
CONTINUOUS
  66
1
  70
0
  40
0.0046
  41
0.0046
  0
VERTEX
  8
Top_Silk
  10
3.3642
  20
2.2779
  42
0
  0
VERTEX
  8
Top_Silk
  10
3.3484
  20
2.2679
  42
0
  0
SEQEND
  0
POLYLINE
  8
Top_Silk
  6
CONTINUOUS
  66
1
  70
0
  40
0.0023
  41
0.0023
  0
VERTEX
  8
Top_Silk
  10
3.363
  20
2.2779
  42
1
  0
VERTEX
  8
Top_Silk
  10
3.3653
  20
2.2779
  42
1
  0
VERTEX
  8
Top_Silk
  10
3.363
  20
2.2779
  42
1
  0
SEQEND
  0
POLYLINE
  8
Top_Silk
  6
CONTINUOUS
  66
1
  70
0
  40
0.0023
  41
0.0023
  0
VERTEX
  8
Top_Silk
  10
3.3472
  20
2.2679
  42
1
  0
VERTEX
  8
Top_Silk
  10
3.3496
  20
2.2679
  42
1
  0
VERTEX
  8
Top_Silk
  10
3.3472
  20
2.2679
  42
1
  0
SEQEND
  0
POLYLINE
  8
Top_Silk
  6
CONTINUOUS
  66
1
  70
0
  40
0.0046
  41
0.0046
  0
VERTEX
  8
Top_Silk
  10
3.3728
  20
2.2586
  42
0
  0
VERTEX
  8
Top_Silk
  10
3.3742
  20
2.2557
  42
0
  0
VERTEX
  8
Top_Silk
  10
3.3785
  20
2.2514
  42
0
  0
VERTEX
  8
Top_Silk
  10
3.3484
  20
2.2514
  42
0
  0
SEQEND
  0
POLYLINE
  8
Top_Silk
  6
CONTINUOUS
  66
1
  70
0
  40
0.0023
  41
0.0023
  0
VERTEX
  8
Top_Silk
  10
3.3716
  20
2.2586
  42
1
  0
VERTEX
  8
Top_Silk
  10
3.3739
  20
2.2586
  42
1
  0
VERTEX
  8
Top_Silk
  10
3.3716
  20
2.2586
  42
1
  0
SEQEND
  0
POLYLINE
  8
Top_Silk
  6
CONTINUOUS
  66
1
  70
0
  40
0.0023
  41
0.0023
  0
VERTEX
  8
Top_Silk
  10
3.3472
  20
2.2514
  42
1
  0
VERTEX
  8
Top_Silk
  10
3.3496
  20
2.2514
  42
1
  0
VERTEX
  8
Top_Silk
  10
3.3472
  20
2.2514
  42
1
  0
SEQEND
  0
POLYLINE
  8
Top_Silk
  6
CONTINUOUS
  66
1
  70
0
  40
0.0046
  41
0.0046
  0
VERTEX
  8
Top_Silk
  10
3.3484
  20
2.2364
  42
0
  0
VERTEX
  8
Top_Silk
  10
3.3785
  20
2.222
  42
0
  0
VERTEX
  8
Top_Silk
  10
3.3785
  20
2.2421
  42
0
  0
SEQEND
  0
POLYLINE
  8
Top_Silk
  6
CONTINUOUS
  66
1
  70
0
  40
0.0023
  41
0.0023
  0
VERTEX
  8
Top_Silk
  10
3.3472
  20
2.2364
  42
1
  0
VERTEX
  8
Top_Silk
  10
3.3496
  20
2.2364
  42
1
  0
VERTEX
  8
Top_Silk
  10
3.3472
  20
2.2364
  42
1
  0
SEQEND
  0
POLYLINE
  8
Top_Silk
  6
CONTINUOUS
  66
1
  70
0
  40
0.0023
  41
0.0023
  0
VERTEX
  8
Top_Silk
  10
3.3773
  20
2.2421
  42
1
  0
VERTEX
  8
Top_Silk
  10
3.3797
  20
2.2421
  42
1
  0
VERTEX
  8
Top_Silk
  10
3.3773
  20
2.2421
  42
1
  0
SEQEND
  0
POLYLINE
  8
Top_Silk
  6
CONTINUOUS
  66
1
  70
0
  40
0.008
  41
0.008
  0
VERTEX
  8
Top_Silk
  10
1.3354
  20
2.0819
  42
0
  0
VERTEX
  8
Top_Silk
  10
1.3846
  20
2.0819
  42
0
  0
VERTEX
  8
Top_Silk
  10
1.3846
  20
2.1881
  42
0
  0
VERTEX
  8
Top_Silk
  10
1.3354
  20
2.1881
  42
0
  0
VERTEX
  8
Top_Silk
  10
1.3354
  20
2.0819
  42
0
  0
SEQEND
  0
POLYLINE
  8
Top_Silk
  6
CONTINUOUS
  66
1
  70
0
  40
0.0046
  41
0.0046
  0
VERTEX
  8
Top_Silk
  10
1.3058
  20
2.1021
  42
0
  0
VERTEX
  8
Top_Silk
  10
1.3058
  20
2.115
  42
0
  0
VERTEX
  8
Top_Silk
  10
1.3044
  20
2.1193
  42
0
  0
VERTEX
  8
Top_Silk
  10
1.3029
  20
2.1207
  42
0
  0
VERTEX
  8
Top_Silk
  10
1.3001
  20
2.1222
  42
0
  0
VERTEX
  8
Top_Silk
  10
1.2972
  20
2.1222
  42
0
  0
VERTEX
  8
Top_Silk
  10
1.2943
  20
2.1207
  42
0
  0
VERTEX
  8
Top_Silk
  10
1.2929
  20
2.1193
  42
0
  0
VERTEX
  8
Top_Silk
  10
1.2915
  20
2.115
  42
0
  0
VERTEX
  8
Top_Silk
  10
1.2915
  20
2.1021
  42
0
  0
VERTEX
  8
Top_Silk
  10
1.3216
  20
2.1021
  42
0
  0
SEQEND
  0
POLYLINE
  8
Top_Silk
  6
CONTINUOUS
  66
1
  70
0
  40
0.0023
  41
0.0023
  0
VERTEX
  8
Top_Silk
  10
1.3047
  20
2.1021
  42
1
  0
VERTEX
  8
Top_Silk
  10
1.307
  20
2.1021
  42
1
  0
VERTEX
  8
Top_Silk
  10
1.3047
  20
2.1021
  42
1
  0
SEQEND
  0
POLYLINE
  8
Top_Silk
  6
CONTINUOUS
  66
1
  70
0
  40
0.0023
  41
0.0023
  0
VERTEX
  8
Top_Silk
  10
1.3204
  20
2.1021
  42
1
  0
VERTEX
  8
Top_Silk
  10
1.3228
  20
2.1021
  42
1
  0
VERTEX
  8
Top_Silk
  10
1.3204
  20
2.1021
  42
1
  0
SEQEND
  0
POLYLINE
  8
Top_Silk
  6
CONTINUOUS
  66
1
  70
0
  40
0.0046
  41
0.0046
  0
VERTEX
  8
Top_Silk
  10
1.3058
  20
2.1121
  42
0
  0
VERTEX
  8
Top_Silk
  10
1.3216
  20
2.1222
  42
0
  0
SEQEND
  0
POLYLINE
  8
Top_Silk
  6
CONTINUOUS
  66
1
  70
0
  40
0.0023
  41
0.0023
  0
VERTEX
  8
Top_Silk
  10
1.3047
  20
2.1121
  42
1
  0
VERTEX
  8
Top_Silk
  10
1.307
  20
2.1121
  42
1
  0
VERTEX
  8
Top_Silk
  10
1.3047
  20
2.1121
  42
1
  0
SEQEND
  0
POLYLINE
  8
Top_Silk
  6
CONTINUOUS
  66
1
  70
0
  40
0.0023
  41
0.0023
  0
VERTEX
  8
Top_Silk
  10
1.3204
  20
2.1222
  42
1
  0
VERTEX
  8
Top_Silk
  10
1.3228
  20
2.1222
  42
1
  0
VERTEX
  8
Top_Silk
  10
1.3204
  20
2.1222
  42
1
  0
SEQEND
  0
POLYLINE
  8
Top_Silk
  6
CONTINUOUS
  66
1
  70
0
  40
0.0046
  41
0.0046
  0
VERTEX
  8
Top_Silk
  10
1.2972
  20
2.1314
  42
0
  0
VERTEX
  8
Top_Silk
  10
1.2958
  20
2.1343
  42
0
  0
VERTEX
  8
Top_Silk
  10
1.2915
  20
2.1386
  42
0
  0
VERTEX
  8
Top_Silk
  10
1.3216
  20
2.1386
  42
0
  0
SEQEND
  0
POLYLINE
  8
Top_Silk
  6
CONTINUOUS
  66
1
  70
0
  40
0.0023
  41
0.0023
  0
VERTEX
  8
Top_Silk
  10
1.2961
  20
2.1314
  42
1
  0
VERTEX
  8
Top_Silk
  10
1.2984
  20
2.1314
  42
1
  0
VERTEX
  8
Top_Silk
  10
1.2961
  20
2.1314
  42
1
  0
SEQEND
  0
POLYLINE
  8
Top_Silk
  6
CONTINUOUS
  66
1
  70
0
  40
0.0023
  41
0.0023
  0
VERTEX
  8
Top_Silk
  10
1.3204
  20
2.1386
  42
1
  0
VERTEX
  8
Top_Silk
  10
1.3228
  20
2.1386
  42
1
  0
VERTEX
  8
Top_Silk
  10
1.3204
  20
2.1386
  42
1
  0
SEQEND
  0
POLYLINE
  8
Top_Silk
  6
CONTINUOUS
  66
1
  70
0
  40
0.0046
  41
0.0046
  0
VERTEX
  8
Top_Silk
  10
1.2915
  20
2.155
  42
0
  0
VERTEX
  8
Top_Silk
  10
1.2929
  20
2.1508
  42
0
  0
VERTEX
  8
Top_Silk
  10
1.2958
  20
2.1493
  42
0
  0
VERTEX
  8
Top_Silk
  10
1.2987
  20
2.1493
  42
0
  0
VERTEX
  8
Top_Silk
  10
1.3015
  20
2.1508
  42
0
  0
VERTEX
  8
Top_Silk
  10
1.303
  20
2.1536
  42
0
  0
VERTEX
  8
Top_Silk
  10
1.3044
  20
2.1594
  42
0
  0
VERTEX
  8
Top_Silk
  10
1.3058
  20
2.1637
  42
0
  0
VERTEX
  8
Top_Silk
  10
1.3087
  20
2.1665
  42
0
  0
VERTEX
  8
Top_Silk
  10
1.3116
  20
2.1679
  42
0
  0
VERTEX
  8
Top_Silk
  10
1.3159
  20
2.1679
  42
0
  0
VERTEX
  8
Top_Silk
  10
1.3187
  20
2.1665
  42
0
  0
VERTEX
  8
Top_Silk
  10
1.3202
  20
2.1651
  42
0
  0
VERTEX
  8
Top_Silk
  10
1.3216
  20
2.1608
  42
0
  0
VERTEX
  8
Top_Silk
  10
1.3216
  20
2.155
  42
0
  0
VERTEX
  8
Top_Silk
  10
1.3202
  20
2.1508
  42
0
  0
VERTEX
  8
Top_Silk
  10
1.3187
  20
2.1493
  42
0
  0
VERTEX
  8
Top_Silk
  10
1.3159
  20
2.1479
  42
0
  0
VERTEX
  8
Top_Silk
  10
1.3116
  20
2.1479
  42
0
  0
VERTEX
  8
Top_Silk
  10
1.3087
  20
2.1493
  42
0
  0
VERTEX
  8
Top_Silk
  10
1.3058
  20
2.1522
  42
0
  0
VERTEX
  8
Top_Silk
  10
1.3044
  20
2.1565
  42
0
  0
VERTEX
  8
Top_Silk
  10
1.303
  20
2.1622
  42
0
  0
VERTEX
  8
Top_Silk
  10
1.3015
  20
2.1651
  42
0
  0
VERTEX
  8
Top_Silk
  10
1.2987
  20
2.1665
  42
0
  0
VERTEX
  8
Top_Silk
  10
1.2958
  20
2.1665
  42
0
  0
VERTEX
  8
Top_Silk
  10
1.2929
  20
2.1651
  42
0
  0
VERTEX
  8
Top_Silk
  10
1.2915
  20
2.1608
  42
0
  0
VERTEX
  8
Top_Silk
  10
1.2915
  20
2.155
  42
0
  0
SEQEND
  0
POLYLINE
  8
Top_Silk
  6
CONTINUOUS
  66
1
  70
0
  40
0.0023
  41
0.0023
  0
VERTEX
  8
Top_Silk
  10
1.2903
  20
2.155
  42
1
  0
VERTEX
  8
Top_Silk
  10
1.2927
  20
2.155
  42
1
  0
VERTEX
  8
Top_Silk
  10
1.2903
  20
2.155
  42
1
  0
SEQEND
  0
POLYLINE
  8
Top_Silk
  6
CONTINUOUS
  66
1
  70
0
  40
0.005
  41
0.005
  0
VERTEX
  8
Top_Silk
  10
1.7824
  20
2.6503
  42
0
  0
VERTEX
  8
Top_Silk
  10
1.7824
  20
2.6597
  42
0
  0
SEQEND
  0
POLYLINE
  8
Top_Silk
  6
CONTINUOUS
  66
1
  70
0
  40
0.005
  41
0.005
  0
VERTEX
  8
Top_Silk
  10
1.8376
  20
2.6503
  42
0
  0
VERTEX
  8
Top_Silk
  10
1.8376
  20
2.6597
  42
0
  0
SEQEND
  0
POLYLINE
  8
Top_Silk
  6
CONTINUOUS
  66
1
  70
0
  40
0.0046
  41
0.0046
  0
VERTEX
  8
Top_Silk
  10
1.7526
  20
2.6278
  42
0
  0
VERTEX
  8
Top_Silk
  10
1.7526
  20
2.6407
  42
0
  0
VERTEX
  8
Top_Silk
  10
1.7512
  20
2.645
  42
0
  0
VERTEX
  8
Top_Silk
  10
1.7497
  20
2.6464
  42
0
  0
VERTEX
  8
Top_Silk
  10
1.7469
  20
2.6478
  42
0
  0
VERTEX
  8
Top_Silk
  10
1.744
  20
2.6478
  42
0
  0
VERTEX
  8
Top_Silk
  10
1.7412
  20
2.6464
  42
0
  0
VERTEX
  8
Top_Silk
  10
1.7397
  20
2.645
  42
0
  0
VERTEX
  8
Top_Silk
  10
1.7383
  20
2.6407
  42
0
  0
VERTEX
  8
Top_Silk
  10
1.7383
  20
2.6278
  42
0
  0
VERTEX
  8
Top_Silk
  10
1.7684
  20
2.6278
  42
0
  0
SEQEND
  0
POLYLINE
  8
Top_Silk
  6
CONTINUOUS
  66
1
  70
0
  40
0.0023
  41
0.0023
  0
VERTEX
  8
Top_Silk
  10
1.7515
  20
2.6278
  42
1
  0
VERTEX
  8
Top_Silk
  10
1.7538
  20
2.6278
  42
1
  0
VERTEX
  8
Top_Silk
  10
1.7515
  20
2.6278
  42
1
  0
SEQEND
  0
POLYLINE
  8
Top_Silk
  6
CONTINUOUS
  66
1
  70
0
  40
0.0023
  41
0.0023
  0
VERTEX
  8
Top_Silk
  10
1.7673
  20
2.6278
  42
1
  0
VERTEX
  8
Top_Silk
  10
1.7696
  20
2.6278
  42
1
  0
VERTEX
  8
Top_Silk
  10
1.7673
  20
2.6278
  42
1
  0
SEQEND
  0
POLYLINE
  8
Top_Silk
  6
CONTINUOUS
  66
1
  70
0
  40
0.0046
  41
0.0046
  0
VERTEX
  8
Top_Silk
  10
1.7526
  20
2.6378
  42
0
  0
VERTEX
  8
Top_Silk
  10
1.7684
  20
2.6479
  42
0
  0
SEQEND
  0
POLYLINE
  8
Top_Silk
  6
CONTINUOUS
  66
1
  70
0
  40
0.0023
  41
0.0023
  0
VERTEX
  8
Top_Silk
  10
1.7515
  20
2.6378
  42
1
  0
VERTEX
  8
Top_Silk
  10
1.7538
  20
2.6378
  42
1
  0
VERTEX
  8
Top_Silk
  10
1.7515
  20
2.6378
  42
1
  0
SEQEND
  0
POLYLINE
  8
Top_Silk
  6
CONTINUOUS
  66
1
  70
0
  40
0.0023
  41
0.0023
  0
VERTEX
  8
Top_Silk
  10
1.7673
  20
2.6479
  42
1
  0
VERTEX
  8
Top_Silk
  10
1.7696
  20
2.6479
  42
1
  0
VERTEX
  8
Top_Silk
  10
1.7673
  20
2.6479
  42
1
  0
SEQEND
  0
POLYLINE
  8
Top_Silk
  6
CONTINUOUS
  66
1
  70
0
  40
0.0046
  41
0.0046
  0
VERTEX
  8
Top_Silk
  10
1.744
  20
2.6571
  42
0
  0
VERTEX
  8
Top_Silk
  10
1.7426
  20
2.66
  42
0
  0
VERTEX
  8
Top_Silk
  10
1.7383
  20
2.6643
  42
0
  0
VERTEX
  8
Top_Silk
  10
1.7684
  20
2.6643
  42
0
  0
SEQEND
  0
POLYLINE
  8
Top_Silk
  6
CONTINUOUS
  66
1
  70
0
  40
0.0023
  41
0.0023
  0
VERTEX
  8
Top_Silk
  10
1.7429
  20
2.6571
  42
1
  0
VERTEX
  8
Top_Silk
  10
1.7452
  20
2.6571
  42
1
  0
VERTEX
  8
Top_Silk
  10
1.7429
  20
2.6571
  42
1
  0
SEQEND
  0
POLYLINE
  8
Top_Silk
  6
CONTINUOUS
  66
1
  70
0
  40
0.0023
  41
0.0023
  0
VERTEX
  8
Top_Silk
  10
1.7673
  20
2.6643
  42
1
  0
VERTEX
  8
Top_Silk
  10
1.7696
  20
2.6643
  42
1
  0
VERTEX
  8
Top_Silk
  10
1.7673
  20
2.6643
  42
1
  0
SEQEND
  0
POLYLINE
  8
Top_Silk
  6
CONTINUOUS
  66
1
  70
0
  40
0.0046
  41
0.0046
  0
VERTEX
  8
Top_Silk
  10
1.7483
  20
2.6922
  42
0
  0
VERTEX
  8
Top_Silk
  10
1.7526
  20
2.6908
  42
0
  0
VERTEX
  8
Top_Silk
  10
1.7555
  20
2.6879
  42
0
  0
VERTEX
  8
Top_Silk
  10
1.7569
  20
2.6836
  42
0
  0
VERTEX
  8
Top_Silk
  10
1.7569
  20
2.6822
  42
0
  0
VERTEX
  8
Top_Silk
  10
1.7555
  20
2.6779
  42
0
  0
VERTEX
  8
Top_Silk
  10
1.7526
  20
2.675
  42
0
  0
VERTEX
  8
Top_Silk
  10
1.7483
  20
2.6736
  42
0
  0
VERTEX
  8
Top_Silk
  10
1.7469
  20
2.6736
  42
0
  0
VERTEX
  8
Top_Silk
  10
1.7426
  20
2.675
  42
0
  0
VERTEX
  8
Top_Silk
  10
1.7397
  20
2.6779
  42
0
  0
VERTEX
  8
Top_Silk
  10
1.7383
  20
2.6822
  42
0
  0
VERTEX
  8
Top_Silk
  10
1.7383
  20
2.6836
  42
0
  0
VERTEX
  8
Top_Silk
  10
1.7397
  20
2.6879
  42
0
  0
VERTEX
  8
Top_Silk
  10
1.7426
  20
2.6908
  42
0
  0
VERTEX
  8
Top_Silk
  10
1.7483
  20
2.6922
  42
0
  0
VERTEX
  8
Top_Silk
  10
1.7555
  20
2.6922
  42
0
  0
VERTEX
  8
Top_Silk
  10
1.7627
  20
2.6908
  42
0
  0
VERTEX
  8
Top_Silk
  10
1.767
  20
2.6879
  42
0
  0
VERTEX
  8
Top_Silk
  10
1.7684
  20
2.6836
  42
0
  0
VERTEX
  8
Top_Silk
  10
1.7684
  20
2.6808
  42
0
  0
VERTEX
  8
Top_Silk
  10
1.767
  20
2.6765
  42
0
  0
VERTEX
  8
Top_Silk
  10
1.7641
  20
2.675
  42
0
  0
SEQEND
  0
POLYLINE
  8
Top_Silk
  6
CONTINUOUS
  66
1
  70
0
  40
0.0023
  41
0.0023
  0
VERTEX
  8
Top_Silk
  10
1.7472
  20
2.6922
  42
1
  0
VERTEX
  8
Top_Silk
  10
1.7495
  20
2.6922
  42
1
  0
VERTEX
  8
Top_Silk
  10
1.7472
  20
2.6922
  42
1
  0
SEQEND
  0
POLYLINE
  8
Top_Silk
  6
CONTINUOUS
  66
1
  70
0
  40
0.0023
  41
0.0023
  0
VERTEX
  8
Top_Silk
  10
1.7629
  20
2.675
  42
1
  0
VERTEX
  8
Top_Silk
  10
1.7653
  20
2.675
  42
1
  0
VERTEX
  8
Top_Silk
  10
1.7629
  20
2.675
  42
1
  0
SEQEND
  0
POLYLINE
  8
Top_Silk
  6
CONTINUOUS
  66
1
  70
0
  40
0.008
  41
0.008
  0
VERTEX
  8
Top_Silk
  10
1.9546
  20
2.7081
  42
0
  0
VERTEX
  8
Top_Silk
  10
1.9054
  20
2.7081
  42
0
  0
VERTEX
  8
Top_Silk
  10
1.9054
  20
2.6019
  42
0
  0
VERTEX
  8
Top_Silk
  10
1.9546
  20
2.6019
  42
0
  0
VERTEX
  8
Top_Silk
  10
1.9546
  20
2.7081
  42
0
  0
SEQEND
  0
POLYLINE
  8
Top_Silk
  6
CONTINUOUS
  66
1
  70
0
  40
0.0046
  41
0.0046
  0
VERTEX
  8
Top_Silk
  10
1.9791
  20
2.6156
  42
0
  0
VERTEX
  8
Top_Silk
  10
1.9791
  20
2.6285
  42
0
  0
VERTEX
  8
Top_Silk
  10
1.9777
  20
2.6328
  42
0
  0
VERTEX
  8
Top_Silk
  10
1.9763
  20
2.6343
  42
0
  0
VERTEX
  8
Top_Silk
  10
1.9734
  20
2.6357
  42
0
  0
VERTEX
  8
Top_Silk
  10
1.9705
  20
2.6357
  42
0
  0
VERTEX
  8
Top_Silk
  10
1.9677
  20
2.6343
  42
0
  0
VERTEX
  8
Top_Silk
  10
1.9662
  20
2.6328
  42
0
  0
VERTEX
  8
Top_Silk
  10
1.9648
  20
2.6285
  42
0
  0
VERTEX
  8
Top_Silk
  10
1.9648
  20
2.6156
  42
0
  0
VERTEX
  8
Top_Silk
  10
1.9949
  20
2.6156
  42
0
  0
SEQEND
  0
POLYLINE
  8
Top_Silk
  6
CONTINUOUS
  66
1
  70
0
  40
0.0023
  41
0.0023
  0
VERTEX
  8
Top_Silk
  10
1.978
  20
2.6156
  42
1
  0
VERTEX
  8
Top_Silk
  10
1.9803
  20
2.6156
  42
1
  0
VERTEX
  8
Top_Silk
  10
1.978
  20
2.6156
  42
1
  0
SEQEND
  0
POLYLINE
  8
Top_Silk
  6
CONTINUOUS
  66
1
  70
0
  40
0.0023
  41
0.0023
  0
VERTEX
  8
Top_Silk
  10
1.9938
  20
2.6156
  42
1
  0
VERTEX
  8
Top_Silk
  10
1.9961
  20
2.6156
  42
1
  0
VERTEX
  8
Top_Silk
  10
1.9938
  20
2.6156
  42
1
  0
SEQEND
  0
POLYLINE
  8
Top_Silk
  6
CONTINUOUS
  66
1
  70
0
  40
0.0046
  41
0.0046
  0
VERTEX
  8
Top_Silk
  10
1.9791
  20
2.6256
  42
0
  0
VERTEX
  8
Top_Silk
  10
1.9949
  20
2.6357
  42
0
  0
SEQEND
  0
POLYLINE
  8
Top_Silk
  6
CONTINUOUS
  66
1
  70
0
  40
0.0023
  41
0.0023
  0
VERTEX
  8
Top_Silk
  10
1.978
  20
2.6256
  42
1
  0
VERTEX
  8
Top_Silk
  10
1.9803
  20
2.6256
  42
1
  0
VERTEX
  8
Top_Silk
  10
1.978
  20
2.6256
  42
1
  0
SEQEND
  0
POLYLINE
  8
Top_Silk
  6
CONTINUOUS
  66
1
  70
0
  40
0.0023
  41
0.0023
  0
VERTEX
  8
Top_Silk
  10
1.9938
  20
2.6357
  42
1
  0
VERTEX
  8
Top_Silk
  10
1.9961
  20
2.6357
  42
1
  0
VERTEX
  8
Top_Silk
  10
1.9938
  20
2.6357
  42
1
  0
SEQEND
  0
POLYLINE
  8
Top_Silk
  6
CONTINUOUS
  66
1
  70
0
  40
0.0046
  41
0.0046
  0
VERTEX
  8
Top_Silk
  10
1.972
  20
2.6464
  42
0
  0
VERTEX
  8
Top_Silk
  10
1.9706
  20
2.6464
  42
0
  0
VERTEX
  8
Top_Silk
  10
1.9677
  20
2.6478
  42
0
  0
VERTEX
  8
Top_Silk
  10
1.9662
  20
2.6493
  42
0
  0
VERTEX
  8
Top_Silk
  10
1.9648
  20
2.6521
  42
0
  0
VERTEX
  8
Top_Silk
  10
1.9648
  20
2.6579
  42
0
  0
VERTEX
  8
Top_Silk
  10
1.9662
  20
2.6607
  42
0
  0
VERTEX
  8
Top_Silk
  10
1.9677
  20
2.6622
  42
0
  0
VERTEX
  8
Top_Silk
  10
1.9706
  20
2.6636
  42
0
  0
VERTEX
  8
Top_Silk
  10
1.9734
  20
2.6636
  42
0
  0
VERTEX
  8
Top_Silk
  10
1.9763
  20
2.6622
  42
0
  0
VERTEX
  8
Top_Silk
  10
1.9806
  20
2.6593
  42
0
  0
VERTEX
  8
Top_Silk
  10
1.9949
  20
2.645
  42
0
  0
VERTEX
  8
Top_Silk
  10
1.9949
  20
2.665
  42
0
  0
SEQEND
  0
POLYLINE
  8
Top_Silk
  6
CONTINUOUS
  66
1
  70
0
  40
0.0023
  41
0.0023
  0
VERTEX
  8
Top_Silk
  10
1.9708
  20
2.6464
  42
1
  0
VERTEX
  8
Top_Silk
  10
1.9731
  20
2.6464
  42
1
  0
VERTEX
  8
Top_Silk
  10
1.9708
  20
2.6464
  42
1
  0
SEQEND
  0
POLYLINE
  8
Top_Silk
  6
CONTINUOUS
  66
1
  70
0
  40
0.0023
  41
0.0023
  0
VERTEX
  8
Top_Silk
  10
1.9938
  20
2.665
  42
1
  0
VERTEX
  8
Top_Silk
  10
1.9961
  20
2.665
  42
1
  0
VERTEX
  8
Top_Silk
  10
1.9938
  20
2.665
  42
1
  0
SEQEND
  0
POLYLINE
  8
Top_Silk
  6
CONTINUOUS
  66
1
  70
0
  40
0.0046
  41
0.0046
  0
VERTEX
  8
Top_Silk
  10
1.9648
  20
2.6829
  42
0
  0
VERTEX
  8
Top_Silk
  10
1.9662
  20
2.6786
  42
0
  0
VERTEX
  8
Top_Silk
  10
1.9706
  20
2.6757
  42
0
  0
VERTEX
  8
Top_Silk
  10
1.9777
  20
2.6743
  42
0
  0
VERTEX
  8
Top_Silk
  10
1.982
  20
2.6743
  42
0
  0
VERTEX
  8
Top_Silk
  10
1.9892
  20
2.6757
  42
0
  0
VERTEX
  8
Top_Silk
  10
1.9935
  20
2.6786
  42
0
  0
VERTEX
  8
Top_Silk
  10
1.9949
  20
2.6829
  42
0
  0
VERTEX
  8
Top_Silk
  10
1.9949
  20
2.6858
  42
0
  0
VERTEX
  8
Top_Silk
  10
1.9935
  20
2.6901
  42
0
  0
VERTEX
  8
Top_Silk
  10
1.9892
  20
2.6929
  42
0
  0
VERTEX
  8
Top_Silk
  10
1.982
  20
2.6944
  42
0
  0
VERTEX
  8
Top_Silk
  10
1.9777
  20
2.6944
  42
0
  0
VERTEX
  8
Top_Silk
  10
1.9706
  20
2.6929
  42
0
  0
VERTEX
  8
Top_Silk
  10
1.9662
  20
2.6901
  42
0
  0
VERTEX
  8
Top_Silk
  10
1.9648
  20
2.6858
  42
0
  0
VERTEX
  8
Top_Silk
  10
1.9648
  20
2.6829
  42
0
  0
SEQEND
  0
POLYLINE
  8
Top_Silk
  6
CONTINUOUS
  66
1
  70
0
  40
0.0023
  41
0.0023
  0
VERTEX
  8
Top_Silk
  10
1.9637
  20
2.6829
  42
1
  0
VERTEX
  8
Top_Silk
  10
1.966
  20
2.6829
  42
1
  0
VERTEX
  8
Top_Silk
  10
1.9637
  20
2.6829
  42
1
  0
SEQEND
  0
POLYLINE
  8
Top_Silk
  6
CONTINUOUS
  66
1
  70
0
  40
0.0046
  41
0.0046
  0
VERTEX
  8
Top_Silk
  10
1.9706
  20
2.6929
  42
0
  0
VERTEX
  8
Top_Silk
  10
1.9892
  20
2.6757
  42
0
  0
SEQEND
  0
POLYLINE
  8
Top_Silk
  6
CONTINUOUS
  66
1
  70
0
  40
0.0023
  41
0.0023
  0
VERTEX
  8
Top_Silk
  10
1.9694
  20
2.6929
  42
1
  0
VERTEX
  8
Top_Silk
  10
1.9717
  20
2.6929
  42
1
  0
VERTEX
  8
Top_Silk
  10
1.9694
  20
2.6929
  42
1
  0
SEQEND
  0
POLYLINE
  8
Top_Silk
  6
CONTINUOUS
  66
1
  70
0
  40
0.0023
  41
0.0023
  0
VERTEX
  8
Top_Silk
  10
1.988
  20
2.6757
  42
1
  0
VERTEX
  8
Top_Silk
  10
1.9903
  20
2.6757
  42
1
  0
VERTEX
  8
Top_Silk
  10
1.988
  20
2.6757
  42
1
  0
SEQEND
  0
POLYLINE
  8
Top_Silk
  6
CONTINUOUS
  66
1
  70
0
  40
0.008
  41
0.008
  0
VERTEX
  8
Top_Silk
  10
2.3796
  20
2.1082
  42
0
  0
VERTEX
  8
Top_Silk
  10
2.3304
  20
2.1081
  42
0
  0
VERTEX
  8
Top_Silk
  10
2.3304
  20
2.0018
  42
0
  0
VERTEX
  8
Top_Silk
  10
2.3796
  20
2.0019
  42
0
  0
VERTEX
  8
Top_Silk
  10
2.3796
  20
2.1082
  42
0
  0
SEQEND
  0
POLYLINE
  8
Top_Silk
  6
CONTINUOUS
  66
1
  70
0
  40
0.0046
  41
0.0046
  0
VERTEX
  8
Top_Silk
  10
2.4092
  20
2.088
  42
0
  0
VERTEX
  8
Top_Silk
  10
2.4092
  20
2.0751
  42
0
  0
VERTEX
  8
Top_Silk
  10
2.4106
  20
2.0708
  42
0
  0
VERTEX
  8
Top_Silk
  10
2.4121
  20
2.0693
  42
0
  0
VERTEX
  8
Top_Silk
  10
2.4149
  20
2.0679
  42
0
  0
VERTEX
  8
Top_Silk
  10
2.4178
  20
2.0679
  42
0
  0
VERTEX
  8
Top_Silk
  10
2.4207
  20
2.0693
  42
0
  0
VERTEX
  8
Top_Silk
  10
2.4221
  20
2.0708
  42
0
  0
VERTEX
  8
Top_Silk
  10
2.4235
  20
2.0751
  42
0
  0
VERTEX
  8
Top_Silk
  10
2.4235
  20
2.088
  42
0
  0
VERTEX
  8
Top_Silk
  10
2.3934
  20
2.088
  42
0
  0
SEQEND
  0
POLYLINE
  8
Top_Silk
  6
CONTINUOUS
  66
1
  70
0
  40
0.0023
  41
0.0023
  0
VERTEX
  8
Top_Silk
  10
2.408
  20
2.088
  42
1
  0
VERTEX
  8
Top_Silk
  10
2.4103
  20
2.088
  42
1
  0
VERTEX
  8
Top_Silk
  10
2.408
  20
2.088
  42
1
  0
SEQEND
  0
POLYLINE
  8
Top_Silk
  6
CONTINUOUS
  66
1
  70
0
  40
0.0023
  41
0.0023
  0
VERTEX
  8
Top_Silk
  10
2.3922
  20
2.088
  42
1
  0
VERTEX
  8
Top_Silk
  10
2.3946
  20
2.088
  42
1
  0
VERTEX
  8
Top_Silk
  10
2.3922
  20
2.088
  42
1
  0
SEQEND
  0
POLYLINE
  8
Top_Silk
  6
CONTINUOUS
  66
1
  70
0
  40
0.0046
  41
0.0046
  0
VERTEX
  8
Top_Silk
  10
2.4092
  20
2.0779
  42
0
  0
VERTEX
  8
Top_Silk
  10
2.3934
  20
2.0679
  42
0
  0
SEQEND
  0
POLYLINE
  8
Top_Silk
  6
CONTINUOUS
  66
1
  70
0
  40
0.0023
  41
0.0023
  0
VERTEX
  8
Top_Silk
  10
2.408
  20
2.0779
  42
1
  0
VERTEX
  8
Top_Silk
  10
2.4103
  20
2.0779
  42
1
  0
VERTEX
  8
Top_Silk
  10
2.408
  20
2.0779
  42
1
  0
SEQEND
  0
POLYLINE
  8
Top_Silk
  6
CONTINUOUS
  66
1
  70
0
  40
0.0023
  41
0.0023
  0
VERTEX
  8
Top_Silk
  10
2.3922
  20
2.0679
  42
1
  0
VERTEX
  8
Top_Silk
  10
2.3946
  20
2.0679
  42
1
  0
VERTEX
  8
Top_Silk
  10
2.3922
  20
2.0679
  42
1
  0
SEQEND
  0
POLYLINE
  8
Top_Silk
  6
CONTINUOUS
  66
1
  70
0
  40
0.0046
  41
0.0046
  0
VERTEX
  8
Top_Silk
  10
2.4163
  20
2.0571
  42
0
  0
VERTEX
  8
Top_Silk
  10
2.4178
  20
2.0571
  42
0
  0
VERTEX
  8
Top_Silk
  10
2.4207
  20
2.0557
  42
0
  0
VERTEX
  8
Top_Silk
  10
2.4221
  20
2.0543
  42
0
  0
VERTEX
  8
Top_Silk
  10
2.4235
  20
2.0514
  42
0
  0
VERTEX
  8
Top_Silk
  10
2.4235
  20
2.0457
  42
0
  0
VERTEX
  8
Top_Silk
  10
2.4221
  20
2.0428
  42
0
  0
VERTEX
  8
Top_Silk
  10
2.4207
  20
2.0414
  42
0
  0
VERTEX
  8
Top_Silk
  10
2.4178
  20
2.0399
  42
0
  0
VERTEX
  8
Top_Silk
  10
2.4149
  20
2.0399
  42
0
  0
VERTEX
  8
Top_Silk
  10
2.412
  20
2.0414
  42
0
  0
VERTEX
  8
Top_Silk
  10
2.4078
  20
2.0442
  42
0
  0
VERTEX
  8
Top_Silk
  10
2.3934
  20
2.0586
  42
0
  0
VERTEX
  8
Top_Silk
  10
2.3934
  20
2.0385
  42
0
  0
SEQEND
  0
POLYLINE
  8
Top_Silk
  6
CONTINUOUS
  66
1
  70
0
  40
0.0023
  41
0.0023
  0
VERTEX
  8
Top_Silk
  10
2.4152
  20
2.0571
  42
1
  0
VERTEX
  8
Top_Silk
  10
2.4175
  20
2.0571
  42
1
  0
VERTEX
  8
Top_Silk
  10
2.4152
  20
2.0571
  42
1
  0
SEQEND
  0
POLYLINE
  8
Top_Silk
  6
CONTINUOUS
  66
1
  70
0
  40
0.0023
  41
0.0023
  0
VERTEX
  8
Top_Silk
  10
2.3922
  20
2.0385
  42
1
  0
VERTEX
  8
Top_Silk
  10
2.3946
  20
2.0385
  42
1
  0
VERTEX
  8
Top_Silk
  10
2.3922
  20
2.0385
  42
1
  0
SEQEND
  0
POLYLINE
  8
Top_Silk
  6
CONTINUOUS
  66
1
  70
0
  40
0.0046
  41
0.0046
  0
VERTEX
  8
Top_Silk
  10
2.4178
  20
2.0292
  42
0
  0
VERTEX
  8
Top_Silk
  10
2.4192
  20
2.0264
  42
0
  0
VERTEX
  8
Top_Silk
  10
2.4235
  20
2.022
  42
0
  0
VERTEX
  8
Top_Silk
  10
2.3934
  20
2.022
  42
0
  0
SEQEND
  0
POLYLINE
  8
Top_Silk
  6
CONTINUOUS
  66
1
  70
0
  40
0.0023
  41
0.0023
  0
VERTEX
  8
Top_Silk
  10
2.4166
  20
2.0292
  42
1
  0
VERTEX
  8
Top_Silk
  10
2.4189
  20
2.0292
  42
1
  0
VERTEX
  8
Top_Silk
  10
2.4166
  20
2.0292
  42
1
  0
SEQEND
  0
POLYLINE
  8
Top_Silk
  6
CONTINUOUS
  66
1
  70
0
  40
0.0023
  41
0.0023
  0
VERTEX
  8
Top_Silk
  10
2.3922
  20
2.022
  42
1
  0
VERTEX
  8
Top_Silk
  10
2.3946
  20
2.022
  42
1
  0
VERTEX
  8
Top_Silk
  10
2.3922
  20
2.022
  42
1
  0
SEQEND
  0
POLYLINE
  8
Top_Silk
  6
CONTINUOUS
  66
1
  70
0
  40
0.008
  41
0.008
  0
VERTEX
  8
Top_Silk
  10
2.7546
  20
1.0582
  42
0
  0
VERTEX
  8
Top_Silk
  10
2.7054
  20
1.0581
  42
0
  0
VERTEX
  8
Top_Silk
  10
2.7054
  20
0.9518
  42
0
  0
VERTEX
  8
Top_Silk
  10
2.7546
  20
0.9519
  42
0
  0
VERTEX
  8
Top_Silk
  10
2.7546
  20
1.0582
  42
0
  0
SEQEND
  0
POLYLINE
  8
Top_Silk
  6
CONTINUOUS
  66
1
  70
0
  40
0.0046
  41
0.0046
  0
VERTEX
  8
Top_Silk
  10
2.6758
  20
0.9656
  42
0
  0
VERTEX
  8
Top_Silk
  10
2.6758
  20
0.9785
  42
0
  0
VERTEX
  8
Top_Silk
  10
2.6744
  20
0.9828
  42
0
  0
VERTEX
  8
Top_Silk
  10
2.6729
  20
0.9843
  42
0
  0
VERTEX
  8
Top_Silk
  10
2.6701
  20
0.9857
  42
0
  0
VERTEX
  8
Top_Silk
  10
2.6672
  20
0.9857
  42
0
  0
VERTEX
  8
Top_Silk
  10
2.6643
  20
0.9843
  42
0
  0
VERTEX
  8
Top_Silk
  10
2.6629
  20
0.9828
  42
0
  0
VERTEX
  8
Top_Silk
  10
2.6615
  20
0.9785
  42
0
  0
VERTEX
  8
Top_Silk
  10
2.6615
  20
0.9656
  42
0
  0
VERTEX
  8
Top_Silk
  10
2.6916
  20
0.9656
  42
0
  0
SEQEND
  0
POLYLINE
  8
Top_Silk
  6
CONTINUOUS
  66
1
  70
0
  40
0.0023
  41
0.0023
  0
VERTEX
  8
Top_Silk
  10
2.6747
  20
0.9656
  42
1
  0
VERTEX
  8
Top_Silk
  10
2.677
  20
0.9656
  42
1
  0
VERTEX
  8
Top_Silk
  10
2.6747
  20
0.9656
  42
1
  0
SEQEND
  0
POLYLINE
  8
Top_Silk
  6
CONTINUOUS
  66
1
  70
0
  40
0.0023
  41
0.0023
  0
VERTEX
  8
Top_Silk
  10
2.6904
  20
0.9656
  42
1
  0
VERTEX
  8
Top_Silk
  10
2.6928
  20
0.9656
  42
1
  0
VERTEX
  8
Top_Silk
  10
2.6904
  20
0.9656
  42
1
  0
SEQEND
  0
POLYLINE
  8
Top_Silk
  6
CONTINUOUS
  66
1
  70
0
  40
0.0046
  41
0.0046
  0
VERTEX
  8
Top_Silk
  10
2.6758
  20
0.9756
  42
0
  0
VERTEX
  8
Top_Silk
  10
2.6916
  20
0.9857
  42
0
  0
SEQEND
  0
POLYLINE
  8
Top_Silk
  6
CONTINUOUS
  66
1
  70
0
  40
0.0023
  41
0.0023
  0
VERTEX
  8
Top_Silk
  10
2.6747
  20
0.9756
  42
1
  0
VERTEX
  8
Top_Silk
  10
2.677
  20
0.9756
  42
1
  0
VERTEX
  8
Top_Silk
  10
2.6747
  20
0.9756
  42
1
  0
SEQEND
  0
POLYLINE
  8
Top_Silk
  6
CONTINUOUS
  66
1
  70
0
  40
0.0023
  41
0.0023
  0
VERTEX
  8
Top_Silk
  10
2.6904
  20
0.9857
  42
1
  0
VERTEX
  8
Top_Silk
  10
2.6928
  20
0.9857
  42
1
  0
VERTEX
  8
Top_Silk
  10
2.6904
  20
0.9857
  42
1
  0
SEQEND
  0
POLYLINE
  8
Top_Silk
  6
CONTINUOUS
  66
1
  70
0
  40
0.0046
  41
0.0046
  0
VERTEX
  8
Top_Silk
  10
2.6687
  20
0.9964
  42
0
  0
VERTEX
  8
Top_Silk
  10
2.6672
  20
0.9964
  42
0
  0
VERTEX
  8
Top_Silk
  10
2.6643
  20
0.9978
  42
0
  0
VERTEX
  8
Top_Silk
  10
2.6629
  20
0.9993
  42
0
  0
VERTEX
  8
Top_Silk
  10
2.6615
  20
1.0021
  42
0
  0
VERTEX
  8
Top_Silk
  10
2.6615
  20
1.0079
  42
0
  0
VERTEX
  8
Top_Silk
  10
2.6629
  20
1.0107
  42
0
  0
VERTEX
  8
Top_Silk
  10
2.6643
  20
1.0122
  42
0
  0
VERTEX
  8
Top_Silk
  10
2.6672
  20
1.0136
  42
0
  0
VERTEX
  8
Top_Silk
  10
2.6701
  20
1.0136
  42
0
  0
VERTEX
  8
Top_Silk
  10
2.673
  20
1.0122
  42
0
  0
VERTEX
  8
Top_Silk
  10
2.6772
  20
1.0093
  42
0
  0
VERTEX
  8
Top_Silk
  10
2.6916
  20
0.995
  42
0
  0
VERTEX
  8
Top_Silk
  10
2.6916
  20
1.015
  42
0
  0
SEQEND
  0
POLYLINE
  8
Top_Silk
  6
CONTINUOUS
  66
1
  70
0
  40
0.0023
  41
0.0023
  0
VERTEX
  8
Top_Silk
  10
2.6675
  20
0.9964
  42
1
  0
VERTEX
  8
Top_Silk
  10
2.6698
  20
0.9964
  42
1
  0
VERTEX
  8
Top_Silk
  10
2.6675
  20
0.9964
  42
1
  0
SEQEND
  0
POLYLINE
  8
Top_Silk
  6
CONTINUOUS
  66
1
  70
0
  40
0.0023
  41
0.0023
  0
VERTEX
  8
Top_Silk
  10
2.6904
  20
1.015
  42
1
  0
VERTEX
  8
Top_Silk
  10
2.6928
  20
1.015
  42
1
  0
VERTEX
  8
Top_Silk
  10
2.6904
  20
1.015
  42
1
  0
SEQEND
  0
POLYLINE
  8
Top_Silk
  6
CONTINUOUS
  66
1
  70
0
  40
0.0046
  41
0.0046
  0
VERTEX
  8
Top_Silk
  10
2.6687
  20
1.0258
  42
0
  0
VERTEX
  8
Top_Silk
  10
2.6672
  20
1.0258
  42
0
  0
VERTEX
  8
Top_Silk
  10
2.6643
  20
1.0272
  42
0
  0
VERTEX
  8
Top_Silk
  10
2.6629
  20
1.0286
  42
0
  0
VERTEX
  8
Top_Silk
  10
2.6615
  20
1.0315
  42
0
  0
VERTEX
  8
Top_Silk
  10
2.6615
  20
1.0372
  42
0
  0
VERTEX
  8
Top_Silk
  10
2.6629
  20
1.0401
  42
0
  0
VERTEX
  8
Top_Silk
  10
2.6643
  20
1.0415
  42
0
  0
VERTEX
  8
Top_Silk
  10
2.6672
  20
1.043
  42
0
  0
VERTEX
  8
Top_Silk
  10
2.6701
  20
1.043
  42
0
  0
VERTEX
  8
Top_Silk
  10
2.673
  20
1.0415
  42
0
  0
VERTEX
  8
Top_Silk
  10
2.6772
  20
1.0387
  42
0
  0
VERTEX
  8
Top_Silk
  10
2.6916
  20
1.0243
  42
0
  0
VERTEX
  8
Top_Silk
  10
2.6916
  20
1.0444
  42
0
  0
SEQEND
  0
POLYLINE
  8
Top_Silk
  6
CONTINUOUS
  66
1
  70
0
  40
0.0023
  41
0.0023
  0
VERTEX
  8
Top_Silk
  10
2.6675
  20
1.0258
  42
1
  0
VERTEX
  8
Top_Silk
  10
2.6698
  20
1.0258
  42
1
  0
VERTEX
  8
Top_Silk
  10
2.6675
  20
1.0258
  42
1
  0
SEQEND
  0
POLYLINE
  8
Top_Silk
  6
CONTINUOUS
  66
1
  70
0
  40
0.0023
  41
0.0023
  0
VERTEX
  8
Top_Silk
  10
2.6904
  20
1.0444
  42
1
  0
VERTEX
  8
Top_Silk
  10
2.6928
  20
1.0444
  42
1
  0
VERTEX
  8
Top_Silk
  10
2.6904
  20
1.0444
  42
1
  0
SEQEND
  0
POLYLINE
  8
Top_Silk
  6
CONTINUOUS
  66
1
  70
0
  40
0.006
  41
0.006
  0
VERTEX
  8
Top_Silk
  10
0.8375
  20
2.0254
  42
0
  0
VERTEX
  8
Top_Silk
  10
0.8375
  20
2.0146
  42
0
  0
SEQEND
  0
POLYLINE
  8
Top_Silk
  6
CONTINUOUS
  66
1
  70
0
  40
0.006
  41
0.006
  0
VERTEX
  8
Top_Silk
  10
0.8825
  20
2.0146
  42
0
  0
VERTEX
  8
Top_Silk
  10
0.8825
  20
2.0254
  42
0
  0
SEQEND
  0
POLYLINE
  8
Top_Silk
  6
CONTINUOUS
  66
1
  70
0
  40
0.0046
  41
0.0046
  0
VERTEX
  8
Top_Silk
  10
0.791
  20
1.9575
  42
0
  0
VERTEX
  8
Top_Silk
  10
0.8039
  20
1.9575
  42
0
  0
VERTEX
  8
Top_Silk
  10
0.8082
  20
1.959
  42
0
  0
VERTEX
  8
Top_Silk
  10
0.8097
  20
1.9604
  42
0
  0
VERTEX
  8
Top_Silk
  10
0.8111
  20
1.9633
  42
0
  0
VERTEX
  8
Top_Silk
  10
0.8111
  20
1.9661
  42
0
  0
VERTEX
  8
Top_Silk
  10
0.8097
  20
1.969
  42
0
  0
VERTEX
  8
Top_Silk
  10
0.8082
  20
1.9705
  42
0
  0
VERTEX
  8
Top_Silk
  10
0.8039
  20
1.9719
  42
0
  0
VERTEX
  8
Top_Silk
  10
0.791
  20
1.9719
  42
0
  0
VERTEX
  8
Top_Silk
  10
0.791
  20
1.9417
  42
0
  0
SEQEND
  0
POLYLINE
  8
Top_Silk
  6
CONTINUOUS
  66
1
  70
0
  40
0.0023
  41
0.0023
  0
VERTEX
  8
Top_Silk
  10
0.7899
  20
1.9575
  42
1
  0
VERTEX
  8
Top_Silk
  10
0.7922
  20
1.9575
  42
1
  0
VERTEX
  8
Top_Silk
  10
0.7899
  20
1.9575
  42
1
  0
SEQEND
  0
POLYLINE
  8
Top_Silk
  6
CONTINUOUS
  66
1
  70
0
  40
0.0023
  41
0.0023
  0
VERTEX
  8
Top_Silk
  10
0.7899
  20
1.9417
  42
1
  0
VERTEX
  8
Top_Silk
  10
0.7922
  20
1.9417
  42
1
  0
VERTEX
  8
Top_Silk
  10
0.7899
  20
1.9417
  42
1
  0
SEQEND
  0
POLYLINE
  8
Top_Silk
  6
CONTINUOUS
  66
1
  70
0
  40
0.0046
  41
0.0046
  0
VERTEX
  8
Top_Silk
  10
0.8011
  20
1.9575
  42
0
  0
VERTEX
  8
Top_Silk
  10
0.8111
  20
1.9417
  42
0
  0
SEQEND
  0
POLYLINE
  8
Top_Silk
  6
CONTINUOUS
  66
1
  70
0
  40
0.0023
  41
0.0023
  0
VERTEX
  8
Top_Silk
  10
0.7999
  20
1.9575
  42
1
  0
VERTEX
  8
Top_Silk
  10
0.8022
  20
1.9575
  42
1
  0
VERTEX
  8
Top_Silk
  10
0.7999
  20
1.9575
  42
1
  0
SEQEND
  0
POLYLINE
  8
Top_Silk
  6
CONTINUOUS
  66
1
  70
0
  40
0.0023
  41
0.0023
  0
VERTEX
  8
Top_Silk
  10
0.81
  20
1.9417
  42
1
  0
VERTEX
  8
Top_Silk
  10
0.8123
  20
1.9417
  42
1
  0
VERTEX
  8
Top_Silk
  10
0.81
  20
1.9417
  42
1
  0
SEQEND
  0
POLYLINE
  8
Top_Silk
  6
CONTINUOUS
  66
1
  70
0
  40
0.0046
  41
0.0046
  0
VERTEX
  8
Top_Silk
  10
0.8219
  20
1.9647
  42
0
  0
VERTEX
  8
Top_Silk
  10
0.8219
  20
1.9661
  42
0
  0
VERTEX
  8
Top_Silk
  10
0.8233
  20
1.969
  42
0
  0
VERTEX
  8
Top_Silk
  10
0.8247
  20
1.9704
  42
0
  0
VERTEX
  8
Top_Silk
  10
0.8276
  20
1.9718
  42
0
  0
VERTEX
  8
Top_Silk
  10
0.8333
  20
1.9718
  42
0
  0
VERTEX
  8
Top_Silk
  10
0.8362
  20
1.9704
  42
0
  0
VERTEX
  8
Top_Silk
  10
0.8376
  20
1.969
  42
0
  0
VERTEX
  8
Top_Silk
  10
0.8391
  20
1.9661
  42
0
  0
VERTEX
  8
Top_Silk
  10
0.8391
  20
1.9633
  42
0
  0
VERTEX
  8
Top_Silk
  10
0.8376
  20
1.9604
  42
0
  0
VERTEX
  8
Top_Silk
  10
0.8348
  20
1.9561
  42
0
  0
VERTEX
  8
Top_Silk
  10
0.8204
  20
1.9417
  42
0
  0
VERTEX
  8
Top_Silk
  10
0.8405
  20
1.9417
  42
0
  0
SEQEND
  0
POLYLINE
  8
Top_Silk
  6
CONTINUOUS
  66
1
  70
0
  40
0.0023
  41
0.0023
  0
VERTEX
  8
Top_Silk
  10
0.8207
  20
1.9647
  42
1
  0
VERTEX
  8
Top_Silk
  10
0.823
  20
1.9647
  42
1
  0
VERTEX
  8
Top_Silk
  10
0.8207
  20
1.9647
  42
1
  0
SEQEND
  0
POLYLINE
  8
Top_Silk
  6
CONTINUOUS
  66
1
  70
0
  40
0.0023
  41
0.0023
  0
VERTEX
  8
Top_Silk
  10
0.8393
  20
1.9417
  42
1
  0
VERTEX
  8
Top_Silk
  10
0.8417
  20
1.9417
  42
1
  0
VERTEX
  8
Top_Silk
  10
0.8393
  20
1.9417
  42
1
  0
SEQEND
  0
POLYLINE
  8
Top_Silk
  6
CONTINUOUS
  66
1
  70
0
  40
0.0046
  41
0.0046
  0
VERTEX
  8
Top_Silk
  10
0.8526
  20
1.9718
  42
0
  0
VERTEX
  8
Top_Silk
  10
0.8684
  20
1.9718
  42
0
  0
VERTEX
  8
Top_Silk
  10
0.8598
  20
1.9604
  42
0
  0
VERTEX
  8
Top_Silk
  10
0.8641
  20
1.9604
  42
0
  0
VERTEX
  8
Top_Silk
  10
0.867
  20
1.9589
  42
0
  0
VERTEX
  8
Top_Silk
  10
0.8684
  20
1.9575
  42
0
  0
VERTEX
  8
Top_Silk
  10
0.8699
  20
1.9532
  42
0
  0
VERTEX
  8
Top_Silk
  10
0.8699
  20
1.9504
  42
0
  0
VERTEX
  8
Top_Silk
  10
0.8684
  20
1.946
  42
0
  0
VERTEX
  8
Top_Silk
  10
0.8655
  20
1.9432
  42
0
  0
VERTEX
  8
Top_Silk
  10
0.8612
  20
1.9417
  42
0
  0
VERTEX
  8
Top_Silk
  10
0.8569
  20
1.9417
  42
0
  0
VERTEX
  8
Top_Silk
  10
0.8526
  20
1.9432
  42
0
  0
VERTEX
  8
Top_Silk
  10
0.8512
  20
1.9446
  42
0
  0
VERTEX
  8
Top_Silk
  10
0.8498
  20
1.9475
  42
0
  0
SEQEND
  0
POLYLINE
  8
Top_Silk
  6
CONTINUOUS
  66
1
  70
0
  40
0.0023
  41
0.0023
  0
VERTEX
  8
Top_Silk
  10
0.8515
  20
1.9718
  42
1
  0
VERTEX
  8
Top_Silk
  10
0.8538
  20
1.9718
  42
1
  0
VERTEX
  8
Top_Silk
  10
0.8515
  20
1.9718
  42
1
  0
SEQEND
  0
POLYLINE
  8
Top_Silk
  6
CONTINUOUS
  66
1
  70
0
  40
0.0023
  41
0.0023
  0
VERTEX
  8
Top_Silk
  10
0.8486
  20
1.9475
  42
1
  0
VERTEX
  8
Top_Silk
  10
0.8509
  20
1.9475
  42
1
  0
VERTEX
  8
Top_Silk
  10
0.8486
  20
1.9475
  42
1
  0
SEQEND
  0
POLYLINE
  8
Top_Silk
  6
CONTINUOUS
  66
1
  70
0
  40
0.008
  41
0.008
  0
VERTEX
  8
Top_Silk
  10
0.7946
  20
2.1432
  42
0
  0
VERTEX
  8
Top_Silk
  10
0.7454
  20
2.1431
  42
0
  0
VERTEX
  8
Top_Silk
  10
0.7454
  20
2.0368
  42
0
  0
VERTEX
  8
Top_Silk
  10
0.7946
  20
2.0369
  42
0
  0
VERTEX
  8
Top_Silk
  10
0.7946
  20
2.1432
  42
0
  0
SEQEND
  0
POLYLINE
  8
Top_Silk
  6
CONTINUOUS
  66
1
  70
0
  40
0.0046
  41
0.0046
  0
VERTEX
  8
Top_Silk
  10
0.7141
  20
2.0449
  42
0
  0
VERTEX
  8
Top_Silk
  10
0.7141
  20
2.0578
  42
0
  0
VERTEX
  8
Top_Silk
  10
0.7127
  20
2.0621
  42
0
  0
VERTEX
  8
Top_Silk
  10
0.7113
  20
2.0635
  42
0
  0
VERTEX
  8
Top_Silk
  10
0.7084
  20
2.065
  42
0
  0
VERTEX
  8
Top_Silk
  10
0.7055
  20
2.065
  42
0
  0
VERTEX
  8
Top_Silk
  10
0.7027
  20
2.0635
  42
0
  0
VERTEX
  8
Top_Silk
  10
0.7012
  20
2.0621
  42
0
  0
VERTEX
  8
Top_Silk
  10
0.6998
  20
2.0578
  42
0
  0
VERTEX
  8
Top_Silk
  10
0.6998
  20
2.0449
  42
0
  0
VERTEX
  8
Top_Silk
  10
0.7299
  20
2.0449
  42
0
  0
SEQEND
  0
POLYLINE
  8
Top_Silk
  6
CONTINUOUS
  66
1
  70
0
  40
0.0023
  41
0.0023
  0
VERTEX
  8
Top_Silk
  10
0.713
  20
2.0449
  42
1
  0
VERTEX
  8
Top_Silk
  10
0.7153
  20
2.0449
  42
1
  0
VERTEX
  8
Top_Silk
  10
0.713
  20
2.0449
  42
1
  0
SEQEND
  0
POLYLINE
  8
Top_Silk
  6
CONTINUOUS
  66
1
  70
0
  40
0.0023
  41
0.0023
  0
VERTEX
  8
Top_Silk
  10
0.7288
  20
2.0449
  42
1
  0
VERTEX
  8
Top_Silk
  10
0.7311
  20
2.0449
  42
1
  0
VERTEX
  8
Top_Silk
  10
0.7288
  20
2.0449
  42
1
  0
SEQEND
  0
POLYLINE
  8
Top_Silk
  6
CONTINUOUS
  66
1
  70
0
  40
0.0046
  41
0.0046
  0
VERTEX
  8
Top_Silk
  10
0.7141
  20
2.0549
  42
0
  0
VERTEX
  8
Top_Silk
  10
0.7299
  20
2.065
  42
0
  0
SEQEND
  0
POLYLINE
  8
Top_Silk
  6
CONTINUOUS
  66
1
  70
0
  40
0.0023
  41
0.0023
  0
VERTEX
  8
Top_Silk
  10
0.713
  20
2.0549
  42
1
  0
VERTEX
  8
Top_Silk
  10
0.7153
  20
2.0549
  42
1
  0
VERTEX
  8
Top_Silk
  10
0.713
  20
2.0549
  42
1
  0
SEQEND
  0
POLYLINE
  8
Top_Silk
  6
CONTINUOUS
  66
1
  70
0
  40
0.0023
  41
0.0023
  0
VERTEX
  8
Top_Silk
  10
0.7288
  20
2.065
  42
1
  0
VERTEX
  8
Top_Silk
  10
0.7311
  20
2.065
  42
1
  0
VERTEX
  8
Top_Silk
  10
0.7288
  20
2.065
  42
1
  0
SEQEND
  0
POLYLINE
  8
Top_Silk
  6
CONTINUOUS
  66
1
  70
0
  40
0.0046
  41
0.0046
  0
VERTEX
  8
Top_Silk
  10
0.707
  20
2.0757
  42
0
  0
VERTEX
  8
Top_Silk
  10
0.7056
  20
2.0757
  42
0
  0
VERTEX
  8
Top_Silk
  10
0.7027
  20
2.0771
  42
0
  0
VERTEX
  8
Top_Silk
  10
0.7012
  20
2.0785
  42
0
  0
VERTEX
  8
Top_Silk
  10
0.6998
  20
2.0814
  42
0
  0
VERTEX
  8
Top_Silk
  10
0.6998
  20
2.0872
  42
0
  0
VERTEX
  8
Top_Silk
  10
0.7012
  20
2.09
  42
0
  0
VERTEX
  8
Top_Silk
  10
0.7027
  20
2.0914
  42
0
  0
VERTEX
  8
Top_Silk
  10
0.7056
  20
2.0929
  42
0
  0
VERTEX
  8
Top_Silk
  10
0.7084
  20
2.0929
  42
0
  0
VERTEX
  8
Top_Silk
  10
0.7113
  20
2.0914
  42
0
  0
VERTEX
  8
Top_Silk
  10
0.7156
  20
2.0886
  42
0
  0
VERTEX
  8
Top_Silk
  10
0.7299
  20
2.0742
  42
0
  0
VERTEX
  8
Top_Silk
  10
0.7299
  20
2.0943
  42
0
  0
SEQEND
  0
POLYLINE
  8
Top_Silk
  6
CONTINUOUS
  66
1
  70
0
  40
0.0023
  41
0.0023
  0
VERTEX
  8
Top_Silk
  10
0.7058
  20
2.0757
  42
1
  0
VERTEX
  8
Top_Silk
  10
0.7081
  20
2.0757
  42
1
  0
VERTEX
  8
Top_Silk
  10
0.7058
  20
2.0757
  42
1
  0
SEQEND
  0
POLYLINE
  8
Top_Silk
  6
CONTINUOUS
  66
1
  70
0
  40
0.0023
  41
0.0023
  0
VERTEX
  8
Top_Silk
  10
0.7288
  20
2.0943
  42
1
  0
VERTEX
  8
Top_Silk
  10
0.7311
  20
2.0943
  42
1
  0
VERTEX
  8
Top_Silk
  10
0.7288
  20
2.0943
  42
1
  0
SEQEND
  0
POLYLINE
  8
Top_Silk
  6
CONTINUOUS
  66
1
  70
0
  40
0.0046
  41
0.0046
  0
VERTEX
  8
Top_Silk
  10
0.7299
  20
2.118
  42
0
  0
VERTEX
  8
Top_Silk
  10
0.6998
  20
2.118
  42
0
  0
VERTEX
  8
Top_Silk
  10
0.7199
  20
2.1036
  42
0
  0
VERTEX
  8
Top_Silk
  10
0.7199
  20
2.1251
  42
0
  0
SEQEND
  0
POLYLINE
  8
Top_Silk
  6
CONTINUOUS
  66
1
  70
0
  40
0.0023
  41
0.0023
  0
VERTEX
  8
Top_Silk
  10
0.7288
  20
2.118
  42
1
  0
VERTEX
  8
Top_Silk
  10
0.7311
  20
2.118
  42
1
  0
VERTEX
  8
Top_Silk
  10
0.7288
  20
2.118
  42
1
  0
SEQEND
  0
POLYLINE
  8
Top_Silk
  6
CONTINUOUS
  66
1
  70
0
  40
0.0023
  41
0.0023
  0
VERTEX
  8
Top_Silk
  10
0.7187
  20
2.1251
  42
1
  0
VERTEX
  8
Top_Silk
  10
0.721
  20
2.1251
  42
1
  0
VERTEX
  8
Top_Silk
  10
0.7187
  20
2.1251
  42
1
  0
SEQEND
  0
POLYLINE
  8
Top_Silk
  6
CONTINUOUS
  66
1
  70
0
  40
0.008
  41
0.008
  0
VERTEX
  8
Top_Silk
  10
3.1746
  20
2.0681
  42
0
  0
VERTEX
  8
Top_Silk
  10
3.1254
  20
2.0681
  42
0
  0
VERTEX
  8
Top_Silk
  10
3.1254
  20
1.9619
  42
0
  0
VERTEX
  8
Top_Silk
  10
3.1746
  20
1.9619
  42
0
  0
VERTEX
  8
Top_Silk
  10
3.1746
  20
2.0681
  42
0
  0
SEQEND
  0
POLYLINE
  8
Top_Silk
  6
CONTINUOUS
  66
1
  70
0
  40
0.0046
  41
0.0046
  0
VERTEX
  8
Top_Silk
  10
3.0958
  20
1.9756
  42
0
  0
VERTEX
  8
Top_Silk
  10
3.0958
  20
1.9885
  42
0
  0
VERTEX
  8
Top_Silk
  10
3.0944
  20
1.9928
  42
0
  0
VERTEX
  8
Top_Silk
  10
3.0929
  20
1.9943
  42
0
  0
VERTEX
  8
Top_Silk
  10
3.0901
  20
1.9957
  42
0
  0
VERTEX
  8
Top_Silk
  10
3.0872
  20
1.9957
  42
0
  0
VERTEX
  8
Top_Silk
  10
3.0843
  20
1.9943
  42
0
  0
VERTEX
  8
Top_Silk
  10
3.0829
  20
1.9928
  42
0
  0
VERTEX
  8
Top_Silk
  10
3.0815
  20
1.9885
  42
0
  0
VERTEX
  8
Top_Silk
  10
3.0815
  20
1.9756
  42
0
  0
VERTEX
  8
Top_Silk
  10
3.1116
  20
1.9756
  42
0
  0
SEQEND
  0
POLYLINE
  8
Top_Silk
  6
CONTINUOUS
  66
1
  70
0
  40
0.0023
  41
0.0023
  0
VERTEX
  8
Top_Silk
  10
3.0947
  20
1.9756
  42
1
  0
VERTEX
  8
Top_Silk
  10
3.097
  20
1.9756
  42
1
  0
VERTEX
  8
Top_Silk
  10
3.0947
  20
1.9756
  42
1
  0
SEQEND
  0
POLYLINE
  8
Top_Silk
  6
CONTINUOUS
  66
1
  70
0
  40
0.0023
  41
0.0023
  0
VERTEX
  8
Top_Silk
  10
3.1104
  20
1.9756
  42
1
  0
VERTEX
  8
Top_Silk
  10
3.1128
  20
1.9756
  42
1
  0
VERTEX
  8
Top_Silk
  10
3.1104
  20
1.9756
  42
1
  0
SEQEND
  0
POLYLINE
  8
Top_Silk
  6
CONTINUOUS
  66
1
  70
0
  40
0.0046
  41
0.0046
  0
VERTEX
  8
Top_Silk
  10
3.0958
  20
1.9856
  42
0
  0
VERTEX
  8
Top_Silk
  10
3.1116
  20
1.9957
  42
0
  0
SEQEND
  0
POLYLINE
  8
Top_Silk
  6
CONTINUOUS
  66
1
  70
0
  40
0.0023
  41
0.0023
  0
VERTEX
  8
Top_Silk
  10
3.0947
  20
1.9856
  42
1
  0
VERTEX
  8
Top_Silk
  10
3.097
  20
1.9856
  42
1
  0
VERTEX
  8
Top_Silk
  10
3.0947
  20
1.9856
  42
1
  0
SEQEND
  0
POLYLINE
  8
Top_Silk
  6
CONTINUOUS
  66
1
  70
0
  40
0.0023
  41
0.0023
  0
VERTEX
  8
Top_Silk
  10
3.1104
  20
1.9957
  42
1
  0
VERTEX
  8
Top_Silk
  10
3.1128
  20
1.9957
  42
1
  0
VERTEX
  8
Top_Silk
  10
3.1104
  20
1.9957
  42
1
  0
SEQEND
  0
POLYLINE
  8
Top_Silk
  6
CONTINUOUS
  66
1
  70
0
  40
0.0046
  41
0.0046
  0
VERTEX
  8
Top_Silk
  10
3.0887
  20
2.0064
  42
0
  0
VERTEX
  8
Top_Silk
  10
3.0872
  20
2.0064
  42
0
  0
VERTEX
  8
Top_Silk
  10
3.0843
  20
2.0078
  42
0
  0
VERTEX
  8
Top_Silk
  10
3.0829
  20
2.0093
  42
0
  0
VERTEX
  8
Top_Silk
  10
3.0815
  20
2.0121
  42
0
  0
VERTEX
  8
Top_Silk
  10
3.0815
  20
2.0179
  42
0
  0
VERTEX
  8
Top_Silk
  10
3.0829
  20
2.0207
  42
0
  0
VERTEX
  8
Top_Silk
  10
3.0843
  20
2.0222
  42
0
  0
VERTEX
  8
Top_Silk
  10
3.0872
  20
2.0236
  42
0
  0
VERTEX
  8
Top_Silk
  10
3.0901
  20
2.0236
  42
0
  0
VERTEX
  8
Top_Silk
  10
3.093
  20
2.0222
  42
0
  0
VERTEX
  8
Top_Silk
  10
3.0972
  20
2.0193
  42
0
  0
VERTEX
  8
Top_Silk
  10
3.1116
  20
2.005
  42
0
  0
VERTEX
  8
Top_Silk
  10
3.1116
  20
2.025
  42
0
  0
SEQEND
  0
POLYLINE
  8
Top_Silk
  6
CONTINUOUS
  66
1
  70
0
  40
0.0023
  41
0.0023
  0
VERTEX
  8
Top_Silk
  10
3.0875
  20
2.0064
  42
1
  0
VERTEX
  8
Top_Silk
  10
3.0898
  20
2.0064
  42
1
  0
VERTEX
  8
Top_Silk
  10
3.0875
  20
2.0064
  42
1
  0
SEQEND
  0
POLYLINE
  8
Top_Silk
  6
CONTINUOUS
  66
1
  70
0
  40
0.0023
  41
0.0023
  0
VERTEX
  8
Top_Silk
  10
3.1104
  20
2.025
  42
1
  0
VERTEX
  8
Top_Silk
  10
3.1128
  20
2.025
  42
1
  0
VERTEX
  8
Top_Silk
  10
3.1104
  20
2.025
  42
1
  0
SEQEND
  0
POLYLINE
  8
Top_Silk
  6
CONTINUOUS
  66
1
  70
0
  40
0.0046
  41
0.0046
  0
VERTEX
  8
Top_Silk
  10
3.0815
  20
2.0515
  42
0
  0
VERTEX
  8
Top_Silk
  10
3.0815
  20
2.0372
  42
0
  0
VERTEX
  8
Top_Silk
  10
3.0944
  20
2.0358
  42
0
  0
VERTEX
  8
Top_Silk
  10
3.093
  20
2.0372
  42
0
  0
VERTEX
  8
Top_Silk
  10
3.0915
  20
2.0415
  42
0
  0
VERTEX
  8
Top_Silk
  10
3.0915
  20
2.0458
  42
0
  0
VERTEX
  8
Top_Silk
  10
3.093
  20
2.0501
  42
0
  0
VERTEX
  8
Top_Silk
  10
3.0958
  20
2.053
  42
0
  0
VERTEX
  8
Top_Silk
  10
3.1001
  20
2.0544
  42
0
  0
VERTEX
  8
Top_Silk
  10
3.103
  20
2.0544
  42
0
  0
VERTEX
  8
Top_Silk
  10
3.1073
  20
2.053
  42
0
  0
VERTEX
  8
Top_Silk
  10
3.1102
  20
2.0501
  42
0
  0
VERTEX
  8
Top_Silk
  10
3.1116
  20
2.0458
  42
0
  0
VERTEX
  8
Top_Silk
  10
3.1116
  20
2.0415
  42
0
  0
VERTEX
  8
Top_Silk
  10
3.1102
  20
2.0372
  42
0
  0
VERTEX
  8
Top_Silk
  10
3.1087
  20
2.0358
  42
0
  0
VERTEX
  8
Top_Silk
  10
3.1059
  20
2.0343
  42
0
  0
SEQEND
  0
POLYLINE
  8
Top_Silk
  6
CONTINUOUS
  66
1
  70
0
  40
0.0023
  41
0.0023
  0
VERTEX
  8
Top_Silk
  10
3.0803
  20
2.0515
  42
1
  0
VERTEX
  8
Top_Silk
  10
3.0827
  20
2.0515
  42
1
  0
VERTEX
  8
Top_Silk
  10
3.0803
  20
2.0515
  42
1
  0
SEQEND
  0
POLYLINE
  8
Top_Silk
  6
CONTINUOUS
  66
1
  70
0
  40
0.0023
  41
0.0023
  0
VERTEX
  8
Top_Silk
  10
3.1047
  20
2.0343
  42
1
  0
VERTEX
  8
Top_Silk
  10
3.107
  20
2.0343
  42
1
  0
VERTEX
  8
Top_Silk
  10
3.1047
  20
2.0343
  42
1
  0
SEQEND
  0
POLYLINE
  8
Top_Silk
  6
CONTINUOUS
  66
1
  70
0
  40
0.008
  41
0.008
  0
VERTEX
  8
Top_Silk
  10
2.8196
  20
1.0581
  42
0
  0
VERTEX
  8
Top_Silk
  10
2.7704
  20
1.0581
  42
0
  0
VERTEX
  8
Top_Silk
  10
2.7704
  20
0.9519
  42
0
  0
VERTEX
  8
Top_Silk
  10
2.8196
  20
0.9519
  42
0
  0
VERTEX
  8
Top_Silk
  10
2.8196
  20
1.0581
  42
0
  0
SEQEND
  0
POLYLINE
  8
Top_Silk
  6
CONTINUOUS
  66
1
  70
0
  40
0.0046
  41
0.0046
  0
VERTEX
  8
Top_Silk
  10
2.8303
  20
0.9275
  42
0
  0
VERTEX
  8
Top_Silk
  10
2.8174
  20
0.9275
  42
0
  0
VERTEX
  8
Top_Silk
  10
2.8131
  20
0.926
  42
0
  0
VERTEX
  8
Top_Silk
  10
2.8117
  20
0.9246
  42
0
  0
VERTEX
  8
Top_Silk
  10
2.8102
  20
0.9217
  42
0
  0
VERTEX
  8
Top_Silk
  10
2.8102
  20
0.9189
  42
0
  0
VERTEX
  8
Top_Silk
  10
2.8117
  20
0.916
  42
0
  0
VERTEX
  8
Top_Silk
  10
2.8131
  20
0.9145
  42
0
  0
VERTEX
  8
Top_Silk
  10
2.8174
  20
0.9131
  42
0
  0
VERTEX
  8
Top_Silk
  10
2.8303
  20
0.9131
  42
0
  0
VERTEX
  8
Top_Silk
  10
2.8303
  20
0.9433
  42
0
  0
SEQEND
  0
POLYLINE
  8
Top_Silk
  6
CONTINUOUS
  66
1
  70
0
  40
0.0023
  41
0.0023
  0
VERTEX
  8
Top_Silk
  10
2.8292
  20
0.9275
  42
1
  0
VERTEX
  8
Top_Silk
  10
2.8315
  20
0.9275
  42
1
  0
VERTEX
  8
Top_Silk
  10
2.8292
  20
0.9275
  42
1
  0
SEQEND
  0
POLYLINE
  8
Top_Silk
  6
CONTINUOUS
  66
1
  70
0
  40
0.0023
  41
0.0023
  0
VERTEX
  8
Top_Silk
  10
2.8292
  20
0.9433
  42
1
  0
VERTEX
  8
Top_Silk
  10
2.8315
  20
0.9433
  42
1
  0
VERTEX
  8
Top_Silk
  10
2.8292
  20
0.9433
  42
1
  0
SEQEND
  0
POLYLINE
  8
Top_Silk
  6
CONTINUOUS
  66
1
  70
0
  40
0.0046
  41
0.0046
  0
VERTEX
  8
Top_Silk
  10
2.8203
  20
0.9275
  42
0
  0
VERTEX
  8
Top_Silk
  10
2.8102
  20
0.9433
  42
0
  0
SEQEND
  0
POLYLINE
  8
Top_Silk
  6
CONTINUOUS
  66
1
  70
0
  40
0.0023
  41
0.0023
  0
VERTEX
  8
Top_Silk
  10
2.8191
  20
0.9275
  42
1
  0
VERTEX
  8
Top_Silk
  10
2.8214
  20
0.9275
  42
1
  0
VERTEX
  8
Top_Silk
  10
2.8191
  20
0.9275
  42
1
  0
SEQEND
  0
POLYLINE
  8
Top_Silk
  6
CONTINUOUS
  66
1
  70
0
  40
0.0023
  41
0.0023
  0
VERTEX
  8
Top_Silk
  10
2.8091
  20
0.9433
  42
1
  0
VERTEX
  8
Top_Silk
  10
2.8114
  20
0.9433
  42
1
  0
VERTEX
  8
Top_Silk
  10
2.8091
  20
0.9433
  42
1
  0
SEQEND
  0
POLYLINE
  8
Top_Silk
  6
CONTINUOUS
  66
1
  70
0
  40
0.0046
  41
0.0046
  0
VERTEX
  8
Top_Silk
  10
2.7995
  20
0.9203
  42
0
  0
VERTEX
  8
Top_Silk
  10
2.7995
  20
0.9189
  42
0
  0
VERTEX
  8
Top_Silk
  10
2.7981
  20
0.916
  42
0
  0
VERTEX
  8
Top_Silk
  10
2.7967
  20
0.9146
  42
0
  0
VERTEX
  8
Top_Silk
  10
2.7938
  20
0.9132
  42
0
  0
VERTEX
  8
Top_Silk
  10
2.788
  20
0.9132
  42
0
  0
VERTEX
  8
Top_Silk
  10
2.7852
  20
0.9146
  42
0
  0
VERTEX
  8
Top_Silk
  10
2.7838
  20
0.916
  42
0
  0
VERTEX
  8
Top_Silk
  10
2.7823
  20
0.9189
  42
0
  0
VERTEX
  8
Top_Silk
  10
2.7823
  20
0.9217
  42
0
  0
VERTEX
  8
Top_Silk
  10
2.7838
  20
0.9246
  42
0
  0
VERTEX
  8
Top_Silk
  10
2.7866
  20
0.9289
  42
0
  0
VERTEX
  8
Top_Silk
  10
2.801
  20
0.9433
  42
0
  0
VERTEX
  8
Top_Silk
  10
2.7809
  20
0.9433
  42
0
  0
SEQEND
  0
POLYLINE
  8
Top_Silk
  6
CONTINUOUS
  66
1
  70
0
  40
0.0023
  41
0.0023
  0
VERTEX
  8
Top_Silk
  10
2.7984
  20
0.9203
  42
1
  0
VERTEX
  8
Top_Silk
  10
2.8007
  20
0.9203
  42
1
  0
VERTEX
  8
Top_Silk
  10
2.7984
  20
0.9203
  42
1
  0
SEQEND
  0
POLYLINE
  8
Top_Silk
  6
CONTINUOUS
  66
1
  70
0
  40
0.0023
  41
0.0023
  0
VERTEX
  8
Top_Silk
  10
2.7797
  20
0.9433
  42
1
  0
VERTEX
  8
Top_Silk
  10
2.782
  20
0.9433
  42
1
  0
VERTEX
  8
Top_Silk
  10
2.7797
  20
0.9433
  42
1
  0
SEQEND
  0
POLYLINE
  8
Top_Silk
  6
CONTINUOUS
  66
1
  70
0
  40
0.0046
  41
0.0046
  0
VERTEX
  8
Top_Silk
  10
2.7544
  20
0.9174
  42
0
  0
VERTEX
  8
Top_Silk
  10
2.7558
  20
0.9146
  42
0
  0
VERTEX
  8
Top_Silk
  10
2.7601
  20
0.9132
  42
0
  0
VERTEX
  8
Top_Silk
  10
2.763
  20
0.9132
  42
0
  0
VERTEX
  8
Top_Silk
  10
2.7673
  20
0.9146
  42
0
  0
VERTEX
  8
Top_Silk
  10
2.7702
  20
0.9189
  42
0
  0
VERTEX
  8
Top_Silk
  10
2.7716
  20
0.9261
  42
0
  0
VERTEX
  8
Top_Silk
  10
2.7716
  20
0.9332
  42
0
  0
VERTEX
  8
Top_Silk
  10
2.7702
  20
0.939
  42
0
  0
VERTEX
  8
Top_Silk
  10
2.7673
  20
0.9418
  42
0
  0
VERTEX
  8
Top_Silk
  10
2.763
  20
0.9433
  42
0
  0
VERTEX
  8
Top_Silk
  10
2.7616
  20
0.9433
  42
0
  0
VERTEX
  8
Top_Silk
  10
2.7573
  20
0.9418
  42
0
  0
VERTEX
  8
Top_Silk
  10
2.7544
  20
0.939
  42
0
  0
VERTEX
  8
Top_Silk
  10
2.753
  20
0.9346
  42
0
  0
VERTEX
  8
Top_Silk
  10
2.753
  20
0.9332
  42
0
  0
VERTEX
  8
Top_Silk
  10
2.7544
  20
0.9289
  42
0
  0
VERTEX
  8
Top_Silk
  10
2.7573
  20
0.9261
  42
0
  0
VERTEX
  8
Top_Silk
  10
2.7616
  20
0.9246
  42
0
  0
VERTEX
  8
Top_Silk
  10
2.763
  20
0.9246
  42
0
  0
VERTEX
  8
Top_Silk
  10
2.7673
  20
0.9261
  42
0
  0
VERTEX
  8
Top_Silk
  10
2.7702
  20
0.9289
  42
0
  0
VERTEX
  8
Top_Silk
  10
2.7716
  20
0.9332
  42
0
  0
SEQEND
  0
POLYLINE
  8
Top_Silk
  6
CONTINUOUS
  66
1
  70
0
  40
0.0023
  41
0.0023
  0
VERTEX
  8
Top_Silk
  10
2.7533
  20
0.9174
  42
1
  0
VERTEX
  8
Top_Silk
  10
2.7556
  20
0.9174
  42
1
  0
VERTEX
  8
Top_Silk
  10
2.7533
  20
0.9174
  42
1
  0
SEQEND
  0
POLYLINE
  8
Top_Silk
  6
CONTINUOUS
  66
1
  70
0
  40
0.0023
  41
0.0023
  0
VERTEX
  8
Top_Silk
  10
2.7705
  20
0.9332
  42
1
  0
VERTEX
  8
Top_Silk
  10
2.7728
  20
0.9332
  42
1
  0
VERTEX
  8
Top_Silk
  10
2.7705
  20
0.9332
  42
1
  0
SEQEND
  0
POLYLINE
  8
Top_Silk
  6
CONTINUOUS
  66
1
  70
0
  40
0.008
  41
0.008
  0
VERTEX
  8
Top_Silk
  10
3.1182
  20
0.8488
  42
0
  0
VERTEX
  8
Top_Silk
  10
3.1181
  20
0.898
  42
0
  0
VERTEX
  8
Top_Silk
  10
3.0118
  20
0.898
  42
0
  0
VERTEX
  8
Top_Silk
  10
3.0119
  20
0.8488
  42
0
  0
VERTEX
  8
Top_Silk
  10
3.1182
  20
0.8488
  42
0
  0
SEQEND
  0
POLYLINE
  8
Top_Silk
  6
CONTINUOUS
  66
1
  70
0
  40
0.0046
  41
0.0046
  0
VERTEX
  8
Top_Silk
  10
3.1044
  20
0.8192
  42
0
  0
VERTEX
  8
Top_Silk
  10
3.0915
  20
0.8192
  42
0
  0
VERTEX
  8
Top_Silk
  10
3.0872
  20
0.8178
  42
0
  0
VERTEX
  8
Top_Silk
  10
3.0857
  20
0.8163
  42
0
  0
VERTEX
  8
Top_Silk
  10
3.0843
  20
0.8135
  42
0
  0
VERTEX
  8
Top_Silk
  10
3.0843
  20
0.8106
  42
0
  0
VERTEX
  8
Top_Silk
  10
3.0857
  20
0.8077
  42
0
  0
VERTEX
  8
Top_Silk
  10
3.0872
  20
0.8063
  42
0
  0
VERTEX
  8
Top_Silk
  10
3.0915
  20
0.8049
  42
0
  0
VERTEX
  8
Top_Silk
  10
3.1044
  20
0.8049
  42
0
  0
VERTEX
  8
Top_Silk
  10
3.1044
  20
0.835
  42
0
  0
SEQEND
  0
POLYLINE
  8
Top_Silk
  6
CONTINUOUS
  66
1
  70
0
  40
0.0023
  41
0.0023
  0
VERTEX
  8
Top_Silk
  10
3.1033
  20
0.8192
  42
1
  0
VERTEX
  8
Top_Silk
  10
3.1056
  20
0.8192
  42
1
  0
VERTEX
  8
Top_Silk
  10
3.1033
  20
0.8192
  42
1
  0
SEQEND
  0
POLYLINE
  8
Top_Silk
  6
CONTINUOUS
  66
1
  70
0
  40
0.0023
  41
0.0023
  0
VERTEX
  8
Top_Silk
  10
3.1033
  20
0.835
  42
1
  0
VERTEX
  8
Top_Silk
  10
3.1056
  20
0.835
  42
1
  0
VERTEX
  8
Top_Silk
  10
3.1033
  20
0.835
  42
1
  0
SEQEND
  0
POLYLINE
  8
Top_Silk
  6
CONTINUOUS
  66
1
  70
0
  40
0.0046
  41
0.0046
  0
VERTEX
  8
Top_Silk
  10
3.0944
  20
0.8192
  42
0
  0
VERTEX
  8
Top_Silk
  10
3.0843
  20
0.835
  42
0
  0
SEQEND
  0
POLYLINE
  8
Top_Silk
  6
CONTINUOUS
  66
1
  70
0
  40
0.0023
  41
0.0023
  0
VERTEX
  8
Top_Silk
  10
3.0932
  20
0.8192
  42
1
  0
VERTEX
  8
Top_Silk
  10
3.0955
  20
0.8192
  42
1
  0
VERTEX
  8
Top_Silk
  10
3.0932
  20
0.8192
  42
1
  0
SEQEND
  0
POLYLINE
  8
Top_Silk
  6
CONTINUOUS
  66
1
  70
0
  40
0.0023
  41
0.0023
  0
VERTEX
  8
Top_Silk
  10
3.0832
  20
0.835
  42
1
  0
VERTEX
  8
Top_Silk
  10
3.0855
  20
0.835
  42
1
  0
VERTEX
  8
Top_Silk
  10
3.0832
  20
0.835
  42
1
  0
SEQEND
  0
POLYLINE
  8
Top_Silk
  6
CONTINUOUS
  66
1
  70
0
  40
0.0046
  41
0.0046
  0
VERTEX
  8
Top_Silk
  10
3.0736
  20
0.8121
  42
0
  0
VERTEX
  8
Top_Silk
  10
3.0736
  20
0.8106
  42
0
  0
VERTEX
  8
Top_Silk
  10
3.0722
  20
0.8077
  42
0
  0
VERTEX
  8
Top_Silk
  10
3.0707
  20
0.8063
  42
0
  0
VERTEX
  8
Top_Silk
  10
3.0679
  20
0.8049
  42
0
  0
VERTEX
  8
Top_Silk
  10
3.0621
  20
0.8049
  42
0
  0
VERTEX
  8
Top_Silk
  10
3.0593
  20
0.8063
  42
0
  0
VERTEX
  8
Top_Silk
  10
3.0578
  20
0.8077
  42
0
  0
VERTEX
  8
Top_Silk
  10
3.0564
  20
0.8106
  42
0
  0
VERTEX
  8
Top_Silk
  10
3.0564
  20
0.8135
  42
0
  0
VERTEX
  8
Top_Silk
  10
3.0578
  20
0.8164
  42
0
  0
VERTEX
  8
Top_Silk
  10
3.0607
  20
0.8206
  42
0
  0
VERTEX
  8
Top_Silk
  10
3.075
  20
0.835
  42
0
  0
VERTEX
  8
Top_Silk
  10
3.055
  20
0.835
  42
0
  0
SEQEND
  0
POLYLINE
  8
Top_Silk
  6
CONTINUOUS
  66
1
  70
0
  40
0.0023
  41
0.0023
  0
VERTEX
  8
Top_Silk
  10
3.0724
  20
0.8121
  42
1
  0
VERTEX
  8
Top_Silk
  10
3.0747
  20
0.8121
  42
1
  0
VERTEX
  8
Top_Silk
  10
3.0724
  20
0.8121
  42
1
  0
SEQEND
  0
POLYLINE
  8
Top_Silk
  6
CONTINUOUS
  66
1
  70
0
  40
0.0023
  41
0.0023
  0
VERTEX
  8
Top_Silk
  10
3.0538
  20
0.835
  42
1
  0
VERTEX
  8
Top_Silk
  10
3.0561
  20
0.835
  42
1
  0
VERTEX
  8
Top_Silk
  10
3.0538
  20
0.835
  42
1
  0
SEQEND
  0
POLYLINE
  8
Top_Silk
  6
CONTINUOUS
  66
1
  70
0
  40
0.0046
  41
0.0046
  0
VERTEX
  8
Top_Silk
  10
3.04
  20
0.835
  42
0
  0
VERTEX
  8
Top_Silk
  10
3.0256
  20
0.8049
  42
0
  0
VERTEX
  8
Top_Silk
  10
3.0457
  20
0.8049
  42
0
  0
SEQEND
  0
POLYLINE
  8
Top_Silk
  6
CONTINUOUS
  66
1
  70
0
  40
0.0023
  41
0.0023
  0
VERTEX
  8
Top_Silk
  10
3.0388
  20
0.835
  42
1
  0
VERTEX
  8
Top_Silk
  10
3.0411
  20
0.835
  42
1
  0
VERTEX
  8
Top_Silk
  10
3.0388
  20
0.835
  42
1
  0
SEQEND
  0
POLYLINE
  8
Top_Silk
  6
CONTINUOUS
  66
1
  70
0
  40
0.0023
  41
0.0023
  0
VERTEX
  8
Top_Silk
  10
3.0445
  20
0.8049
  42
1
  0
VERTEX
  8
Top_Silk
  10
3.0468
  20
0.8049
  42
1
  0
VERTEX
  8
Top_Silk
  10
3.0445
  20
0.8049
  42
1
  0
SEQEND
  0
POLYLINE
  8
Top_Silk
  6
CONTINUOUS
  66
1
  70
0
  40
0.008
  41
0.008
  0
VERTEX
  8
Top_Silk
  10
2.4496
  20
1.3681
  42
0
  0
VERTEX
  8
Top_Silk
  10
2.4004
  20
1.3681
  42
0
  0
VERTEX
  8
Top_Silk
  10
2.4004
  20
1.2619
  42
0
  0
VERTEX
  8
Top_Silk
  10
2.4496
  20
1.2619
  42
0
  0
VERTEX
  8
Top_Silk
  10
2.4496
  20
1.3681
  42
0
  0
SEQEND
  0
POLYLINE
  8
Top_Silk
  6
CONTINUOUS
  66
1
  70
0
  40
0.0046
  41
0.0046
  0
VERTEX
  8
Top_Silk
  10
2.3741
  20
1.2755
  42
0
  0
VERTEX
  8
Top_Silk
  10
2.3741
  20
1.2884
  42
0
  0
VERTEX
  8
Top_Silk
  10
2.3727
  20
1.2927
  42
0
  0
VERTEX
  8
Top_Silk
  10
2.3713
  20
1.2941
  42
0
  0
VERTEX
  8
Top_Silk
  10
2.3684
  20
1.2956
  42
0
  0
VERTEX
  8
Top_Silk
  10
2.3655
  20
1.2956
  42
0
  0
VERTEX
  8
Top_Silk
  10
2.3627
  20
1.2941
  42
0
  0
VERTEX
  8
Top_Silk
  10
2.3612
  20
1.2927
  42
0
  0
VERTEX
  8
Top_Silk
  10
2.3598
  20
1.2884
  42
0
  0
VERTEX
  8
Top_Silk
  10
2.3598
  20
1.2755
  42
0
  0
VERTEX
  8
Top_Silk
  10
2.3899
  20
1.2755
  42
0
  0
SEQEND
  0
POLYLINE
  8
Top_Silk
  6
CONTINUOUS
  66
1
  70
0
  40
0.0023
  41
0.0023
  0
VERTEX
  8
Top_Silk
  10
2.373
  20
1.2755
  42
1
  0
VERTEX
  8
Top_Silk
  10
2.3753
  20
1.2755
  42
1
  0
VERTEX
  8
Top_Silk
  10
2.373
  20
1.2755
  42
1
  0
SEQEND
  0
POLYLINE
  8
Top_Silk
  6
CONTINUOUS
  66
1
  70
0
  40
0.0023
  41
0.0023
  0
VERTEX
  8
Top_Silk
  10
2.3888
  20
1.2755
  42
1
  0
VERTEX
  8
Top_Silk
  10
2.3911
  20
1.2755
  42
1
  0
VERTEX
  8
Top_Silk
  10
2.3888
  20
1.2755
  42
1
  0
SEQEND
  0
POLYLINE
  8
Top_Silk
  6
CONTINUOUS
  66
1
  70
0
  40
0.0046
  41
0.0046
  0
VERTEX
  8
Top_Silk
  10
2.3741
  20
1.2855
  42
0
  0
VERTEX
  8
Top_Silk
  10
2.3899
  20
1.2956
  42
0
  0
SEQEND
  0
POLYLINE
  8
Top_Silk
  6
CONTINUOUS
  66
1
  70
0
  40
0.0023
  41
0.0023
  0
VERTEX
  8
Top_Silk
  10
2.373
  20
1.2855
  42
1
  0
VERTEX
  8
Top_Silk
  10
2.3753
  20
1.2855
  42
1
  0
VERTEX
  8
Top_Silk
  10
2.373
  20
1.2855
  42
1
  0
SEQEND
  0
POLYLINE
  8
Top_Silk
  6
CONTINUOUS
  66
1
  70
0
  40
0.0023
  41
0.0023
  0
VERTEX
  8
Top_Silk
  10
2.3888
  20
1.2956
  42
1
  0
VERTEX
  8
Top_Silk
  10
2.3911
  20
1.2956
  42
1
  0
VERTEX
  8
Top_Silk
  10
2.3888
  20
1.2956
  42
1
  0
SEQEND
  0
POLYLINE
  8
Top_Silk
  6
CONTINUOUS
  66
1
  70
0
  40
0.0046
  41
0.0046
  0
VERTEX
  8
Top_Silk
  10
2.367
  20
1.3063
  42
0
  0
VERTEX
  8
Top_Silk
  10
2.3656
  20
1.3063
  42
0
  0
VERTEX
  8
Top_Silk
  10
2.3627
  20
1.3077
  42
0
  0
VERTEX
  8
Top_Silk
  10
2.3612
  20
1.3091
  42
0
  0
VERTEX
  8
Top_Silk
  10
2.3598
  20
1.312
  42
0
  0
VERTEX
  8
Top_Silk
  10
2.3598
  20
1.3178
  42
0
  0
VERTEX
  8
Top_Silk
  10
2.3612
  20
1.3206
  42
0
  0
VERTEX
  8
Top_Silk
  10
2.3627
  20
1.322
  42
0
  0
VERTEX
  8
Top_Silk
  10
2.3656
  20
1.3235
  42
0
  0
VERTEX
  8
Top_Silk
  10
2.3684
  20
1.3235
  42
0
  0
VERTEX
  8
Top_Silk
  10
2.3713
  20
1.322
  42
0
  0
VERTEX
  8
Top_Silk
  10
2.3756
  20
1.3192
  42
0
  0
VERTEX
  8
Top_Silk
  10
2.3899
  20
1.3048
  42
0
  0
VERTEX
  8
Top_Silk
  10
2.3899
  20
1.3249
  42
0
  0
SEQEND
  0
POLYLINE
  8
Top_Silk
  6
CONTINUOUS
  66
1
  70
0
  40
0.0023
  41
0.0023
  0
VERTEX
  8
Top_Silk
  10
2.3658
  20
1.3063
  42
1
  0
VERTEX
  8
Top_Silk
  10
2.3681
  20
1.3063
  42
1
  0
VERTEX
  8
Top_Silk
  10
2.3658
  20
1.3063
  42
1
  0
SEQEND
  0
POLYLINE
  8
Top_Silk
  6
CONTINUOUS
  66
1
  70
0
  40
0.0023
  41
0.0023
  0
VERTEX
  8
Top_Silk
  10
2.3888
  20
1.3249
  42
1
  0
VERTEX
  8
Top_Silk
  10
2.3911
  20
1.3249
  42
1
  0
VERTEX
  8
Top_Silk
  10
2.3888
  20
1.3249
  42
1
  0
SEQEND
  0
POLYLINE
  8
Top_Silk
  6
CONTINUOUS
  66
1
  70
0
  40
0.0046
  41
0.0046
  0
VERTEX
  8
Top_Silk
  10
2.3598
  20
1.3413
  42
0
  0
VERTEX
  8
Top_Silk
  10
2.3612
  20
1.3371
  42
0
  0
VERTEX
  8
Top_Silk
  10
2.3641
  20
1.3356
  42
0
  0
VERTEX
  8
Top_Silk
  10
2.367
  20
1.3356
  42
0
  0
VERTEX
  8
Top_Silk
  10
2.3698
  20
1.3371
  42
0
  0
VERTEX
  8
Top_Silk
  10
2.3713
  20
1.3399
  42
0
  0
VERTEX
  8
Top_Silk
  10
2.3727
  20
1.3457
  42
0
  0
VERTEX
  8
Top_Silk
  10
2.3741
  20
1.35
  42
0
  0
VERTEX
  8
Top_Silk
  10
2.377
  20
1.3528
  42
0
  0
VERTEX
  8
Top_Silk
  10
2.3799
  20
1.3542
  42
0
  0
VERTEX
  8
Top_Silk
  10
2.3842
  20
1.3542
  42
0
  0
VERTEX
  8
Top_Silk
  10
2.387
  20
1.3528
  42
0
  0
VERTEX
  8
Top_Silk
  10
2.3885
  20
1.3514
  42
0
  0
VERTEX
  8
Top_Silk
  10
2.3899
  20
1.3471
  42
0
  0
VERTEX
  8
Top_Silk
  10
2.3899
  20
1.3413
  42
0
  0
VERTEX
  8
Top_Silk
  10
2.3885
  20
1.3371
  42
0
  0
VERTEX
  8
Top_Silk
  10
2.387
  20
1.3356
  42
0
  0
VERTEX
  8
Top_Silk
  10
2.3842
  20
1.3342
  42
0
  0
VERTEX
  8
Top_Silk
  10
2.3799
  20
1.3342
  42
0
  0
VERTEX
  8
Top_Silk
  10
2.377
  20
1.3356
  42
0
  0
VERTEX
  8
Top_Silk
  10
2.3741
  20
1.3385
  42
0
  0
VERTEX
  8
Top_Silk
  10
2.3727
  20
1.3428
  42
0
  0
VERTEX
  8
Top_Silk
  10
2.3713
  20
1.3485
  42
0
  0
VERTEX
  8
Top_Silk
  10
2.3698
  20
1.3514
  42
0
  0
VERTEX
  8
Top_Silk
  10
2.367
  20
1.3528
  42
0
  0
VERTEX
  8
Top_Silk
  10
2.3641
  20
1.3528
  42
0
  0
VERTEX
  8
Top_Silk
  10
2.3612
  20
1.3514
  42
0
  0
VERTEX
  8
Top_Silk
  10
2.3598
  20
1.3471
  42
0
  0
VERTEX
  8
Top_Silk
  10
2.3598
  20
1.3413
  42
0
  0
SEQEND
  0
POLYLINE
  8
Top_Silk
  6
CONTINUOUS
  66
1
  70
0
  40
0.0023
  41
0.0023
  0
VERTEX
  8
Top_Silk
  10
2.3587
  20
1.3413
  42
1
  0
VERTEX
  8
Top_Silk
  10
2.361
  20
1.3413
  42
1
  0
VERTEX
  8
Top_Silk
  10
2.3587
  20
1.3413
  42
1
  0
SEQEND
  0
POLYLINE
  8
Top_Silk
  6
CONTINUOUS
  66
1
  70
0
  40
0.008
  41
0.008
  0
VERTEX
  8
Top_Silk
  10
2.5146
  20
1.3681
  42
0
  0
VERTEX
  8
Top_Silk
  10
2.4654
  20
1.3681
  42
0
  0
VERTEX
  8
Top_Silk
  10
2.4654
  20
1.2619
  42
0
  0
VERTEX
  8
Top_Silk
  10
2.5146
  20
1.2619
  42
0
  0
VERTEX
  8
Top_Silk
  10
2.5146
  20
1.3681
  42
0
  0
SEQEND
  0
POLYLINE
  8
Top_Silk
  6
CONTINUOUS
  66
1
  70
0
  40
0.0046
  41
0.0046
  0
VERTEX
  8
Top_Silk
  10
2.5254
  20
1.2325
  42
0
  0
VERTEX
  8
Top_Silk
  10
2.5125
  20
1.2325
  42
0
  0
VERTEX
  8
Top_Silk
  10
2.5081
  20
1.231
  42
0
  0
VERTEX
  8
Top_Silk
  10
2.5067
  20
1.2296
  42
0
  0
VERTEX
  8
Top_Silk
  10
2.5053
  20
1.2267
  42
0
  0
VERTEX
  8
Top_Silk
  10
2.5053
  20
1.2239
  42
0
  0
VERTEX
  8
Top_Silk
  10
2.5067
  20
1.221
  42
0
  0
VERTEX
  8
Top_Silk
  10
2.5081
  20
1.2195
  42
0
  0
VERTEX
  8
Top_Silk
  10
2.5125
  20
1.2181
  42
0
  0
VERTEX
  8
Top_Silk
  10
2.5254
  20
1.2181
  42
0
  0
VERTEX
  8
Top_Silk
  10
2.5254
  20
1.2483
  42
0
  0
SEQEND
  0
POLYLINE
  8
Top_Silk
  6
CONTINUOUS
  66
1
  70
0
  40
0.0023
  41
0.0023
  0
VERTEX
  8
Top_Silk
  10
2.5242
  20
1.2325
  42
1
  0
VERTEX
  8
Top_Silk
  10
2.5265
  20
1.2325
  42
1
  0
VERTEX
  8
Top_Silk
  10
2.5242
  20
1.2325
  42
1
  0
SEQEND
  0
POLYLINE
  8
Top_Silk
  6
CONTINUOUS
  66
1
  70
0
  40
0.0023
  41
0.0023
  0
VERTEX
  8
Top_Silk
  10
2.5242
  20
1.2483
  42
1
  0
VERTEX
  8
Top_Silk
  10
2.5265
  20
1.2483
  42
1
  0
VERTEX
  8
Top_Silk
  10
2.5242
  20
1.2483
  42
1
  0
SEQEND
  0
POLYLINE
  8
Top_Silk
  6
CONTINUOUS
  66
1
  70
0
  40
0.0046
  41
0.0046
  0
VERTEX
  8
Top_Silk
  10
2.5153
  20
1.2325
  42
0
  0
VERTEX
  8
Top_Silk
  10
2.5053
  20
1.2483
  42
0
  0
SEQEND
  0
POLYLINE
  8
Top_Silk
  6
CONTINUOUS
  66
1
  70
0
  40
0.0023
  41
0.0023
  0
VERTEX
  8
Top_Silk
  10
2.5142
  20
1.2325
  42
1
  0
VERTEX
  8
Top_Silk
  10
2.5165
  20
1.2325
  42
1
  0
VERTEX
  8
Top_Silk
  10
2.5142
  20
1.2325
  42
1
  0
SEQEND
  0
POLYLINE
  8
Top_Silk
  6
CONTINUOUS
  66
1
  70
0
  40
0.0023
  41
0.0023
  0
VERTEX
  8
Top_Silk
  10
2.5041
  20
1.2483
  42
1
  0
VERTEX
  8
Top_Silk
  10
2.5064
  20
1.2483
  42
1
  0
VERTEX
  8
Top_Silk
  10
2.5041
  20
1.2483
  42
1
  0
SEQEND
  0
POLYLINE
  8
Top_Silk
  6
CONTINUOUS
  66
1
  70
0
  40
0.0046
  41
0.0046
  0
VERTEX
  8
Top_Silk
  10
2.4945
  20
1.2253
  42
0
  0
VERTEX
  8
Top_Silk
  10
2.4945
  20
1.2239
  42
0
  0
VERTEX
  8
Top_Silk
  10
2.4931
  20
1.221
  42
0
  0
VERTEX
  8
Top_Silk
  10
2.4917
  20
1.2196
  42
0
  0
VERTEX
  8
Top_Silk
  10
2.4888
  20
1.2182
  42
0
  0
VERTEX
  8
Top_Silk
  10
2.4831
  20
1.2182
  42
0
  0
VERTEX
  8
Top_Silk
  10
2.4802
  20
1.2196
  42
0
  0
VERTEX
  8
Top_Silk
  10
2.4788
  20
1.221
  42
0
  0
VERTEX
  8
Top_Silk
  10
2.4773
  20
1.2239
  42
0
  0
VERTEX
  8
Top_Silk
  10
2.4773
  20
1.2267
  42
0
  0
VERTEX
  8
Top_Silk
  10
2.4788
  20
1.2296
  42
0
  0
VERTEX
  8
Top_Silk
  10
2.4816
  20
1.2339
  42
0
  0
VERTEX
  8
Top_Silk
  10
2.496
  20
1.2483
  42
0
  0
VERTEX
  8
Top_Silk
  10
2.4759
  20
1.2483
  42
0
  0
SEQEND
  0
POLYLINE
  8
Top_Silk
  6
CONTINUOUS
  66
1
  70
0
  40
0.0023
  41
0.0023
  0
VERTEX
  8
Top_Silk
  10
2.4934
  20
1.2253
  42
1
  0
VERTEX
  8
Top_Silk
  10
2.4957
  20
1.2253
  42
1
  0
VERTEX
  8
Top_Silk
  10
2.4934
  20
1.2253
  42
1
  0
SEQEND
  0
POLYLINE
  8
Top_Silk
  6
CONTINUOUS
  66
1
  70
0
  40
0.0023
  41
0.0023
  0
VERTEX
  8
Top_Silk
  10
2.4747
  20
1.2483
  42
1
  0
VERTEX
  8
Top_Silk
  10
2.4771
  20
1.2483
  42
1
  0
VERTEX
  8
Top_Silk
  10
2.4747
  20
1.2483
  42
1
  0
SEQEND
  0
POLYLINE
  8
Top_Silk
  6
CONTINUOUS
  66
1
  70
0
  40
0.0046
  41
0.0046
  0
VERTEX
  8
Top_Silk
  10
2.448
  20
1.2282
  42
0
  0
VERTEX
  8
Top_Silk
  10
2.4494
  20
1.2325
  42
0
  0
VERTEX
  8
Top_Silk
  10
2.4523
  20
1.2354
  42
0
  0
VERTEX
  8
Top_Silk
  10
2.4566
  20
1.2368
  42
0
  0
VERTEX
  8
Top_Silk
  10
2.458
  20
1.2368
  42
0
  0
VERTEX
  8
Top_Silk
  10
2.4623
  20
1.2354
  42
0
  0
VERTEX
  8
Top_Silk
  10
2.4652
  20
1.2325
  42
0
  0
VERTEX
  8
Top_Silk
  10
2.4666
  20
1.2282
  42
0
  0
VERTEX
  8
Top_Silk
  10
2.4666
  20
1.2267
  42
0
  0
VERTEX
  8
Top_Silk
  10
2.4652
  20
1.2224
  42
0
  0
VERTEX
  8
Top_Silk
  10
2.4623
  20
1.2196
  42
0
  0
VERTEX
  8
Top_Silk
  10
2.458
  20
1.2182
  42
0
  0
VERTEX
  8
Top_Silk
  10
2.4566
  20
1.2182
  42
0
  0
VERTEX
  8
Top_Silk
  10
2.4523
  20
1.2196
  42
0
  0
VERTEX
  8
Top_Silk
  10
2.4494
  20
1.2224
  42
0
  0
VERTEX
  8
Top_Silk
  10
2.448
  20
1.2282
  42
0
  0
VERTEX
  8
Top_Silk
  10
2.448
  20
1.2354
  42
0
  0
VERTEX
  8
Top_Silk
  10
2.4494
  20
1.2425
  42
0
  0
VERTEX
  8
Top_Silk
  10
2.4523
  20
1.2468
  42
0
  0
VERTEX
  8
Top_Silk
  10
2.4566
  20
1.2483
  42
0
  0
VERTEX
  8
Top_Silk
  10
2.4594
  20
1.2483
  42
0
  0
VERTEX
  8
Top_Silk
  10
2.4638
  20
1.2468
  42
0
  0
VERTEX
  8
Top_Silk
  10
2.4652
  20
1.244
  42
0
  0
SEQEND
  0
POLYLINE
  8
Top_Silk
  6
CONTINUOUS
  66
1
  70
0
  40
0.0023
  41
0.0023
  0
VERTEX
  8
Top_Silk
  10
2.4468
  20
1.2282
  42
1
  0
VERTEX
  8
Top_Silk
  10
2.4491
  20
1.2282
  42
1
  0
VERTEX
  8
Top_Silk
  10
2.4468
  20
1.2282
  42
1
  0
SEQEND
  0
POLYLINE
  8
Top_Silk
  6
CONTINUOUS
  66
1
  70
0
  40
0.0023
  41
0.0023
  0
VERTEX
  8
Top_Silk
  10
2.464
  20
1.244
  42
1
  0
VERTEX
  8
Top_Silk
  10
2.4663
  20
1.244
  42
1
  0
VERTEX
  8
Top_Silk
  10
2.464
  20
1.244
  42
1
  0
SEQEND
  0
POLYLINE
  8
Top_Silk
  6
CONTINUOUS
  66
1
  70
0
  40
0.008
  41
0.008
  0
VERTEX
  8
Top_Silk
  10
2.8032
  20
1.1654
  42
0
  0
VERTEX
  8
Top_Silk
  10
2.8031
  20
1.2146
  42
0
  0
VERTEX
  8
Top_Silk
  10
2.6968
  20
1.2146
  42
0
  0
VERTEX
  8
Top_Silk
  10
2.6969
  20
1.1654
  42
0
  0
VERTEX
  8
Top_Silk
  10
2.8032
  20
1.1654
  42
0
  0
SEQEND
  0
POLYLINE
  8
Top_Silk
  6
CONTINUOUS
  66
1
  70
0
  40
0.0046
  41
0.0046
  0
VERTEX
  8
Top_Silk
  10
2.7894
  20
1.1358
  42
0
  0
VERTEX
  8
Top_Silk
  10
2.7765
  20
1.1358
  42
0
  0
VERTEX
  8
Top_Silk
  10
2.7722
  20
1.1344
  42
0
  0
VERTEX
  8
Top_Silk
  10
2.7707
  20
1.1329
  42
0
  0
VERTEX
  8
Top_Silk
  10
2.7693
  20
1.1301
  42
0
  0
VERTEX
  8
Top_Silk
  10
2.7693
  20
1.1272
  42
0
  0
VERTEX
  8
Top_Silk
  10
2.7707
  20
1.1243
  42
0
  0
VERTEX
  8
Top_Silk
  10
2.7722
  20
1.1229
  42
0
  0
VERTEX
  8
Top_Silk
  10
2.7765
  20
1.1215
  42
0
  0
VERTEX
  8
Top_Silk
  10
2.7894
  20
1.1215
  42
0
  0
VERTEX
  8
Top_Silk
  10
2.7894
  20
1.1516
  42
0
  0
SEQEND
  0
POLYLINE
  8
Top_Silk
  6
CONTINUOUS
  66
1
  70
0
  40
0.0023
  41
0.0023
  0
VERTEX
  8
Top_Silk
  10
2.7883
  20
1.1358
  42
1
  0
VERTEX
  8
Top_Silk
  10
2.7906
  20
1.1358
  42
1
  0
VERTEX
  8
Top_Silk
  10
2.7883
  20
1.1358
  42
1
  0
SEQEND
  0
POLYLINE
  8
Top_Silk
  6
CONTINUOUS
  66
1
  70
0
  40
0.0023
  41
0.0023
  0
VERTEX
  8
Top_Silk
  10
2.7883
  20
1.1516
  42
1
  0
VERTEX
  8
Top_Silk
  10
2.7906
  20
1.1516
  42
1
  0
VERTEX
  8
Top_Silk
  10
2.7883
  20
1.1516
  42
1
  0
SEQEND
  0
POLYLINE
  8
Top_Silk
  6
CONTINUOUS
  66
1
  70
0
  40
0.0046
  41
0.0046
  0
VERTEX
  8
Top_Silk
  10
2.7794
  20
1.1358
  42
0
  0
VERTEX
  8
Top_Silk
  10
2.7693
  20
1.1516
  42
0
  0
SEQEND
  0
POLYLINE
  8
Top_Silk
  6
CONTINUOUS
  66
1
  70
0
  40
0.0023
  41
0.0023
  0
VERTEX
  8
Top_Silk
  10
2.7782
  20
1.1358
  42
1
  0
VERTEX
  8
Top_Silk
  10
2.7805
  20
1.1358
  42
1
  0
VERTEX
  8
Top_Silk
  10
2.7782
  20
1.1358
  42
1
  0
SEQEND
  0
POLYLINE
  8
Top_Silk
  6
CONTINUOUS
  66
1
  70
0
  40
0.0023
  41
0.0023
  0
VERTEX
  8
Top_Silk
  10
2.7682
  20
1.1516
  42
1
  0
VERTEX
  8
Top_Silk
  10
2.7705
  20
1.1516
  42
1
  0
VERTEX
  8
Top_Silk
  10
2.7682
  20
1.1516
  42
1
  0
SEQEND
  0
POLYLINE
  8
Top_Silk
  6
CONTINUOUS
  66
1
  70
0
  40
0.0046
  41
0.0046
  0
VERTEX
  8
Top_Silk
  10
2.7572
  20
1.1215
  42
0
  0
VERTEX
  8
Top_Silk
  10
2.7414
  20
1.1215
  42
0
  0
VERTEX
  8
Top_Silk
  10
2.75
  20
1.133
  42
0
  0
VERTEX
  8
Top_Silk
  10
2.7457
  20
1.133
  42
0
  0
VERTEX
  8
Top_Silk
  10
2.7428
  20
1.1344
  42
0
  0
VERTEX
  8
Top_Silk
  10
2.7414
  20
1.1358
  42
0
  0
VERTEX
  8
Top_Silk
  10
2.74
  20
1.1401
  42
0
  0
VERTEX
  8
Top_Silk
  10
2.74
  20
1.143
  42
0
  0
VERTEX
  8
Top_Silk
  10
2.7414
  20
1.1473
  42
0
  0
VERTEX
  8
Top_Silk
  10
2.7443
  20
1.1502
  42
0
  0
VERTEX
  8
Top_Silk
  10
2.7486
  20
1.1516
  42
0
  0
VERTEX
  8
Top_Silk
  10
2.7529
  20
1.1516
  42
0
  0
VERTEX
  8
Top_Silk
  10
2.7572
  20
1.1502
  42
0
  0
VERTEX
  8
Top_Silk
  10
2.7586
  20
1.1487
  42
0
  0
VERTEX
  8
Top_Silk
  10
2.76
  20
1.1459
  42
0
  0
SEQEND
  0
POLYLINE
  8
Top_Silk
  6
CONTINUOUS
  66
1
  70
0
  40
0.0023
  41
0.0023
  0
VERTEX
  8
Top_Silk
  10
2.756
  20
1.1215
  42
1
  0
VERTEX
  8
Top_Silk
  10
2.7583
  20
1.1215
  42
1
  0
VERTEX
  8
Top_Silk
  10
2.756
  20
1.1215
  42
1
  0
SEQEND
  0
POLYLINE
  8
Top_Silk
  6
CONTINUOUS
  66
1
  70
0
  40
0.0023
  41
0.0023
  0
VERTEX
  8
Top_Silk
  10
2.7589
  20
1.1459
  42
1
  0
VERTEX
  8
Top_Silk
  10
2.7612
  20
1.1459
  42
1
  0
VERTEX
  8
Top_Silk
  10
2.7589
  20
1.1459
  42
1
  0
SEQEND
  0
POLYLINE
  8
Top_Silk
  6
CONTINUOUS
  66
1
  70
0
  40
0.0046
  41
0.0046
  0
VERTEX
  8
Top_Silk
  10
2.7221
  20
1.1215
  42
0
  0
VERTEX
  8
Top_Silk
  10
2.7264
  20
1.1229
  42
0
  0
VERTEX
  8
Top_Silk
  10
2.7293
  20
1.1272
  42
0
  0
VERTEX
  8
Top_Silk
  10
2.7307
  20
1.1344
  42
0
  0
VERTEX
  8
Top_Silk
  10
2.7307
  20
1.1387
  42
0
  0
VERTEX
  8
Top_Silk
  10
2.7293
  20
1.1459
  42
0
  0
VERTEX
  8
Top_Silk
  10
2.7264
  20
1.1502
  42
0
  0
VERTEX
  8
Top_Silk
  10
2.7221
  20
1.1516
  42
0
  0
VERTEX
  8
Top_Silk
  10
2.7192
  20
1.1516
  42
0
  0
VERTEX
  8
Top_Silk
  10
2.7149
  20
1.1502
  42
0
  0
VERTEX
  8
Top_Silk
  10
2.7121
  20
1.1459
  42
0
  0
VERTEX
  8
Top_Silk
  10
2.7106
  20
1.1387
  42
0
  0
VERTEX
  8
Top_Silk
  10
2.7106
  20
1.1344
  42
0
  0
VERTEX
  8
Top_Silk
  10
2.7121
  20
1.1272
  42
0
  0
VERTEX
  8
Top_Silk
  10
2.7149
  20
1.1229
  42
0
  0
VERTEX
  8
Top_Silk
  10
2.7192
  20
1.1215
  42
0
  0
VERTEX
  8
Top_Silk
  10
2.7221
  20
1.1215
  42
0
  0
SEQEND
  0
POLYLINE
  8
Top_Silk
  6
CONTINUOUS
  66
1
  70
0
  40
0.0023
  41
0.0023
  0
VERTEX
  8
Top_Silk
  10
2.7209
  20
1.1215
  42
1
  0
VERTEX
  8
Top_Silk
  10
2.7232
  20
1.1215
  42
1
  0
VERTEX
  8
Top_Silk
  10
2.7209
  20
1.1215
  42
1
  0
SEQEND
  0
POLYLINE
  8
Top_Silk
  6
CONTINUOUS
  66
1
  70
0
  40
0.0046
  41
0.0046
  0
VERTEX
  8
Top_Silk
  10
2.7121
  20
1.1272
  42
0
  0
VERTEX
  8
Top_Silk
  10
2.7293
  20
1.1459
  42
0
  0
SEQEND
  0
POLYLINE
  8
Top_Silk
  6
CONTINUOUS
  66
1
  70
0
  40
0.0023
  41
0.0023
  0
VERTEX
  8
Top_Silk
  10
2.7109
  20
1.1272
  42
1
  0
VERTEX
  8
Top_Silk
  10
2.7132
  20
1.1272
  42
1
  0
VERTEX
  8
Top_Silk
  10
2.7109
  20
1.1272
  42
1
  0
SEQEND
  0
POLYLINE
  8
Top_Silk
  6
CONTINUOUS
  66
1
  70
0
  40
0.0023
  41
0.0023
  0
VERTEX
  8
Top_Silk
  10
2.7281
  20
1.1459
  42
1
  0
VERTEX
  8
Top_Silk
  10
2.7304
  20
1.1459
  42
1
  0
VERTEX
  8
Top_Silk
  10
2.7281
  20
1.1459
  42
1
  0
SEQEND
  0
POLYLINE
  8
Top_Silk
  6
CONTINUOUS
  66
1
  70
0
  40
0.008
  41
0.008
  0
VERTEX
  8
Top_Silk
  10
1.8696
  20
1.6282
  42
0
  0
VERTEX
  8
Top_Silk
  10
1.8204
  20
1.6281
  42
0
  0
VERTEX
  8
Top_Silk
  10
1.8204
  20
1.5218
  42
0
  0
VERTEX
  8
Top_Silk
  10
1.8696
  20
1.5219
  42
0
  0
VERTEX
  8
Top_Silk
  10
1.8696
  20
1.6282
  42
0
  0
SEQEND
  0
POLYLINE
  8
Top_Silk
  6
CONTINUOUS
  66
1
  70
0
  40
0.0046
  41
0.0046
  0
VERTEX
  8
Top_Silk
  10
1.7891
  20
1.542
  42
0
  0
VERTEX
  8
Top_Silk
  10
1.7891
  20
1.5549
  42
0
  0
VERTEX
  8
Top_Silk
  10
1.7877
  20
1.5593
  42
0
  0
VERTEX
  8
Top_Silk
  10
1.7863
  20
1.5607
  42
0
  0
VERTEX
  8
Top_Silk
  10
1.7834
  20
1.5621
  42
0
  0
VERTEX
  8
Top_Silk
  10
1.7805
  20
1.5621
  42
0
  0
VERTEX
  8
Top_Silk
  10
1.7777
  20
1.5607
  42
0
  0
VERTEX
  8
Top_Silk
  10
1.7762
  20
1.5593
  42
0
  0
VERTEX
  8
Top_Silk
  10
1.7748
  20
1.5549
  42
0
  0
VERTEX
  8
Top_Silk
  10
1.7748
  20
1.542
  42
0
  0
VERTEX
  8
Top_Silk
  10
1.8049
  20
1.542
  42
0
  0
SEQEND
  0
POLYLINE
  8
Top_Silk
  6
CONTINUOUS
  66
1
  70
0
  40
0.0023
  41
0.0023
  0
VERTEX
  8
Top_Silk
  10
1.788
  20
1.542
  42
1
  0
VERTEX
  8
Top_Silk
  10
1.7903
  20
1.542
  42
1
  0
VERTEX
  8
Top_Silk
  10
1.788
  20
1.542
  42
1
  0
SEQEND
  0
POLYLINE
  8
Top_Silk
  6
CONTINUOUS
  66
1
  70
0
  40
0.0023
  41
0.0023
  0
VERTEX
  8
Top_Silk
  10
1.8038
  20
1.542
  42
1
  0
VERTEX
  8
Top_Silk
  10
1.8061
  20
1.542
  42
1
  0
VERTEX
  8
Top_Silk
  10
1.8038
  20
1.542
  42
1
  0
SEQEND
  0
POLYLINE
  8
Top_Silk
  6
CONTINUOUS
  66
1
  70
0
  40
0.0046
  41
0.0046
  0
VERTEX
  8
Top_Silk
  10
1.7891
  20
1.5521
  42
0
  0
VERTEX
  8
Top_Silk
  10
1.8049
  20
1.5621
  42
0
  0
SEQEND
  0
POLYLINE
  8
Top_Silk
  6
CONTINUOUS
  66
1
  70
0
  40
0.0023
  41
0.0023
  0
VERTEX
  8
Top_Silk
  10
1.788
  20
1.5521
  42
1
  0
VERTEX
  8
Top_Silk
  10
1.7903
  20
1.5521
  42
1
  0
VERTEX
  8
Top_Silk
  10
1.788
  20
1.5521
  42
1
  0
SEQEND
  0
POLYLINE
  8
Top_Silk
  6
CONTINUOUS
  66
1
  70
0
  40
0.0023
  41
0.0023
  0
VERTEX
  8
Top_Silk
  10
1.8038
  20
1.5621
  42
1
  0
VERTEX
  8
Top_Silk
  10
1.8061
  20
1.5621
  42
1
  0
VERTEX
  8
Top_Silk
  10
1.8038
  20
1.5621
  42
1
  0
SEQEND
  0
POLYLINE
  8
Top_Silk
  6
CONTINUOUS
  66
1
  70
0
  40
0.0046
  41
0.0046
  0
VERTEX
  8
Top_Silk
  10
1.7748
  20
1.5743
  42
0
  0
VERTEX
  8
Top_Silk
  10
1.7748
  20
1.59
  42
0
  0
VERTEX
  8
Top_Silk
  10
1.7863
  20
1.5814
  42
0
  0
VERTEX
  8
Top_Silk
  10
1.7863
  20
1.5858
  42
0
  0
VERTEX
  8
Top_Silk
  10
1.7877
  20
1.5886
  42
0
  0
VERTEX
  8
Top_Silk
  10
1.7891
  20
1.59
  42
0
  0
VERTEX
  8
Top_Silk
  10
1.7935
  20
1.5915
  42
0
  0
VERTEX
  8
Top_Silk
  10
1.7963
  20
1.5915
  42
0
  0
VERTEX
  8
Top_Silk
  10
1.8006
  20
1.59
  42
0
  0
VERTEX
  8
Top_Silk
  10
1.8035
  20
1.5872
  42
0
  0
VERTEX
  8
Top_Silk
  10
1.8049
  20
1.5829
  42
0
  0
VERTEX
  8
Top_Silk
  10
1.8049
  20
1.5786
  42
0
  0
VERTEX
  8
Top_Silk
  10
1.8035
  20
1.5743
  42
0
  0
VERTEX
  8
Top_Silk
  10
1.802
  20
1.5729
  42
0
  0
VERTEX
  8
Top_Silk
  10
1.7992
  20
1.5714
  42
0
  0
SEQEND
  0
POLYLINE
  8
Top_Silk
  6
CONTINUOUS
  66
1
  70
0
  40
0.0023
  41
0.0023
  0
VERTEX
  8
Top_Silk
  10
1.7737
  20
1.5743
  42
1
  0
VERTEX
  8
Top_Silk
  10
1.776
  20
1.5743
  42
1
  0
VERTEX
  8
Top_Silk
  10
1.7737
  20
1.5743
  42
1
  0
SEQEND
  0
POLYLINE
  8
Top_Silk
  6
CONTINUOUS
  66
1
  70
0
  40
0.0023
  41
0.0023
  0
VERTEX
  8
Top_Silk
  10
1.798
  20
1.5714
  42
1
  0
VERTEX
  8
Top_Silk
  10
1.8003
  20
1.5714
  42
1
  0
VERTEX
  8
Top_Silk
  10
1.798
  20
1.5714
  42
1
  0
SEQEND
  0
POLYLINE
  8
Top_Silk
  6
CONTINUOUS
  66
1
  70
0
  40
0.0046
  41
0.0046
  0
VERTEX
  8
Top_Silk
  10
1.7806
  20
1.6008
  42
0
  0
VERTEX
  8
Top_Silk
  10
1.7791
  20
1.6036
  42
0
  0
VERTEX
  8
Top_Silk
  10
1.7748
  20
1.608
  42
0
  0
VERTEX
  8
Top_Silk
  10
1.8049
  20
1.608
  42
0
  0
SEQEND
  0
POLYLINE
  8
Top_Silk
  6
CONTINUOUS
  66
1
  70
0
  40
0.0023
  41
0.0023
  0
VERTEX
  8
Top_Silk
  10
1.7794
  20
1.6008
  42
1
  0
VERTEX
  8
Top_Silk
  10
1.7817
  20
1.6008
  42
1
  0
VERTEX
  8
Top_Silk
  10
1.7794
  20
1.6008
  42
1
  0
SEQEND
  0
POLYLINE
  8
Top_Silk
  6
CONTINUOUS
  66
1
  70
0
  40
0.0023
  41
0.0023
  0
VERTEX
  8
Top_Silk
  10
1.8038
  20
1.608
  42
1
  0
VERTEX
  8
Top_Silk
  10
1.8061
  20
1.608
  42
1
  0
VERTEX
  8
Top_Silk
  10
1.8038
  20
1.608
  42
1
  0
SEQEND
  0
POLYLINE
  8
Top_Silk
  6
CONTINUOUS
  66
1
  70
0
  40
0.008
  41
0.008
  0
VERTEX
  8
Top_Silk
  10
1.9346
  20
1.6281
  42
0
  0
VERTEX
  8
Top_Silk
  10
1.8854
  20
1.6281
  42
0
  0
VERTEX
  8
Top_Silk
  10
1.8854
  20
1.5219
  42
0
  0
VERTEX
  8
Top_Silk
  10
1.9346
  20
1.5219
  42
0
  0
VERTEX
  8
Top_Silk
  10
1.9346
  20
1.6281
  42
0
  0
SEQEND
  0
POLYLINE
  8
Top_Silk
  6
CONTINUOUS
  66
1
  70
0
  40
0.0046
  41
0.0046
  0
VERTEX
  8
Top_Silk
  10
1.9075
  20
1.6406
  42
0
  0
VERTEX
  8
Top_Silk
  10
1.9075
  20
1.6535
  42
0
  0
VERTEX
  8
Top_Silk
  10
1.906
  20
1.6578
  42
0
  0
VERTEX
  8
Top_Silk
  10
1.9046
  20
1.6593
  42
0
  0
VERTEX
  8
Top_Silk
  10
1.9017
  20
1.6607
  42
0
  0
VERTEX
  8
Top_Silk
  10
1.8989
  20
1.6607
  42
0
  0
VERTEX
  8
Top_Silk
  10
1.896
  20
1.6593
  42
0
  0
VERTEX
  8
Top_Silk
  10
1.8945
  20
1.6578
  42
0
  0
VERTEX
  8
Top_Silk
  10
1.8931
  20
1.6535
  42
0
  0
VERTEX
  8
Top_Silk
  10
1.8931
  20
1.6406
  42
0
  0
VERTEX
  8
Top_Silk
  10
1.9233
  20
1.6406
  42
0
  0
SEQEND
  0
POLYLINE
  8
Top_Silk
  6
CONTINUOUS
  66
1
  70
0
  40
0.0023
  41
0.0023
  0
VERTEX
  8
Top_Silk
  10
1.9063
  20
1.6406
  42
1
  0
VERTEX
  8
Top_Silk
  10
1.9086
  20
1.6406
  42
1
  0
VERTEX
  8
Top_Silk
  10
1.9063
  20
1.6406
  42
1
  0
SEQEND
  0
POLYLINE
  8
Top_Silk
  6
CONTINUOUS
  66
1
  70
0
  40
0.0023
  41
0.0023
  0
VERTEX
  8
Top_Silk
  10
1.9221
  20
1.6406
  42
1
  0
VERTEX
  8
Top_Silk
  10
1.9244
  20
1.6406
  42
1
  0
VERTEX
  8
Top_Silk
  10
1.9221
  20
1.6406
  42
1
  0
SEQEND
  0
POLYLINE
  8
Top_Silk
  6
CONTINUOUS
  66
1
  70
0
  40
0.0046
  41
0.0046
  0
VERTEX
  8
Top_Silk
  10
1.9075
  20
1.6506
  42
0
  0
VERTEX
  8
Top_Silk
  10
1.9233
  20
1.6607
  42
0
  0
SEQEND
  0
POLYLINE
  8
Top_Silk
  6
CONTINUOUS
  66
1
  70
0
  40
0.0023
  41
0.0023
  0
VERTEX
  8
Top_Silk
  10
1.9063
  20
1.6506
  42
1
  0
VERTEX
  8
Top_Silk
  10
1.9086
  20
1.6506
  42
1
  0
VERTEX
  8
Top_Silk
  10
1.9063
  20
1.6506
  42
1
  0
SEQEND
  0
POLYLINE
  8
Top_Silk
  6
CONTINUOUS
  66
1
  70
0
  40
0.0023
  41
0.0023
  0
VERTEX
  8
Top_Silk
  10
1.9221
  20
1.6607
  42
1
  0
VERTEX
  8
Top_Silk
  10
1.9244
  20
1.6607
  42
1
  0
VERTEX
  8
Top_Silk
  10
1.9221
  20
1.6607
  42
1
  0
SEQEND
  0
POLYLINE
  8
Top_Silk
  6
CONTINUOUS
  66
1
  70
0
  40
0.0046
  41
0.0046
  0
VERTEX
  8
Top_Silk
  10
1.8932
  20
1.6728
  42
0
  0
VERTEX
  8
Top_Silk
  10
1.8932
  20
1.6886
  42
0
  0
VERTEX
  8
Top_Silk
  10
1.9046
  20
1.68
  42
0
  0
VERTEX
  8
Top_Silk
  10
1.9046
  20
1.6843
  42
0
  0
VERTEX
  8
Top_Silk
  10
1.9061
  20
1.6872
  42
0
  0
VERTEX
  8
Top_Silk
  10
1.9075
  20
1.6886
  42
0
  0
VERTEX
  8
Top_Silk
  10
1.9118
  20
1.69
  42
0
  0
VERTEX
  8
Top_Silk
  10
1.9146
  20
1.69
  42
0
  0
VERTEX
  8
Top_Silk
  10
1.919
  20
1.6886
  42
0
  0
VERTEX
  8
Top_Silk
  10
1.9218
  20
1.6857
  42
0
  0
VERTEX
  8
Top_Silk
  10
1.9233
  20
1.6814
  42
0
  0
VERTEX
  8
Top_Silk
  10
1.9233
  20
1.6771
  42
0
  0
VERTEX
  8
Top_Silk
  10
1.9218
  20
1.6728
  42
0
  0
VERTEX
  8
Top_Silk
  10
1.9204
  20
1.6714
  42
0
  0
VERTEX
  8
Top_Silk
  10
1.9175
  20
1.67
  42
0
  0
SEQEND
  0
POLYLINE
  8
Top_Silk
  6
CONTINUOUS
  66
1
  70
0
  40
0.0023
  41
0.0023
  0
VERTEX
  8
Top_Silk
  10
1.892
  20
1.6728
  42
1
  0
VERTEX
  8
Top_Silk
  10
1.8943
  20
1.6728
  42
1
  0
VERTEX
  8
Top_Silk
  10
1.892
  20
1.6728
  42
1
  0
SEQEND
  0
POLYLINE
  8
Top_Silk
  6
CONTINUOUS
  66
1
  70
0
  40
0.0023
  41
0.0023
  0
VERTEX
  8
Top_Silk
  10
1.9164
  20
1.67
  42
1
  0
VERTEX
  8
Top_Silk
  10
1.9187
  20
1.67
  42
1
  0
VERTEX
  8
Top_Silk
  10
1.9164
  20
1.67
  42
1
  0
SEQEND
  0
POLYLINE
  8
Top_Silk
  6
CONTINUOUS
  66
1
  70
0
  40
0.0046
  41
0.0046
  0
VERTEX
  8
Top_Silk
  10
1.9003
  20
1.7008
  42
0
  0
VERTEX
  8
Top_Silk
  10
1.8989
  20
1.7008
  42
0
  0
VERTEX
  8
Top_Silk
  10
1.896
  20
1.7022
  42
0
  0
VERTEX
  8
Top_Silk
  10
1.8946
  20
1.7036
  42
0
  0
VERTEX
  8
Top_Silk
  10
1.8932
  20
1.7065
  42
0
  0
VERTEX
  8
Top_Silk
  10
1.8932
  20
1.7122
  42
0
  0
VERTEX
  8
Top_Silk
  10
1.8946
  20
1.7151
  42
0
  0
VERTEX
  8
Top_Silk
  10
1.896
  20
1.7165
  42
0
  0
VERTEX
  8
Top_Silk
  10
1.8989
  20
1.718
  42
0
  0
VERTEX
  8
Top_Silk
  10
1.9017
  20
1.718
  42
0
  0
VERTEX
  8
Top_Silk
  10
1.9046
  20
1.7165
  42
0
  0
VERTEX
  8
Top_Silk
  10
1.9089
  20
1.7137
  42
0
  0
VERTEX
  8
Top_Silk
  10
1.9233
  20
1.6993
  42
0
  0
VERTEX
  8
Top_Silk
  10
1.9233
  20
1.7194
  42
0
  0
SEQEND
  0
POLYLINE
  8
Top_Silk
  6
CONTINUOUS
  66
1
  70
0
  40
0.0023
  41
0.0023
  0
VERTEX
  8
Top_Silk
  10
1.8992
  20
1.7008
  42
1
  0
VERTEX
  8
Top_Silk
  10
1.9015
  20
1.7008
  42
1
  0
VERTEX
  8
Top_Silk
  10
1.8992
  20
1.7008
  42
1
  0
SEQEND
  0
POLYLINE
  8
Top_Silk
  6
CONTINUOUS
  66
1
  70
0
  40
0.0023
  41
0.0023
  0
VERTEX
  8
Top_Silk
  10
1.9221
  20
1.7194
  42
1
  0
VERTEX
  8
Top_Silk
  10
1.9244
  20
1.7194
  42
1
  0
VERTEX
  8
Top_Silk
  10
1.9221
  20
1.7194
  42
1
  0
SEQEND
  0
POLYLINE
  8
Top_Silk
  6
CONTINUOUS
  66
1
  70
0
  40
0.0047
  41
0.0047
  0
VERTEX
  8
Top_Silk
  10
3.655
  20
0.9925
  42
0
  0
VERTEX
  8
Top_Silk
  10
3.6495
  20
0.9928
  42
0
  0
VERTEX
  8
Top_Silk
  10
3.644
  20
0.9939
  42
0
  0
VERTEX
  8
Top_Silk
  10
3.6387
  20
0.9957
  42
0
  0
VERTEX
  8
Top_Silk
  10
3.6337
  20
0.9982
  42
0
  0
VERTEX
  8
Top_Silk
  10
3.6291
  20
1.0013
  42
0
  0
VERTEX
  8
Top_Silk
  10
3.6249
  20
1.0049
  42
0
  0
VERTEX
  8
Top_Silk
  10
3.6213
  20
1.0091
  42
0
  0
VERTEX
  8
Top_Silk
  10
3.6182
  20
1.0137
  42
0
  0
VERTEX
  8
Top_Silk
  10
3.6157
  20
1.0187
  42
0
  0
VERTEX
  8
Top_Silk
  10
3.6139
  20
1.024
  42
0
  0
VERTEX
  8
Top_Silk
  10
3.6128
  20
1.0295
  42
0
  0
VERTEX
  8
Top_Silk
  10
3.6125
  20
1.035
  42
0
  0
VERTEX
  8
Top_Silk
  10
3.6128
  20
1.0405
  42
0
  0
VERTEX
  8
Top_Silk
  10
3.6139
  20
1.046
  42
0
  0
VERTEX
  8
Top_Silk
  10
3.6157
  20
1.0513
  42
0
  0
VERTEX
  8
Top_Silk
  10
3.6182
  20
1.0563
  42
0
  0
VERTEX
  8
Top_Silk
  10
3.6213
  20
1.0609
  42
0
  0
VERTEX
  8
Top_Silk
  10
3.6249
  20
1.0651
  42
0
  0
VERTEX
  8
Top_Silk
  10
3.6291
  20
1.0687
  42
0
  0
VERTEX
  8
Top_Silk
  10
3.6337
  20
1.0718
  42
0
  0
VERTEX
  8
Top_Silk
  10
3.6387
  20
1.0743
  42
0
  0
VERTEX
  8
Top_Silk
  10
3.644
  20
1.0761
  42
0
  0
VERTEX
  8
Top_Silk
  10
3.6495
  20
1.0772
  42
0
  0
VERTEX
  8
Top_Silk
  10
3.655
  20
1.0775
  42
0
  0
VERTEX
  8
Top_Silk
  10
3.655
  20
1.0775
  42
0
  0
VERTEX
  8
Top_Silk
  10
3.6605
  20
1.0772
  42
0
  0
VERTEX
  8
Top_Silk
  10
3.666
  20
1.0761
  42
0
  0
VERTEX
  8
Top_Silk
  10
3.6713
  20
1.0743
  42
0
  0
VERTEX
  8
Top_Silk
  10
3.6763
  20
1.0718
  42
0
  0
VERTEX
  8
Top_Silk
  10
3.6809
  20
1.0687
  42
0
  0
VERTEX
  8
Top_Silk
  10
3.6851
  20
1.0651
  42
0
  0
VERTEX
  8
Top_Silk
  10
3.6887
  20
1.0609
  42
0
  0
VERTEX
  8
Top_Silk
  10
3.6918
  20
1.0563
  42
0
  0
VERTEX
  8
Top_Silk
  10
3.6943
  20
1.0513
  42
0
  0
VERTEX
  8
Top_Silk
  10
3.6961
  20
1.046
  42
0
  0
VERTEX
  8
Top_Silk
  10
3.6972
  20
1.0405
  42
0
  0
VERTEX
  8
Top_Silk
  10
3.6975
  20
1.035
  42
0
  0
VERTEX
  8
Top_Silk
  10
3.6972
  20
1.0295
  42
0
  0
VERTEX
  8
Top_Silk
  10
3.6961
  20
1.024
  42
0
  0
VERTEX
  8
Top_Silk
  10
3.6943
  20
1.0187
  42
0
  0
VERTEX
  8
Top_Silk
  10
3.6918
  20
1.0137
  42
0
  0
VERTEX
  8
Top_Silk
  10
3.6887
  20
1.0091
  42
0
  0
VERTEX
  8
Top_Silk
  10
3.6851
  20
1.0049
  42
0
  0
VERTEX
  8
Top_Silk
  10
3.6809
  20
1.0013
  42
0
  0
VERTEX
  8
Top_Silk
  10
3.6763
  20
0.9982
  42
0
  0
VERTEX
  8
Top_Silk
  10
3.6713
  20
0.9957
  42
0
  0
VERTEX
  8
Top_Silk
  10
3.666
  20
0.9939
  42
0
  0
VERTEX
  8
Top_Silk
  10
3.6605
  20
0.9928
  42
0
  0
VERTEX
  8
Top_Silk
  10
3.655
  20
0.9925
  42
0
  0
VERTEX
  8
Top_Silk
  10
3.655
  20
0.9925
  42
0
  0
SEQEND
  0
POLYLINE
  8
Top_Silk
  6
CONTINUOUS
  66
1
  70
0
  40
0.0046
  41
0.0046
  0
VERTEX
  8
Top_Silk
  10
3.4893
  20
1.0325
  42
0
  0
VERTEX
  8
Top_Silk
  10
3.5022
  20
1.0325
  42
0
  0
VERTEX
  8
Top_Silk
  10
3.5065
  20
1.034
  42
0
  0
VERTEX
  8
Top_Silk
  10
3.508
  20
1.0354
  42
0
  0
VERTEX
  8
Top_Silk
  10
3.5094
  20
1.0383
  42
0
  0
VERTEX
  8
Top_Silk
  10
3.5094
  20
1.0411
  42
0
  0
VERTEX
  8
Top_Silk
  10
3.508
  20
1.044
  42
0
  0
VERTEX
  8
Top_Silk
  10
3.5065
  20
1.0455
  42
0
  0
VERTEX
  8
Top_Silk
  10
3.5022
  20
1.0469
  42
0
  0
VERTEX
  8
Top_Silk
  10
3.4893
  20
1.0469
  42
0
  0
VERTEX
  8
Top_Silk
  10
3.4893
  20
1.0167
  42
0
  0
SEQEND
  0
POLYLINE
  8
Top_Silk
  6
CONTINUOUS
  66
1
  70
0
  40
0.0023
  41
0.0023
  0
VERTEX
  8
Top_Silk
  10
3.4881
  20
1.0325
  42
1
  0
VERTEX
  8
Top_Silk
  10
3.4905
  20
1.0325
  42
1
  0
VERTEX
  8
Top_Silk
  10
3.4881
  20
1.0325
  42
1
  0
SEQEND
  0
POLYLINE
  8
Top_Silk
  6
CONTINUOUS
  66
1
  70
0
  40
0.0023
  41
0.0023
  0
VERTEX
  8
Top_Silk
  10
3.4881
  20
1.0167
  42
1
  0
VERTEX
  8
Top_Silk
  10
3.4905
  20
1.0167
  42
1
  0
VERTEX
  8
Top_Silk
  10
3.4881
  20
1.0167
  42
1
  0
SEQEND
  0
POLYLINE
  8
Top_Silk
  6
CONTINUOUS
  66
1
  70
0
  40
0.0046
  41
0.0046
  0
VERTEX
  8
Top_Silk
  10
3.4993
  20
1.0325
  42
0
  0
VERTEX
  8
Top_Silk
  10
3.5094
  20
1.0167
  42
0
  0
SEQEND
  0
POLYLINE
  8
Top_Silk
  6
CONTINUOUS
  66
1
  70
0
  40
0.0023
  41
0.0023
  0
VERTEX
  8
Top_Silk
  10
3.4982
  20
1.0325
  42
1
  0
VERTEX
  8
Top_Silk
  10
3.5005
  20
1.0325
  42
1
  0
VERTEX
  8
Top_Silk
  10
3.4982
  20
1.0325
  42
1
  0
SEQEND
  0
POLYLINE
  8
Top_Silk
  6
CONTINUOUS
  66
1
  70
0
  40
0.0023
  41
0.0023
  0
VERTEX
  8
Top_Silk
  10
3.5082
  20
1.0167
  42
1
  0
VERTEX
  8
Top_Silk
  10
3.5105
  20
1.0167
  42
1
  0
VERTEX
  8
Top_Silk
  10
3.5082
  20
1.0167
  42
1
  0
SEQEND
  0
POLYLINE
  8
Top_Silk
  6
CONTINUOUS
  66
1
  70
0
  40
0.0046
  41
0.0046
  0
VERTEX
  8
Top_Silk
  10
3.5273
  20
1.0469
  42
0
  0
VERTEX
  8
Top_Silk
  10
3.5244
  20
1.0455
  42
0
  0
VERTEX
  8
Top_Silk
  10
3.5215
  20
1.0426
  42
0
  0
VERTEX
  8
Top_Silk
  10
3.5201
  20
1.0397
  42
0
  0
VERTEX
  8
Top_Silk
  10
3.5187
  20
1.0354
  42
0
  0
VERTEX
  8
Top_Silk
  10
3.5187
  20
1.0282
  42
0
  0
VERTEX
  8
Top_Silk
  10
3.5201
  20
1.0239
  42
0
  0
VERTEX
  8
Top_Silk
  10
3.5215
  20
1.021
  42
0
  0
VERTEX
  8
Top_Silk
  10
3.5244
  20
1.0182
  42
0
  0
VERTEX
  8
Top_Silk
  10
3.5273
  20
1.0167
  42
0
  0
VERTEX
  8
Top_Silk
  10
3.533
  20
1.0167
  42
0
  0
VERTEX
  8
Top_Silk
  10
3.5359
  20
1.0182
  42
0
  0
VERTEX
  8
Top_Silk
  10
3.5388
  20
1.021
  42
0
  0
VERTEX
  8
Top_Silk
  10
3.5402
  20
1.0239
  42
0
  0
VERTEX
  8
Top_Silk
  10
3.5416
  20
1.0282
  42
0
  0
VERTEX
  8
Top_Silk
  10
3.5416
  20
1.0354
  42
0
  0
VERTEX
  8
Top_Silk
  10
3.5402
  20
1.0397
  42
0
  0
VERTEX
  8
Top_Silk
  10
3.5388
  20
1.0426
  42
0
  0
VERTEX
  8
Top_Silk
  10
3.5359
  20
1.0455
  42
0
  0
VERTEX
  8
Top_Silk
  10
3.533
  20
1.0469
  42
0
  0
VERTEX
  8
Top_Silk
  10
3.5273
  20
1.0469
  42
0
  0
SEQEND
  0
POLYLINE
  8
Top_Silk
  6
CONTINUOUS
  66
1
  70
0
  40
0.0023
  41
0.0023
  0
VERTEX
  8
Top_Silk
  10
3.5261
  20
1.0469
  42
1
  0
VERTEX
  8
Top_Silk
  10
3.5284
  20
1.0469
  42
1
  0
VERTEX
  8
Top_Silk
  10
3.5261
  20
1.0469
  42
1
  0
SEQEND
  0
POLYLINE
  8
Top_Silk
  6
CONTINUOUS
  66
1
  70
0
  40
0.0046
  41
0.0046
  0
VERTEX
  8
Top_Silk
  10
3.5509
  20
1.0469
  42
0
  0
VERTEX
  8
Top_Silk
  10
3.5509
  20
1.0254
  42
0
  0
VERTEX
  8
Top_Silk
  10
3.5523
  20
1.021
  42
0
  0
VERTEX
  8
Top_Silk
  10
3.5552
  20
1.0182
  42
0
  0
VERTEX
  8
Top_Silk
  10
3.5595
  20
1.0167
  42
0
  0
VERTEX
  8
Top_Silk
  10
3.5623
  20
1.0167
  42
0
  0
VERTEX
  8
Top_Silk
  10
3.5667
  20
1.0182
  42
0
  0
VERTEX
  8
Top_Silk
  10
3.5695
  20
1.021
  42
0
  0
VERTEX
  8
Top_Silk
  10
3.571
  20
1.0254
  42
0
  0
VERTEX
  8
Top_Silk
  10
3.571
  20
1.0469
  42
0
  0
SEQEND
  0
POLYLINE
  8
Top_Silk
  6
CONTINUOUS
  66
1
  70
0
  40
0.0023
  41
0.0023
  0
VERTEX
  8
Top_Silk
  10
3.5497
  20
1.0469
  42
1
  0
VERTEX
  8
Top_Silk
  10
3.552
  20
1.0469
  42
1
  0
VERTEX
  8
Top_Silk
  10
3.5497
  20
1.0469
  42
1
  0
SEQEND
  0
POLYLINE
  8
Top_Silk
  6
CONTINUOUS
  66
1
  70
0
  40
0.0023
  41
0.0023
  0
VERTEX
  8
Top_Silk
  10
3.5698
  20
1.0469
  42
1
  0
VERTEX
  8
Top_Silk
  10
3.5721
  20
1.0469
  42
1
  0
VERTEX
  8
Top_Silk
  10
3.5698
  20
1.0469
  42
1
  0
SEQEND
  0
POLYLINE
  8
Top_Silk
  6
CONTINUOUS
  66
1
  70
0
  40
0.0046
  41
0.0046
  0
VERTEX
  8
Top_Silk
  10
3.5903
  20
1.0469
  42
0
  0
VERTEX
  8
Top_Silk
  10
3.5903
  20
1.0167
  42
0
  0
SEQEND
  0
POLYLINE
  8
Top_Silk
  6
CONTINUOUS
  66
1
  70
0
  40
0.0023
  41
0.0023
  0
VERTEX
  8
Top_Silk
  10
3.5891
  20
1.0469
  42
1
  0
VERTEX
  8
Top_Silk
  10
3.5914
  20
1.0469
  42
1
  0
VERTEX
  8
Top_Silk
  10
3.5891
  20
1.0469
  42
1
  0
SEQEND
  0
POLYLINE
  8
Top_Silk
  6
CONTINUOUS
  66
1
  70
0
  40
0.0023
  41
0.0023
  0
VERTEX
  8
Top_Silk
  10
3.5891
  20
1.0167
  42
1
  0
VERTEX
  8
Top_Silk
  10
3.5914
  20
1.0167
  42
1
  0
VERTEX
  8
Top_Silk
  10
3.5891
  20
1.0167
  42
1
  0
SEQEND
  0
POLYLINE
  8
Top_Silk
  6
CONTINUOUS
  66
1
  70
0
  40
0.0046
  41
0.0046
  0
VERTEX
  8
Top_Silk
  10
3.5802
  20
1.0469
  42
0
  0
VERTEX
  8
Top_Silk
  10
3.6003
  20
1.0469
  42
0
  0
SEQEND
  0
POLYLINE
  8
Top_Silk
  6
CONTINUOUS
  66
1
  70
0
  40
0.0023
  41
0.0023
  0
VERTEX
  8
Top_Silk
  10
3.5791
  20
1.0469
  42
1
  0
VERTEX
  8
Top_Silk
  10
3.5814
  20
1.0469
  42
1
  0
VERTEX
  8
Top_Silk
  10
3.5791
  20
1.0469
  42
1
  0
SEQEND
  0
POLYLINE
  8
Top_Silk
  6
CONTINUOUS
  66
1
  70
0
  40
0.0023
  41
0.0023
  0
VERTEX
  8
Top_Silk
  10
3.5992
  20
1.0469
  42
1
  0
VERTEX
  8
Top_Silk
  10
3.6015
  20
1.0469
  42
1
  0
VERTEX
  8
Top_Silk
  10
3.5992
  20
1.0469
  42
1
  0
SEQEND
  0
POLYLINE
  8
Top_Silk
  6
CONTINUOUS
  66
1
  70
0
  40
0.0047
  41
0.0047
  0
VERTEX
  8
Top_Silk
  10
3.655
  20
0.6925
  42
0
  0
VERTEX
  8
Top_Silk
  10
3.6495
  20
0.6928
  42
0
  0
VERTEX
  8
Top_Silk
  10
3.644
  20
0.6939
  42
0
  0
VERTEX
  8
Top_Silk
  10
3.6387
  20
0.6957
  42
0
  0
VERTEX
  8
Top_Silk
  10
3.6337
  20
0.6982
  42
0
  0
VERTEX
  8
Top_Silk
  10
3.6291
  20
0.7013
  42
0
  0
VERTEX
  8
Top_Silk
  10
3.6249
  20
0.7049
  42
0
  0
VERTEX
  8
Top_Silk
  10
3.6213
  20
0.7091
  42
0
  0
VERTEX
  8
Top_Silk
  10
3.6182
  20
0.7137
  42
0
  0
VERTEX
  8
Top_Silk
  10
3.6157
  20
0.7187
  42
0
  0
VERTEX
  8
Top_Silk
  10
3.6139
  20
0.724
  42
0
  0
VERTEX
  8
Top_Silk
  10
3.6128
  20
0.7295
  42
0
  0
VERTEX
  8
Top_Silk
  10
3.6125
  20
0.735
  42
0
  0
VERTEX
  8
Top_Silk
  10
3.6128
  20
0.7405
  42
0
  0
VERTEX
  8
Top_Silk
  10
3.6139
  20
0.746
  42
0
  0
VERTEX
  8
Top_Silk
  10
3.6157
  20
0.7513
  42
0
  0
VERTEX
  8
Top_Silk
  10
3.6182
  20
0.7563
  42
0
  0
VERTEX
  8
Top_Silk
  10
3.6213
  20
0.7609
  42
0
  0
VERTEX
  8
Top_Silk
  10
3.6249
  20
0.7651
  42
0
  0
VERTEX
  8
Top_Silk
  10
3.6291
  20
0.7687
  42
0
  0
VERTEX
  8
Top_Silk
  10
3.6337
  20
0.7718
  42
0
  0
VERTEX
  8
Top_Silk
  10
3.6387
  20
0.7743
  42
0
  0
VERTEX
  8
Top_Silk
  10
3.644
  20
0.7761
  42
0
  0
VERTEX
  8
Top_Silk
  10
3.6495
  20
0.7772
  42
0
  0
VERTEX
  8
Top_Silk
  10
3.655
  20
0.7775
  42
0
  0
VERTEX
  8
Top_Silk
  10
3.655
  20
0.7775
  42
0
  0
VERTEX
  8
Top_Silk
  10
3.6605
  20
0.7772
  42
0
  0
VERTEX
  8
Top_Silk
  10
3.666
  20
0.7761
  42
0
  0
VERTEX
  8
Top_Silk
  10
3.6713
  20
0.7743
  42
0
  0
VERTEX
  8
Top_Silk
  10
3.6763
  20
0.7718
  42
0
  0
VERTEX
  8
Top_Silk
  10
3.6809
  20
0.7687
  42
0
  0
VERTEX
  8
Top_Silk
  10
3.6851
  20
0.7651
  42
0
  0
VERTEX
  8
Top_Silk
  10
3.6887
  20
0.7609
  42
0
  0
VERTEX
  8
Top_Silk
  10
3.6918
  20
0.7563
  42
0
  0
VERTEX
  8
Top_Silk
  10
3.6943
  20
0.7513
  42
0
  0
VERTEX
  8
Top_Silk
  10
3.6961
  20
0.746
  42
0
  0
VERTEX
  8
Top_Silk
  10
3.6972
  20
0.7405
  42
0
  0
VERTEX
  8
Top_Silk
  10
3.6975
  20
0.735
  42
0
  0
VERTEX
  8
Top_Silk
  10
3.6972
  20
0.7295
  42
0
  0
VERTEX
  8
Top_Silk
  10
3.6961
  20
0.724
  42
0
  0
VERTEX
  8
Top_Silk
  10
3.6943
  20
0.7187
  42
0
  0
VERTEX
  8
Top_Silk
  10
3.6918
  20
0.7137
  42
0
  0
VERTEX
  8
Top_Silk
  10
3.6887
  20
0.7091
  42
0
  0
VERTEX
  8
Top_Silk
  10
3.6851
  20
0.7049
  42
0
  0
VERTEX
  8
Top_Silk
  10
3.6809
  20
0.7013
  42
0
  0
VERTEX
  8
Top_Silk
  10
3.6763
  20
0.6982
  42
0
  0
VERTEX
  8
Top_Silk
  10
3.6713
  20
0.6957
  42
0
  0
VERTEX
  8
Top_Silk
  10
3.666
  20
0.6939
  42
0
  0
VERTEX
  8
Top_Silk
  10
3.6605
  20
0.6928
  42
0
  0
VERTEX
  8
Top_Silk
  10
3.655
  20
0.6925
  42
0
  0
VERTEX
  8
Top_Silk
  10
3.655
  20
0.6925
  42
0
  0
SEQEND
  0
POLYLINE
  8
Top_Silk
  6
CONTINUOUS
  66
1
  70
0
  40
0.0046
  41
0.0046
  0
VERTEX
  8
Top_Silk
  10
3.4934
  20
0.7926
  42
0
  0
VERTEX
  8
Top_Silk
  10
3.4905
  20
0.7955
  42
0
  0
VERTEX
  8
Top_Silk
  10
3.4862
  20
0.7969
  42
0
  0
VERTEX
  8
Top_Silk
  10
3.4805
  20
0.7969
  42
0
  0
VERTEX
  8
Top_Silk
  10
3.4762
  20
0.7955
  42
0
  0
VERTEX
  8
Top_Silk
  10
3.4733
  20
0.7926
  42
0
  0
VERTEX
  8
Top_Silk
  10
3.4733
  20
0.7897
  42
0
  0
VERTEX
  8
Top_Silk
  10
3.4747
  20
0.7868
  42
0
  0
VERTEX
  8
Top_Silk
  10
3.4762
  20
0.7854
  42
0
  0
VERTEX
  8
Top_Silk
  10
3.479
  20
0.784
  42
0
  0
VERTEX
  8
Top_Silk
  10
3.4876
  20
0.7811
  42
0
  0
VERTEX
  8
Top_Silk
  10
3.4905
  20
0.7797
  42
0
  0
VERTEX
  8
Top_Silk
  10
3.4919
  20
0.7782
  42
0
  0
VERTEX
  8
Top_Silk
  10
3.4934
  20
0.7754
  42
0
  0
VERTEX
  8
Top_Silk
  10
3.4934
  20
0.771
  42
0
  0
VERTEX
  8
Top_Silk
  10
3.4905
  20
0.7682
  42
0
  0
VERTEX
  8
Top_Silk
  10
3.4862
  20
0.7667
  42
0
  0
VERTEX
  8
Top_Silk
  10
3.4805
  20
0.7667
  42
0
  0
VERTEX
  8
Top_Silk
  10
3.4762
  20
0.7682
  42
0
  0
VERTEX
  8
Top_Silk
  10
3.4733
  20
0.771
  42
0
  0
SEQEND
  0
POLYLINE
  8
Top_Silk
  6
CONTINUOUS
  66
1
  70
0
  40
0.0023
  41
0.0023
  0
VERTEX
  8
Top_Silk
  10
3.4922
  20
0.7926
  42
1
  0
VERTEX
  8
Top_Silk
  10
3.4945
  20
0.7926
  42
1
  0
VERTEX
  8
Top_Silk
  10
3.4922
  20
0.7926
  42
1
  0
SEQEND
  0
POLYLINE
  8
Top_Silk
  6
CONTINUOUS
  66
1
  70
0
  40
0.0023
  41
0.0023
  0
VERTEX
  8
Top_Silk
  10
3.4721
  20
0.771
  42
1
  0
VERTEX
  8
Top_Silk
  10
3.4744
  20
0.771
  42
1
  0
VERTEX
  8
Top_Silk
  10
3.4721
  20
0.771
  42
1
  0
SEQEND
  0
POLYLINE
  8
Top_Silk
  6
CONTINUOUS
  66
1
  70
0
  40
0.0046
  41
0.0046
  0
VERTEX
  8
Top_Silk
  10
3.5213
  20
0.7969
  42
0
  0
VERTEX
  8
Top_Silk
  10
3.5026
  20
0.7969
  42
0
  0
VERTEX
  8
Top_Silk
  10
3.5026
  20
0.7667
  42
0
  0
VERTEX
  8
Top_Silk
  10
3.5213
  20
0.7667
  42
0
  0
SEQEND
  0
POLYLINE
  8
Top_Silk
  6
CONTINUOUS
  66
1
  70
0
  40
0.0023
  41
0.0023
  0
VERTEX
  8
Top_Silk
  10
3.5201
  20
0.7969
  42
1
  0
VERTEX
  8
Top_Silk
  10
3.5224
  20
0.7969
  42
1
  0
VERTEX
  8
Top_Silk
  10
3.5201
  20
0.7969
  42
1
  0
SEQEND
  0
POLYLINE
  8
Top_Silk
  6
CONTINUOUS
  66
1
  70
0
  40
0.0023
  41
0.0023
  0
VERTEX
  8
Top_Silk
  10
3.5201
  20
0.7667
  42
1
  0
VERTEX
  8
Top_Silk
  10
3.5224
  20
0.7667
  42
1
  0
VERTEX
  8
Top_Silk
  10
3.5201
  20
0.7667
  42
1
  0
SEQEND
  0
POLYLINE
  8
Top_Silk
  6
CONTINUOUS
  66
1
  70
0
  40
0.0046
  41
0.0046
  0
VERTEX
  8
Top_Silk
  10
3.5026
  20
0.7825
  42
0
  0
VERTEX
  8
Top_Silk
  10
3.5141
  20
0.7825
  42
0
  0
SEQEND
  0
POLYLINE
  8
Top_Silk
  6
CONTINUOUS
  66
1
  70
0
  40
0.0023
  41
0.0023
  0
VERTEX
  8
Top_Silk
  10
3.5015
  20
0.7825
  42
1
  0
VERTEX
  8
Top_Silk
  10
3.5038
  20
0.7825
  42
1
  0
VERTEX
  8
Top_Silk
  10
3.5015
  20
0.7825
  42
1
  0
SEQEND
  0
POLYLINE
  8
Top_Silk
  6
CONTINUOUS
  66
1
  70
0
  40
0.0023
  41
0.0023
  0
VERTEX
  8
Top_Silk
  10
3.513
  20
0.7825
  42
1
  0
VERTEX
  8
Top_Silk
  10
3.5153
  20
0.7825
  42
1
  0
VERTEX
  8
Top_Silk
  10
3.513
  20
0.7825
  42
1
  0
SEQEND
  0
POLYLINE
  8
Top_Silk
  6
CONTINUOUS
  66
1
  70
0
  40
0.0046
  41
0.0046
  0
VERTEX
  8
Top_Silk
  10
3.5506
  20
0.7969
  42
0
  0
VERTEX
  8
Top_Silk
  10
3.5506
  20
0.7667
  42
0
  0
VERTEX
  8
Top_Silk
  10
3.5305
  20
0.7969
  42
0
  0
VERTEX
  8
Top_Silk
  10
3.5305
  20
0.7667
  42
0
  0
SEQEND
  0
POLYLINE
  8
Top_Silk
  6
CONTINUOUS
  66
1
  70
0
  40
0.0023
  41
0.0023
  0
VERTEX
  8
Top_Silk
  10
3.5495
  20
0.7969
  42
1
  0
VERTEX
  8
Top_Silk
  10
3.5518
  20
0.7969
  42
1
  0
VERTEX
  8
Top_Silk
  10
3.5495
  20
0.7969
  42
1
  0
SEQEND
  0
POLYLINE
  8
Top_Silk
  6
CONTINUOUS
  66
1
  70
0
  40
0.0023
  41
0.0023
  0
VERTEX
  8
Top_Silk
  10
3.5294
  20
0.7667
  42
1
  0
VERTEX
  8
Top_Silk
  10
3.5317
  20
0.7667
  42
1
  0
VERTEX
  8
Top_Silk
  10
3.5294
  20
0.7667
  42
1
  0
SEQEND
  0
POLYLINE
  8
Top_Silk
  6
CONTINUOUS
  66
1
  70
0
  40
0.0046
  41
0.0046
  0
VERTEX
  8
Top_Silk
  10
3.58
  20
0.7926
  42
0
  0
VERTEX
  8
Top_Silk
  10
3.5771
  20
0.7955
  42
0
  0
VERTEX
  8
Top_Silk
  10
3.5728
  20
0.7969
  42
0
  0
VERTEX
  8
Top_Silk
  10
3.5671
  20
0.7969
  42
0
  0
VERTEX
  8
Top_Silk
  10
3.5628
  20
0.7955
  42
0
  0
VERTEX
  8
Top_Silk
  10
3.5599
  20
0.7926
  42
0
  0
VERTEX
  8
Top_Silk
  10
3.5599
  20
0.7897
  42
0
  0
VERTEX
  8
Top_Silk
  10
3.5614
  20
0.7868
  42
0
  0
VERTEX
  8
Top_Silk
  10
3.5628
  20
0.7854
  42
0
  0
VERTEX
  8
Top_Silk
  10
3.5656
  20
0.784
  42
0
  0
VERTEX
  8
Top_Silk
  10
3.5743
  20
0.7811
  42
0
  0
VERTEX
  8
Top_Silk
  10
3.5771
  20
0.7797
  42
0
  0
VERTEX
  8
Top_Silk
  10
3.5786
  20
0.7782
  42
0
  0
VERTEX
  8
Top_Silk
  10
3.58
  20
0.7754
  42
0
  0
VERTEX
  8
Top_Silk
  10
3.58
  20
0.771
  42
0
  0
VERTEX
  8
Top_Silk
  10
3.5771
  20
0.7682
  42
0
  0
VERTEX
  8
Top_Silk
  10
3.5728
  20
0.7667
  42
0
  0
VERTEX
  8
Top_Silk
  10
3.5671
  20
0.7667
  42
0
  0
VERTEX
  8
Top_Silk
  10
3.5628
  20
0.7682
  42
0
  0
VERTEX
  8
Top_Silk
  10
3.5599
  20
0.771
  42
0
  0
SEQEND
  0
POLYLINE
  8
Top_Silk
  6
CONTINUOUS
  66
1
  70
0
  40
0.0023
  41
0.0023
  0
VERTEX
  8
Top_Silk
  10
3.5788
  20
0.7926
  42
1
  0
VERTEX
  8
Top_Silk
  10
3.5811
  20
0.7926
  42
1
  0
VERTEX
  8
Top_Silk
  10
3.5788
  20
0.7926
  42
1
  0
SEQEND
  0
POLYLINE
  8
Top_Silk
  6
CONTINUOUS
  66
1
  70
0
  40
0.0023
  41
0.0023
  0
VERTEX
  8
Top_Silk
  10
3.5587
  20
0.771
  42
1
  0
VERTEX
  8
Top_Silk
  10
3.5611
  20
0.771
  42
1
  0
VERTEX
  8
Top_Silk
  10
3.5587
  20
0.771
  42
1
  0
SEQEND
  0
POLYLINE
  8
Top_Silk
  6
CONTINUOUS
  66
1
  70
0
  40
0.0046
  41
0.0046
  0
VERTEX
  8
Top_Silk
  10
3.6079
  20
0.7969
  42
0
  0
VERTEX
  8
Top_Silk
  10
3.5893
  20
0.7969
  42
0
  0
VERTEX
  8
Top_Silk
  10
3.5893
  20
0.7667
  42
0
  0
VERTEX
  8
Top_Silk
  10
3.6079
  20
0.7667
  42
0
  0
SEQEND
  0
POLYLINE
  8
Top_Silk
  6
CONTINUOUS
  66
1
  70
0
  40
0.0023
  41
0.0023
  0
VERTEX
  8
Top_Silk
  10
3.6067
  20
0.7969
  42
1
  0
VERTEX
  8
Top_Silk
  10
3.609
  20
0.7969
  42
1
  0
VERTEX
  8
Top_Silk
  10
3.6067
  20
0.7969
  42
1
  0
SEQEND
  0
POLYLINE
  8
Top_Silk
  6
CONTINUOUS
  66
1
  70
0
  40
0.0023
  41
0.0023
  0
VERTEX
  8
Top_Silk
  10
3.6067
  20
0.7667
  42
1
  0
VERTEX
  8
Top_Silk
  10
3.609
  20
0.7667
  42
1
  0
VERTEX
  8
Top_Silk
  10
3.6067
  20
0.7667
  42
1
  0
SEQEND
  0
POLYLINE
  8
Top_Silk
  6
CONTINUOUS
  66
1
  70
0
  40
0.0046
  41
0.0046
  0
VERTEX
  8
Top_Silk
  10
3.5893
  20
0.7825
  42
0
  0
VERTEX
  8
Top_Silk
  10
3.6007
  20
0.7825
  42
0
  0
SEQEND
  0
POLYLINE
  8
Top_Silk
  6
CONTINUOUS
  66
1
  70
0
  40
0.0023
  41
0.0023
  0
VERTEX
  8
Top_Silk
  10
3.5881
  20
0.7825
  42
1
  0
VERTEX
  8
Top_Silk
  10
3.5904
  20
0.7825
  42
1
  0
VERTEX
  8
Top_Silk
  10
3.5881
  20
0.7825
  42
1
  0
SEQEND
  0
POLYLINE
  8
Top_Silk
  6
CONTINUOUS
  66
1
  70
0
  40
0.0023
  41
0.0023
  0
VERTEX
  8
Top_Silk
  10
3.5996
  20
0.7825
  42
1
  0
VERTEX
  8
Top_Silk
  10
3.6019
  20
0.7825
  42
1
  0
VERTEX
  8
Top_Silk
  10
3.5996
  20
0.7825
  42
1
  0
SEQEND
  0
POLYLINE
  8
Top_Silk
  6
CONTINUOUS
  66
1
  70
0
  40
0.008
  41
0.008
  0
VERTEX
  8
Top_Silk
  10
0.6522
  20
1.8544
  42
0
  0
VERTEX
  8
Top_Silk
  10
0.6522
  20
1.7756
  42
0
  0
VERTEX
  8
Top_Silk
  10
1.5578
  20
1.7756
  42
0
  0
VERTEX
  8
Top_Silk
  10
1.5578
  20
1.8544
  42
0
  0
VERTEX
  8
Top_Silk
  10
0.6522
  20
1.8544
  42
0
  0
SEQEND
  0
POLYLINE
  8
Top_Silk
  6
CONTINUOUS
  66
1
  70
0
  40
0.0046
  41
0.0046
  0
VERTEX
  8
Top_Silk
  10
1.0878
  20
1.894
  42
0
  0
VERTEX
  8
Top_Silk
  10
1.085
  20
1.8969
  42
0
  0
VERTEX
  8
Top_Silk
  10
1.0807
  20
1.8983
  42
0
  0
VERTEX
  8
Top_Silk
  10
1.0749
  20
1.8983
  42
0
  0
VERTEX
  8
Top_Silk
  10
1.0706
  20
1.8969
  42
0
  0
VERTEX
  8
Top_Silk
  10
1.0677
  20
1.894
  42
0
  0
VERTEX
  8
Top_Silk
  10
1.0677
  20
1.8911
  42
0
  0
VERTEX
  8
Top_Silk
  10
1.0692
  20
1.8883
  42
0
  0
VERTEX
  8
Top_Silk
  10
1.0706
  20
1.8868
  42
0
  0
VERTEX
  8
Top_Silk
  10
1.0735
  20
1.8854
  42
0
  0
VERTEX
  8
Top_Silk
  10
1.0821
  20
1.8825
  42
0
  0
VERTEX
  8
Top_Silk
  10
1.085
  20
1.8811
  42
0
  0
VERTEX
  8
Top_Silk
  10
1.0864
  20
1.8796
  42
0
  0
VERTEX
  8
Top_Silk
  10
1.0878
  20
1.8768
  42
0
  0
VERTEX
  8
Top_Silk
  10
1.0878
  20
1.8725
  42
0
  0
VERTEX
  8
Top_Silk
  10
1.085
  20
1.8696
  42
0
  0
VERTEX
  8
Top_Silk
  10
1.0807
  20
1.8682
  42
0
  0
VERTEX
  8
Top_Silk
  10
1.0749
  20
1.8682
  42
0
  0
VERTEX
  8
Top_Silk
  10
1.0706
  20
1.8696
  42
0
  0
VERTEX
  8
Top_Silk
  10
1.0677
  20
1.8725
  42
0
  0
SEQEND
  0
POLYLINE
  8
Top_Silk
  6
CONTINUOUS
  66
1
  70
0
  40
0.0023
  41
0.0023
  0
VERTEX
  8
Top_Silk
  10
1.0867
  20
1.894
  42
1
  0
VERTEX
  8
Top_Silk
  10
1.089
  20
1.894
  42
1
  0
VERTEX
  8
Top_Silk
  10
1.0867
  20
1.894
  42
1
  0
SEQEND
  0
POLYLINE
  8
Top_Silk
  6
CONTINUOUS
  66
1
  70
0
  40
0.0023
  41
0.0023
  0
VERTEX
  8
Top_Silk
  10
1.0666
  20
1.8725
  42
1
  0
VERTEX
  8
Top_Silk
  10
1.0689
  20
1.8725
  42
1
  0
VERTEX
  8
Top_Silk
  10
1.0666
  20
1.8725
  42
1
  0
SEQEND
  0
POLYLINE
  8
Top_Silk
  6
CONTINUOUS
  66
1
  70
0
  40
0.0046
  41
0.0046
  0
VERTEX
  8
Top_Silk
  10
1.0971
  20
1.8983
  42
0
  0
VERTEX
  8
Top_Silk
  10
1.1043
  20
1.8682
  42
0
  0
VERTEX
  8
Top_Silk
  10
1.1114
  20
1.8983
  42
0
  0
VERTEX
  8
Top_Silk
  10
1.1186
  20
1.8682
  42
0
  0
VERTEX
  8
Top_Silk
  10
1.1258
  20
1.8983
  42
0
  0
SEQEND
  0
POLYLINE
  8
Top_Silk
  6
CONTINUOUS
  66
1
  70
0
  40
0.0023
  41
0.0023
  0
VERTEX
  8
Top_Silk
  10
1.0959
  20
1.8983
  42
1
  0
VERTEX
  8
Top_Silk
  10
1.0982
  20
1.8983
  42
1
  0
VERTEX
  8
Top_Silk
  10
1.0959
  20
1.8983
  42
1
  0
SEQEND
  0
POLYLINE
  8
Top_Silk
  6
CONTINUOUS
  66
1
  70
0
  40
0.0023
  41
0.0023
  0
VERTEX
  8
Top_Silk
  10
1.1247
  20
1.8983
  42
1
  0
VERTEX
  8
Top_Silk
  10
1.127
  20
1.8983
  42
1
  0
VERTEX
  8
Top_Silk
  10
1.1247
  20
1.8983
  42
1
  0
SEQEND
  0
POLYLINE
  8
Top_Silk
  6
CONTINUOUS
  66
1
  70
0
  40
0.0046
  41
0.0046
  0
VERTEX
  8
Top_Silk
  10
1.1351
  20
1.8925
  42
0
  0
VERTEX
  8
Top_Silk
  10
1.138
  20
1.894
  42
0
  0
VERTEX
  8
Top_Silk
  10
1.1423
  20
1.8983
  42
0
  0
VERTEX
  8
Top_Silk
  10
1.1423
  20
1.8682
  42
0
  0
SEQEND
  0
POLYLINE
  8
Top_Silk
  6
CONTINUOUS
  66
1
  70
0
  40
0.0023
  41
0.0023
  0
VERTEX
  8
Top_Silk
  10
1.1339
  20
1.8925
  42
1
  0
VERTEX
  8
Top_Silk
  10
1.1362
  20
1.8925
  42
1
  0
VERTEX
  8
Top_Silk
  10
1.1339
  20
1.8925
  42
1
  0
SEQEND
  0
POLYLINE
  8
Top_Silk
  6
CONTINUOUS
  66
1
  70
0
  40
0.0023
  41
0.0023
  0
VERTEX
  8
Top_Silk
  10
1.1411
  20
1.8682
  42
1
  0
VERTEX
  8
Top_Silk
  10
1.1434
  20
1.8682
  42
1
  0
VERTEX
  8
Top_Silk
  10
1.1411
  20
1.8682
  42
1
  0
SEQEND
  0
POLYLINE
  8
Top_Silk
  6
CONTINUOUS
  66
1
  70
0
  40
0.008
  41
0.008
  0
VERTEX
  8
Top_Silk
  10
3.0978
  20
1.7756
  42
0
  0
VERTEX
  8
Top_Silk
  10
3.0978
  20
1.8544
  42
0
  0
VERTEX
  8
Top_Silk
  10
2.1922
  20
1.8544
  42
0
  0
VERTEX
  8
Top_Silk
  10
2.1922
  20
1.7756
  42
0
  0
VERTEX
  8
Top_Silk
  10
3.0978
  20
1.7756
  42
0
  0
SEQEND
  0
POLYLINE
  8
Top_Silk
  6
CONTINUOUS
  66
1
  70
0
  40
0.0046
  41
0.0046
  0
VERTEX
  8
Top_Silk
  10
2.9364
  20
1.889
  42
0
  0
VERTEX
  8
Top_Silk
  10
2.9335
  20
1.8919
  42
0
  0
VERTEX
  8
Top_Silk
  10
2.9292
  20
1.8933
  42
0
  0
VERTEX
  8
Top_Silk
  10
2.9235
  20
1.8933
  42
0
  0
VERTEX
  8
Top_Silk
  10
2.9192
  20
1.8919
  42
0
  0
VERTEX
  8
Top_Silk
  10
2.9163
  20
1.889
  42
0
  0
VERTEX
  8
Top_Silk
  10
2.9163
  20
1.8861
  42
0
  0
VERTEX
  8
Top_Silk
  10
2.9177
  20
1.8833
  42
0
  0
VERTEX
  8
Top_Silk
  10
2.9192
  20
1.8818
  42
0
  0
VERTEX
  8
Top_Silk
  10
2.922
  20
1.8804
  42
0
  0
VERTEX
  8
Top_Silk
  10
2.9306
  20
1.8775
  42
0
  0
VERTEX
  8
Top_Silk
  10
2.9335
  20
1.8761
  42
0
  0
VERTEX
  8
Top_Silk
  10
2.935
  20
1.8746
  42
0
  0
VERTEX
  8
Top_Silk
  10
2.9364
  20
1.8718
  42
0
  0
VERTEX
  8
Top_Silk
  10
2.9364
  20
1.8675
  42
0
  0
VERTEX
  8
Top_Silk
  10
2.9335
  20
1.8646
  42
0
  0
VERTEX
  8
Top_Silk
  10
2.9292
  20
1.8632
  42
0
  0
VERTEX
  8
Top_Silk
  10
2.9235
  20
1.8632
  42
0
  0
VERTEX
  8
Top_Silk
  10
2.9192
  20
1.8646
  42
0
  0
VERTEX
  8
Top_Silk
  10
2.9163
  20
1.8675
  42
0
  0
SEQEND
  0
POLYLINE
  8
Top_Silk
  6
CONTINUOUS
  66
1
  70
0
  40
0.0023
  41
0.0023
  0
VERTEX
  8
Top_Silk
  10
2.9352
  20
1.889
  42
1
  0
VERTEX
  8
Top_Silk
  10
2.9375
  20
1.889
  42
1
  0
VERTEX
  8
Top_Silk
  10
2.9352
  20
1.889
  42
1
  0
SEQEND
  0
POLYLINE
  8
Top_Silk
  6
CONTINUOUS
  66
1
  70
0
  40
0.0023
  41
0.0023
  0
VERTEX
  8
Top_Silk
  10
2.9151
  20
1.8675
  42
1
  0
VERTEX
  8
Top_Silk
  10
2.9174
  20
1.8675
  42
1
  0
VERTEX
  8
Top_Silk
  10
2.9151
  20
1.8675
  42
1
  0
SEQEND
  0
POLYLINE
  8
Top_Silk
  6
CONTINUOUS
  66
1
  70
0
  40
0.0046
  41
0.0046
  0
VERTEX
  8
Top_Silk
  10
2.9456
  20
1.8933
  42
0
  0
VERTEX
  8
Top_Silk
  10
2.9528
  20
1.8632
  42
0
  0
VERTEX
  8
Top_Silk
  10
2.96
  20
1.8933
  42
0
  0
VERTEX
  8
Top_Silk
  10
2.9672
  20
1.8632
  42
0
  0
VERTEX
  8
Top_Silk
  10
2.9744
  20
1.8933
  42
0
  0
SEQEND
  0
POLYLINE
  8
Top_Silk
  6
CONTINUOUS
  66
1
  70
0
  40
0.0023
  41
0.0023
  0
VERTEX
  8
Top_Silk
  10
2.9445
  20
1.8933
  42
1
  0
VERTEX
  8
Top_Silk
  10
2.9468
  20
1.8933
  42
1
  0
VERTEX
  8
Top_Silk
  10
2.9445
  20
1.8933
  42
1
  0
SEQEND
  0
POLYLINE
  8
Top_Silk
  6
CONTINUOUS
  66
1
  70
0
  40
0.0023
  41
0.0023
  0
VERTEX
  8
Top_Silk
  10
2.9732
  20
1.8933
  42
1
  0
VERTEX
  8
Top_Silk
  10
2.9755
  20
1.8933
  42
1
  0
VERTEX
  8
Top_Silk
  10
2.9732
  20
1.8933
  42
1
  0
SEQEND
  0
POLYLINE
  8
Top_Silk
  6
CONTINUOUS
  66
1
  70
0
  40
0.0046
  41
0.0046
  0
VERTEX
  8
Top_Silk
  10
2.9851
  20
1.8861
  42
0
  0
VERTEX
  8
Top_Silk
  10
2.9851
  20
1.8875
  42
0
  0
VERTEX
  8
Top_Silk
  10
2.9865
  20
1.8904
  42
0
  0
VERTEX
  8
Top_Silk
  10
2.9879
  20
1.8918
  42
0
  0
VERTEX
  8
Top_Silk
  10
2.9908
  20
1.8933
  42
0
  0
VERTEX
  8
Top_Silk
  10
2.9966
  20
1.8933
  42
0
  0
VERTEX
  8
Top_Silk
  10
2.9994
  20
1.8918
  42
0
  0
VERTEX
  8
Top_Silk
  10
3.0008
  20
1.8904
  42
0
  0
VERTEX
  8
Top_Silk
  10
3.0023
  20
1.8875
  42
0
  0
VERTEX
  8
Top_Silk
  10
3.0023
  20
1.8847
  42
0
  0
VERTEX
  8
Top_Silk
  10
3.0008
  20
1.8818
  42
0
  0
VERTEX
  8
Top_Silk
  10
2.998
  20
1.8775
  42
0
  0
VERTEX
  8
Top_Silk
  10
2.9836
  20
1.8632
  42
0
  0
VERTEX
  8
Top_Silk
  10
3.0037
  20
1.8632
  42
0
  0
SEQEND
  0
POLYLINE
  8
Top_Silk
  6
CONTINUOUS
  66
1
  70
0
  40
0.0023
  41
0.0023
  0
VERTEX
  8
Top_Silk
  10
2.9839
  20
1.8861
  42
1
  0
VERTEX
  8
Top_Silk
  10
2.9862
  20
1.8861
  42
1
  0
VERTEX
  8
Top_Silk
  10
2.9839
  20
1.8861
  42
1
  0
SEQEND
  0
POLYLINE
  8
Top_Silk
  6
CONTINUOUS
  66
1
  70
0
  40
0.0023
  41
0.0023
  0
VERTEX
  8
Top_Silk
  10
3.0026
  20
1.8632
  42
1
  0
VERTEX
  8
Top_Silk
  10
3.0049
  20
1.8632
  42
1
  0
VERTEX
  8
Top_Silk
  10
3.0026
  20
1.8632
  42
1
  0
SEQEND
  0
POLYLINE
  8
Top_Silk
  6
CONTINUOUS
  66
1
  70
0
  40
0.008
  41
0.008
  0
VERTEX
  8
Top_Silk
  10
0.0088
  20
0.875
  42
0
  0
VERTEX
  8
Top_Silk
  10
0.245
  20
0.875
  42
0
  0
VERTEX
  8
Top_Silk
  10
0.245
  20
1.5837
  42
0
  0
VERTEX
  8
Top_Silk
  10
0.0088
  20
1.5837
  42
0
  0
VERTEX
  8
Top_Silk
  10
0.0088
  20
0.875
  42
0
  0
SEQEND
  0
POLYLINE
  8
Top_Silk
  6
CONTINUOUS
  66
1
  70
0
  40
0.008
  41
0.008
  0
VERTEX
  8
Top_Silk
  10
0.98
  20
0.8781
  42
0
  0
VERTEX
  8
Top_Silk
  10
1.005
  20
0.8781
  42
0
  0
SEQEND
  0
POLYLINE
  8
Top_Silk
  6
CONTINUOUS
  66
1
  70
0
  40
0.008
  41
0.008
  0
VERTEX
  8
Top_Silk
  10
1.0046
  20
0.8785
  42
0
  0
VERTEX
  8
Top_Silk
  10
1.0046
  20
0.9034
  42
0
  0
SEQEND
  0
POLYLINE
  8
Top_Silk
  6
CONTINUOUS
  66
1
  70
0
  40
0.008
  41
0.008
  0
VERTEX
  8
Top_Silk
  10
1.0049
  20
1.5745
  42
0
  0
VERTEX
  8
Top_Silk
  10
0.98
  20
1.5745
  42
0
  0
SEQEND
  0
POLYLINE
  8
Top_Silk
  6
CONTINUOUS
  66
1
  70
0
  40
0.008
  41
0.008
  0
VERTEX
  8
Top_Silk
  10
1.0065
  20
1.5745
  42
0
  0
VERTEX
  8
Top_Silk
  10
1.0065
  20
1.5495
  42
0
  0
SEQEND
  0
POLYLINE
  8
Top_Silk
  6
CONTINUOUS
  66
1
  70
0
  40
0.0046
  41
0.0046
  0
VERTEX
  8
Top_Silk
  10
0.0935
  20
1.6342
  42
0
  0
VERTEX
  8
Top_Silk
  10
0.0935
  20
1.6127
  42
0
  0
VERTEX
  8
Top_Silk
  10
0.0949
  20
1.6084
  42
0
  0
VERTEX
  8
Top_Silk
  10
0.0978
  20
1.6055
  42
0
  0
VERTEX
  8
Top_Silk
  10
0.1021
  20
1.6041
  42
0
  0
VERTEX
  8
Top_Silk
  10
0.1049
  20
1.6041
  42
0
  0
VERTEX
  8
Top_Silk
  10
0.1092
  20
1.6055
  42
0
  0
VERTEX
  8
Top_Silk
  10
0.1121
  20
1.6084
  42
0
  0
VERTEX
  8
Top_Silk
  10
0.1136
  20
1.6127
  42
0
  0
VERTEX
  8
Top_Silk
  10
0.1136
  20
1.6342
  42
0
  0
SEQEND
  0
POLYLINE
  8
Top_Silk
  6
CONTINUOUS
  66
1
  70
0
  40
0.0023
  41
0.0023
  0
VERTEX
  8
Top_Silk
  10
0.0923
  20
1.6342
  42
1
  0
VERTEX
  8
Top_Silk
  10
0.0946
  20
1.6342
  42
1
  0
VERTEX
  8
Top_Silk
  10
0.0923
  20
1.6342
  42
1
  0
SEQEND
  0
POLYLINE
  8
Top_Silk
  6
CONTINUOUS
  66
1
  70
0
  40
0.0023
  41
0.0023
  0
VERTEX
  8
Top_Silk
  10
0.1124
  20
1.6342
  42
1
  0
VERTEX
  8
Top_Silk
  10
0.1147
  20
1.6342
  42
1
  0
VERTEX
  8
Top_Silk
  10
0.1124
  20
1.6342
  42
1
  0
SEQEND
  0
POLYLINE
  8
Top_Silk
  6
CONTINUOUS
  66
1
  70
0
  40
0.0046
  41
0.0046
  0
VERTEX
  8
Top_Silk
  10
0.1228
  20
1.6285
  42
0
  0
VERTEX
  8
Top_Silk
  10
0.1257
  20
1.6299
  42
0
  0
VERTEX
  8
Top_Silk
  10
0.13
  20
1.6342
  42
0
  0
VERTEX
  8
Top_Silk
  10
0.13
  20
1.6041
  42
0
  0
SEQEND
  0
POLYLINE
  8
Top_Silk
  6
CONTINUOUS
  66
1
  70
0
  40
0.0023
  41
0.0023
  0
VERTEX
  8
Top_Silk
  10
0.1217
  20
1.6285
  42
1
  0
VERTEX
  8
Top_Silk
  10
0.124
  20
1.6285
  42
1
  0
VERTEX
  8
Top_Silk
  10
0.1217
  20
1.6285
  42
1
  0
SEQEND
  0
POLYLINE
  8
Top_Silk
  6
CONTINUOUS
  66
1
  70
0
  40
0.0023
  41
0.0023
  0
VERTEX
  8
Top_Silk
  10
0.1289
  20
1.6041
  42
1
  0
VERTEX
  8
Top_Silk
  10
0.1312
  20
1.6041
  42
1
  0
VERTEX
  8
Top_Silk
  10
0.1289
  20
1.6041
  42
1
  0
SEQEND
  0
POLYLINE
  8
Top_Silk
  6
CONTINUOUS
  66
1
  70
0
  40
0.0046
  41
0.0046
  0
VERTEX
  8
Top_Silk
  10
1.6303
  20
1.4339
  42
0
  0
VERTEX
  8
Top_Silk
  10
1.6303
  20
1.4123
  42
0
  0
VERTEX
  8
Top_Silk
  10
1.6317
  20
1.408
  42
0
  0
VERTEX
  8
Top_Silk
  10
1.6346
  20
1.4052
  42
0
  0
VERTEX
  8
Top_Silk
  10
1.6389
  20
1.4037
  42
0
  0
VERTEX
  8
Top_Silk
  10
1.6417
  20
1.4037
  42
0
  0
VERTEX
  8
Top_Silk
  10
1.6461
  20
1.4052
  42
0
  0
VERTEX
  8
Top_Silk
  10
1.6489
  20
1.408
  42
0
  0
VERTEX
  8
Top_Silk
  10
1.6504
  20
1.4123
  42
0
  0
VERTEX
  8
Top_Silk
  10
1.6504
  20
1.4339
  42
0
  0
SEQEND
  0
POLYLINE
  8
Top_Silk
  6
CONTINUOUS
  66
1
  70
0
  40
0.0023
  41
0.0023
  0
VERTEX
  8
Top_Silk
  10
1.6291
  20
1.4339
  42
1
  0
VERTEX
  8
Top_Silk
  10
1.6314
  20
1.4339
  42
1
  0
VERTEX
  8
Top_Silk
  10
1.6291
  20
1.4339
  42
1
  0
SEQEND
  0
POLYLINE
  8
Top_Silk
  6
CONTINUOUS
  66
1
  70
0
  40
0.0023
  41
0.0023
  0
VERTEX
  8
Top_Silk
  10
1.6492
  20
1.4339
  42
1
  0
VERTEX
  8
Top_Silk
  10
1.6515
  20
1.4339
  42
1
  0
VERTEX
  8
Top_Silk
  10
1.6492
  20
1.4339
  42
1
  0
SEQEND
  0
POLYLINE
  8
Top_Silk
  6
CONTINUOUS
  66
1
  70
0
  40
0.0046
  41
0.0046
  0
VERTEX
  8
Top_Silk
  10
1.6611
  20
1.4267
  42
0
  0
VERTEX
  8
Top_Silk
  10
1.6611
  20
1.4281
  42
0
  0
VERTEX
  8
Top_Silk
  10
1.6625
  20
1.431
  42
0
  0
VERTEX
  8
Top_Silk
  10
1.6639
  20
1.4324
  42
0
  0
VERTEX
  8
Top_Silk
  10
1.6668
  20
1.4338
  42
0
  0
VERTEX
  8
Top_Silk
  10
1.6726
  20
1.4338
  42
0
  0
VERTEX
  8
Top_Silk
  10
1.6754
  20
1.4324
  42
0
  0
VERTEX
  8
Top_Silk
  10
1.6768
  20
1.431
  42
0
  0
VERTEX
  8
Top_Silk
  10
1.6783
  20
1.4281
  42
0
  0
VERTEX
  8
Top_Silk
  10
1.6783
  20
1.4252
  42
0
  0
VERTEX
  8
Top_Silk
  10
1.6768
  20
1.4223
  42
0
  0
VERTEX
  8
Top_Silk
  10
1.674
  20
1.4181
  42
0
  0
VERTEX
  8
Top_Silk
  10
1.6596
  20
1.4037
  42
0
  0
VERTEX
  8
Top_Silk
  10
1.6797
  20
1.4037
  42
0
  0
SEQEND
  0
POLYLINE
  8
Top_Silk
  6
CONTINUOUS
  66
1
  70
0
  40
0.0023
  41
0.0023
  0
VERTEX
  8
Top_Silk
  10
1.6599
  20
1.4267
  42
1
  0
VERTEX
  8
Top_Silk
  10
1.6622
  20
1.4267
  42
1
  0
VERTEX
  8
Top_Silk
  10
1.6599
  20
1.4267
  42
1
  0
SEQEND
  0
POLYLINE
  8
Top_Silk
  6
CONTINUOUS
  66
1
  70
0
  40
0.0023
  41
0.0023
  0
VERTEX
  8
Top_Silk
  10
1.6786
  20
1.4037
  42
1
  0
VERTEX
  8
Top_Silk
  10
1.6809
  20
1.4037
  42
1
  0
VERTEX
  8
Top_Silk
  10
1.6786
  20
1.4037
  42
1
  0
SEQEND
  0
POLYLINE
  8
Top_Silk
  6
CONTINUOUS
  66
1
  70
0
  40
0.0
  41
0.0
  0
VERTEX
  8
Top_Silk
  10
2.9863
  20
2.2445
  42
0
  0
VERTEX
  8
Top_Silk
  10
2.9864
  20
2.2456
  42
0
  0
VERTEX
  8
Top_Silk
  10
2.9866
  20
2.2466
  42
0
  0
VERTEX
  8
Top_Silk
  10
2.9869
  20
2.2475
  42
0
  0
VERTEX
  8
Top_Silk
  10
2.9874
  20
2.2485
  42
0
  0
VERTEX
  8
Top_Silk
  10
2.988
  20
2.2493
  42
0
  0
VERTEX
  8
Top_Silk
  10
2.9886
  20
2.2501
  42
0
  0
VERTEX
  8
Top_Silk
  10
2.9894
  20
2.2508
  42
0
  0
VERTEX
  8
Top_Silk
  10
2.9903
  20
2.2513
  42
0
  0
VERTEX
  8
Top_Silk
  10
2.9912
  20
2.2518
  42
0
  0
VERTEX
  8
Top_Silk
  10
2.9922
  20
2.2521
  42
0
  0
VERTEX
  8
Top_Silk
  10
2.9932
  20
2.2523
  42
0
  0
VERTEX
  8
Top_Silk
  10
2.9942
  20
2.2524
  42
0
  0
VERTEX
  8
Top_Silk
  10
2.9952
  20
2.2523
  42
0
  0
VERTEX
  8
Top_Silk
  10
2.9963
  20
2.2521
  42
0
  0
VERTEX
  8
Top_Silk
  10
2.9972
  20
2.2518
  42
0
  0
VERTEX
  8
Top_Silk
  10
2.9982
  20
2.2513
  42
0
  0
VERTEX
  8
Top_Silk
  10
2.999
  20
2.2508
  42
0
  0
VERTEX
  8
Top_Silk
  10
2.9998
  20
2.2501
  42
0
  0
VERTEX
  8
Top_Silk
  10
3.0005
  20
2.2493
  42
0
  0
VERTEX
  8
Top_Silk
  10
3.001
  20
2.2485
  42
0
  0
VERTEX
  8
Top_Silk
  10
3.0015
  20
2.2475
  42
0
  0
VERTEX
  8
Top_Silk
  10
3.0018
  20
2.2466
  42
0
  0
VERTEX
  8
Top_Silk
  10
3.002
  20
2.2456
  42
0
  0
VERTEX
  8
Top_Silk
  10
3.0021
  20
2.2445
  42
0
  0
VERTEX
  8
Top_Silk
  10
3.0021
  20
2.2445
  42
0
  0
VERTEX
  8
Top_Silk
  10
3.002
  20
2.2435
  42
0
  0
VERTEX
  8
Top_Silk
  10
3.0018
  20
2.2425
  42
0
  0
VERTEX
  8
Top_Silk
  10
3.0015
  20
2.2415
  42
0
  0
VERTEX
  8
Top_Silk
  10
3.001
  20
2.2406
  42
0
  0
VERTEX
  8
Top_Silk
  10
3.0005
  20
2.2397
  42
0
  0
VERTEX
  8
Top_Silk
  10
2.9998
  20
2.239
  42
0
  0
VERTEX
  8
Top_Silk
  10
2.999
  20
2.2383
  42
0
  0
VERTEX
  8
Top_Silk
  10
2.9982
  20
2.2377
  42
0
  0
VERTEX
  8
Top_Silk
  10
2.9972
  20
2.2373
  42
0
  0
VERTEX
  8
Top_Silk
  10
2.9963
  20
2.2369
  42
0
  0
VERTEX
  8
Top_Silk
  10
2.9952
  20
2.2367
  42
0
  0
VERTEX
  8
Top_Silk
  10
2.9942
  20
2.2367
  42
0
  0
VERTEX
  8
Top_Silk
  10
2.9932
  20
2.2367
  42
0
  0
VERTEX
  8
Top_Silk
  10
2.9922
  20
2.2369
  42
0
  0
VERTEX
  8
Top_Silk
  10
2.9912
  20
2.2373
  42
0
  0
VERTEX
  8
Top_Silk
  10
2.9903
  20
2.2377
  42
0
  0
VERTEX
  8
Top_Silk
  10
2.9894
  20
2.2383
  42
0
  0
VERTEX
  8
Top_Silk
  10
2.9886
  20
2.239
  42
0
  0
VERTEX
  8
Top_Silk
  10
2.988
  20
2.2397
  42
0
  0
VERTEX
  8
Top_Silk
  10
2.9874
  20
2.2406
  42
0
  0
VERTEX
  8
Top_Silk
  10
2.9869
  20
2.2415
  42
0
  0
VERTEX
  8
Top_Silk
  10
2.9866
  20
2.2425
  42
0
  0
VERTEX
  8
Top_Silk
  10
2.9864
  20
2.2435
  42
0
  0
VERTEX
  8
Top_Silk
  10
2.9863
  20
2.2445
  42
0
  0
VERTEX
  8
Top_Silk
  10
2.9863
  20
2.2445
  42
0
  0
SEQEND
  0
POLYLINE
  8
Top_Silk
  6
CONTINUOUS
  66
1
  70
0
  40
0.005
  41
0.005
  0
VERTEX
  8
Top_Silk
  10
3.0306
  20
2.2626
  42
0
  0
VERTEX
  8
Top_Silk
  10
3.1094
  20
2.2626
  42
0
  0
SEQEND
  0
POLYLINE
  8
Top_Silk
  6
CONTINUOUS
  66
1
  70
0
  40
0.005
  41
0.005
  0
VERTEX
  8
Top_Silk
  10
3.0306
  20
2.1674
  42
0
  0
VERTEX
  8
Top_Silk
  10
3.1094
  20
2.1674
  42
0
  0
SEQEND
  0
POLYLINE
  8
Top_Silk
  6
CONTINUOUS
  66
1
  70
0
  40
0.0046
  41
0.0046
  0
VERTEX
  8
Top_Silk
  10
3.0403
  20
2.1572
  42
0
  0
VERTEX
  8
Top_Silk
  10
3.0403
  20
2.1357
  42
0
  0
VERTEX
  8
Top_Silk
  10
3.0418
  20
2.1314
  42
0
  0
VERTEX
  8
Top_Silk
  10
3.0447
  20
2.1285
  42
0
  0
VERTEX
  8
Top_Silk
  10
3.049
  20
2.127
  42
0
  0
VERTEX
  8
Top_Silk
  10
3.0518
  20
2.127
  42
0
  0
VERTEX
  8
Top_Silk
  10
3.0561
  20
2.1285
  42
0
  0
VERTEX
  8
Top_Silk
  10
3.059
  20
2.1314
  42
0
  0
VERTEX
  8
Top_Silk
  10
3.0604
  20
2.1357
  42
0
  0
VERTEX
  8
Top_Silk
  10
3.0604
  20
2.1572
  42
0
  0
SEQEND
  0
POLYLINE
  8
Top_Silk
  6
CONTINUOUS
  66
1
  70
0
  40
0.0023
  41
0.0023
  0
VERTEX
  8
Top_Silk
  10
3.0392
  20
2.1572
  42
1
  0
VERTEX
  8
Top_Silk
  10
3.0415
  20
2.1572
  42
1
  0
VERTEX
  8
Top_Silk
  10
3.0392
  20
2.1572
  42
1
  0
SEQEND
  0
POLYLINE
  8
Top_Silk
  6
CONTINUOUS
  66
1
  70
0
  40
0.0023
  41
0.0023
  0
VERTEX
  8
Top_Silk
  10
3.0593
  20
2.1572
  42
1
  0
VERTEX
  8
Top_Silk
  10
3.0616
  20
2.1572
  42
1
  0
VERTEX
  8
Top_Silk
  10
3.0593
  20
2.1572
  42
1
  0
SEQEND
  0
POLYLINE
  8
Top_Silk
  6
CONTINUOUS
  66
1
  70
0
  40
0.0046
  41
0.0046
  0
VERTEX
  8
Top_Silk
  10
3.0726
  20
2.1572
  42
0
  0
VERTEX
  8
Top_Silk
  10
3.0883
  20
2.1572
  42
0
  0
VERTEX
  8
Top_Silk
  10
3.0798
  20
2.1457
  42
0
  0
VERTEX
  8
Top_Silk
  10
3.0841
  20
2.1457
  42
0
  0
VERTEX
  8
Top_Silk
  10
3.0869
  20
2.1443
  42
0
  0
VERTEX
  8
Top_Silk
  10
3.0883
  20
2.1428
  42
0
  0
VERTEX
  8
Top_Silk
  10
3.0898
  20
2.1385
  42
0
  0
VERTEX
  8
Top_Silk
  10
3.0898
  20
2.1357
  42
0
  0
VERTEX
  8
Top_Silk
  10
3.0883
  20
2.1314
  42
0
  0
VERTEX
  8
Top_Silk
  10
3.0855
  20
2.1285
  42
0
  0
VERTEX
  8
Top_Silk
  10
3.0812
  20
2.127
  42
0
  0
VERTEX
  8
Top_Silk
  10
3.0769
  20
2.127
  42
0
  0
VERTEX
  8
Top_Silk
  10
3.0726
  20
2.1285
  42
0
  0
VERTEX
  8
Top_Silk
  10
3.0712
  20
2.1299
  42
0
  0
VERTEX
  8
Top_Silk
  10
3.0697
  20
2.1328
  42
0
  0
SEQEND
  0
POLYLINE
  8
Top_Silk
  6
CONTINUOUS
  66
1
  70
0
  40
0.0023
  41
0.0023
  0
VERTEX
  8
Top_Silk
  10
3.0714
  20
2.1572
  42
1
  0
VERTEX
  8
Top_Silk
  10
3.0738
  20
2.1572
  42
1
  0
VERTEX
  8
Top_Silk
  10
3.0714
  20
2.1572
  42
1
  0
SEQEND
  0
POLYLINE
  8
Top_Silk
  6
CONTINUOUS
  66
1
  70
0
  40
0.0023
  41
0.0023
  0
VERTEX
  8
Top_Silk
  10
3.0686
  20
2.1328
  42
1
  0
VERTEX
  8
Top_Silk
  10
3.0709
  20
2.1328
  42
1
  0
VERTEX
  8
Top_Silk
  10
3.0686
  20
2.1328
  42
1
  0
SEQEND
  0
POLYLINE
  8
Top_Silk
  6
CONTINUOUS
  66
1
  70
0
  40
0.0
  41
0.0
  0
VERTEX
  8
Top_Silk
  10
0.9272
  20
2.1965
  42
0
  0
VERTEX
  8
Top_Silk
  10
0.9272
  20
2.2065
  42
0
  0
VERTEX
  8
Top_Silk
  10
0.9422
  20
2.2065
  42
0
  0
VERTEX
  8
Top_Silk
  10
0.9422
  20
2.1965
  42
0
  0
VERTEX
  8
Top_Silk
  10
0.9272
  20
2.1965
  42
0
  0
VERTEX
  8
Top_Silk
  10
0.9272
  20
2.1965
  42
0
  0
SEQEND
  0
POLYLINE
  8
Top_Silk
  6
CONTINUOUS
  66
1
  70
0
  40
0.0
  41
0.0
  0
VERTEX
  8
Top_Silk
  10
0.9272
  20
2.1965
  42
0
  0
VERTEX
  8
Top_Silk
  10
0.9272
  20
2.2065
  42
0
  0
VERTEX
  8
Top_Silk
  10
0.9422
  20
2.2065
  42
0
  0
VERTEX
  8
Top_Silk
  10
0.9422
  20
2.1965
  42
0
  0
VERTEX
  8
Top_Silk
  10
0.9272
  20
2.1965
  42
0
  0
SEQEND
  0
POLYLINE
  8
Top_Silk
  6
CONTINUOUS
  66
1
  70
0
  40
0.006
  41
0.006
  0
VERTEX
  8
Top_Silk
  10
0.8685
  20
2.0885
  42
0
  0
VERTEX
  8
Top_Silk
  10
0.9615
  20
2.0885
  42
0
  0
SEQEND
  0
POLYLINE
  8
Top_Silk
  6
CONTINUOUS
  66
1
  70
0
  40
0.006
  41
0.006
  0
VERTEX
  8
Top_Silk
  10
0.9615
  20
2.0885
  42
0
  0
VERTEX
  8
Top_Silk
  10
0.9615
  20
2.1117
  42
0
  0
SEQEND
  0
POLYLINE
  8
Top_Silk
  6
CONTINUOUS
  66
1
  70
0
  40
0.006
  41
0.006
  0
VERTEX
  8
Top_Silk
  10
0.9615
  20
2.2015
  42
0
  0
VERTEX
  8
Top_Silk
  10
0.8685
  20
2.2015
  42
0
  0
SEQEND
  0
POLYLINE
  8
Top_Silk
  6
CONTINUOUS
  66
1
  70
0
  40
0.006
  41
0.006
  0
VERTEX
  8
Top_Silk
  10
0.8685
  20
2.2015
  42
0
  0
VERTEX
  8
Top_Silk
  10
0.8685
  20
2.0885
  42
0
  0
SEQEND
  0
POLYLINE
  8
Top_Silk
  6
CONTINUOUS
  66
1
  70
0
  40
0.006
  41
0.006
  0
VERTEX
  8
Top_Silk
  10
0.9615
  20
2.139
  42
0
  0
VERTEX
  8
Top_Silk
  10
0.9615
  20
2.151
  42
0
  0
SEQEND
  0
POLYLINE
  8
Top_Silk
  6
CONTINUOUS
  66
1
  70
0
  40
0.006
  41
0.006
  0
VERTEX
  8
Top_Silk
  10
0.9615
  20
2.1783
  42
0
  0
VERTEX
  8
Top_Silk
  10
0.9615
  20
2.2015
  42
0
  0
SEQEND
  0
TEXT
  8
Top_Silk
  10
0.9519
  20
2.1778
  40
0.0365
  41
0.7
  1
*
  50
360.0
  72
0
  73
3
  7
STANDARD
  71
0
  11
0.9519
  21
2.1778
  0
TEXT
  8
Top_Silk
  10
0.9519
  20
2.1778
  40
0.0365
  41
0.7
  1
*
  50
360.0
  72
0
  73
3
  7
STANDARD
  71
0
  11
0.9519
  21
2.1778
  0
POLYLINE
  8
Top_Silk
  6
CONTINUOUS
  66
1
  70
0
  40
0.0046
  41
0.0046
  0
VERTEX
  8
Top_Silk
  10
0.8796
  20
2.2504
  42
0
  0
VERTEX
  8
Top_Silk
  10
0.8796
  20
2.2289
  42
0
  0
VERTEX
  8
Top_Silk
  10
0.881
  20
2.2246
  42
0
  0
VERTEX
  8
Top_Silk
  10
0.8839
  20
2.2217
  42
0
  0
VERTEX
  8
Top_Silk
  10
0.8882
  20
2.2203
  42
0
  0
VERTEX
  8
Top_Silk
  10
0.891
  20
2.2203
  42
0
  0
VERTEX
  8
Top_Silk
  10
0.8953
  20
2.2217
  42
0
  0
VERTEX
  8
Top_Silk
  10
0.8982
  20
2.2246
  42
0
  0
VERTEX
  8
Top_Silk
  10
0.8997
  20
2.2289
  42
0
  0
VERTEX
  8
Top_Silk
  10
0.8997
  20
2.2504
  42
0
  0
SEQEND
  0
POLYLINE
  8
Top_Silk
  6
CONTINUOUS
  66
1
  70
0
  40
0.0023
  41
0.0023
  0
VERTEX
  8
Top_Silk
  10
0.8784
  20
2.2504
  42
1
  0
VERTEX
  8
Top_Silk
  10
0.8807
  20
2.2504
  42
1
  0
VERTEX
  8
Top_Silk
  10
0.8784
  20
2.2504
  42
1
  0
SEQEND
  0
POLYLINE
  8
Top_Silk
  6
CONTINUOUS
  66
1
  70
0
  40
0.0023
  41
0.0023
  0
VERTEX
  8
Top_Silk
  10
0.8985
  20
2.2504
  42
1
  0
VERTEX
  8
Top_Silk
  10
0.9008
  20
2.2504
  42
1
  0
VERTEX
  8
Top_Silk
  10
0.8985
  20
2.2504
  42
1
  0
SEQEND
  0
POLYLINE
  8
Top_Silk
  6
CONTINUOUS
  66
1
  70
0
  40
0.0046
  41
0.0046
  0
VERTEX
  8
Top_Silk
  10
0.9233
  20
2.2203
  42
0
  0
VERTEX
  8
Top_Silk
  10
0.9233
  20
2.2504
  42
0
  0
VERTEX
  8
Top_Silk
  10
0.9089
  20
2.2303
  42
0
  0
VERTEX
  8
Top_Silk
  10
0.9304
  20
2.2303
  42
0
  0
SEQEND
  0
POLYLINE
  8
Top_Silk
  6
CONTINUOUS
  66
1
  70
0
  40
0.0023
  41
0.0023
  0
VERTEX
  8
Top_Silk
  10
0.9221
  20
2.2203
  42
1
  0
VERTEX
  8
Top_Silk
  10
0.9244
  20
2.2203
  42
1
  0
VERTEX
  8
Top_Silk
  10
0.9221
  20
2.2203
  42
1
  0
SEQEND
  0
POLYLINE
  8
Top_Silk
  6
CONTINUOUS
  66
1
  70
0
  40
0.0023
  41
0.0023
  0
VERTEX
  8
Top_Silk
  10
0.9293
  20
2.2303
  42
1
  0
VERTEX
  8
Top_Silk
  10
0.9316
  20
2.2303
  42
1
  0
VERTEX
  8
Top_Silk
  10
0.9293
  20
2.2303
  42
1
  0
SEQEND
  0
POLYLINE
  8
Top_Silk
  6
CONTINUOUS
  66
1
  70
0
  40
0.005
  41
0.005
  0
VERTEX
  8
Top_Silk
  10
1.4154
  20
2.3311
  42
0
  0
VERTEX
  8
Top_Silk
  10
1.4646
  20
2.3311
  42
0
  0
SEQEND
  0
POLYLINE
  8
Top_Silk
  6
CONTINUOUS
  66
1
  70
0
  40
0.005
  41
0.005
  0
VERTEX
  8
Top_Silk
  10
1.4154
  20
2.2389
  42
0
  0
VERTEX
  8
Top_Silk
  10
1.4646
  20
2.2389
  42
0
  0
SEQEND
  0
POLYLINE
  8
Top_Silk
  6
CONTINUOUS
  66
1
  70
0
  40
0.0
  41
0.0
  0
VERTEX
  8
Top_Silk
  10
1.3494
  20
2.3166
  42
0
  0
VERTEX
  8
Top_Silk
  10
1.3495
  20
2.3176
  42
0
  0
VERTEX
  8
Top_Silk
  10
1.3497
  20
2.3186
  42
0
  0
VERTEX
  8
Top_Silk
  10
1.35
  20
2.3196
  42
0
  0
VERTEX
  8
Top_Silk
  10
1.3505
  20
2.3205
  42
0
  0
VERTEX
  8
Top_Silk
  10
1.3511
  20
2.3214
  42
0
  0
VERTEX
  8
Top_Silk
  10
1.3518
  20
2.3221
  42
0
  0
VERTEX
  8
Top_Silk
  10
1.3525
  20
2.3228
  42
0
  0
VERTEX
  8
Top_Silk
  10
1.3534
  20
2.3234
  42
0
  0
VERTEX
  8
Top_Silk
  10
1.3543
  20
2.3238
  42
0
  0
VERTEX
  8
Top_Silk
  10
1.3553
  20
2.3242
  42
0
  0
VERTEX
  8
Top_Silk
  10
1.3563
  20
2.3244
  42
0
  0
VERTEX
  8
Top_Silk
  10
1.3573
  20
2.3244
  42
0
  0
VERTEX
  8
Top_Silk
  10
1.3584
  20
2.3244
  42
0
  0
VERTEX
  8
Top_Silk
  10
1.3594
  20
2.3242
  42
0
  0
VERTEX
  8
Top_Silk
  10
1.3603
  20
2.3238
  42
0
  0
VERTEX
  8
Top_Silk
  10
1.3613
  20
2.3234
  42
0
  0
VERTEX
  8
Top_Silk
  10
1.3621
  20
2.3228
  42
0
  0
VERTEX
  8
Top_Silk
  10
1.3629
  20
2.3221
  42
0
  0
VERTEX
  8
Top_Silk
  10
1.3636
  20
2.3214
  42
0
  0
VERTEX
  8
Top_Silk
  10
1.3641
  20
2.3205
  42
0
  0
VERTEX
  8
Top_Silk
  10
1.3646
  20
2.3196
  42
0
  0
VERTEX
  8
Top_Silk
  10
1.3649
  20
2.3186
  42
0
  0
VERTEX
  8
Top_Silk
  10
1.3651
  20
2.3176
  42
0
  0
VERTEX
  8
Top_Silk
  10
1.3652
  20
2.3166
  42
0
  0
VERTEX
  8
Top_Silk
  10
1.3652
  20
2.3166
  42
0
  0
VERTEX
  8
Top_Silk
  10
1.3651
  20
2.3155
  42
0
  0
VERTEX
  8
Top_Silk
  10
1.3649
  20
2.3145
  42
0
  0
VERTEX
  8
Top_Silk
  10
1.3646
  20
2.3136
  42
0
  0
VERTEX
  8
Top_Silk
  10
1.3641
  20
2.3126
  42
0
  0
VERTEX
  8
Top_Silk
  10
1.3636
  20
2.3118
  42
0
  0
VERTEX
  8
Top_Silk
  10
1.3629
  20
2.311
  42
0
  0
VERTEX
  8
Top_Silk
  10
1.3621
  20
2.3103
  42
0
  0
VERTEX
  8
Top_Silk
  10
1.3613
  20
2.3098
  42
0
  0
VERTEX
  8
Top_Silk
  10
1.3603
  20
2.3093
  42
0
  0
VERTEX
  8
Top_Silk
  10
1.3594
  20
2.309
  42
0
  0
VERTEX
  8
Top_Silk
  10
1.3584
  20
2.3088
  42
0
  0
VERTEX
  8
Top_Silk
  10
1.3573
  20
2.3087
  42
0
  0
VERTEX
  8
Top_Silk
  10
1.3563
  20
2.3088
  42
0
  0
VERTEX
  8
Top_Silk
  10
1.3553
  20
2.309
  42
0
  0
VERTEX
  8
Top_Silk
  10
1.3543
  20
2.3093
  42
0
  0
VERTEX
  8
Top_Silk
  10
1.3534
  20
2.3098
  42
0
  0
VERTEX
  8
Top_Silk
  10
1.3525
  20
2.3103
  42
0
  0
VERTEX
  8
Top_Silk
  10
1.3518
  20
2.311
  42
0
  0
VERTEX
  8
Top_Silk
  10
1.3511
  20
2.3118
  42
0
  0
VERTEX
  8
Top_Silk
  10
1.3505
  20
2.3126
  42
0
  0
VERTEX
  8
Top_Silk
  10
1.35
  20
2.3136
  42
0
  0
VERTEX
  8
Top_Silk
  10
1.3497
  20
2.3145
  42
0
  0
VERTEX
  8
Top_Silk
  10
1.3495
  20
2.3155
  42
0
  0
VERTEX
  8
Top_Silk
  10
1.3494
  20
2.3166
  42
0
  0
VERTEX
  8
Top_Silk
  10
1.3494
  20
2.3166
  42
0
  0
SEQEND
  0
POLYLINE
  8
Top_Silk
  6
CONTINUOUS
  66
1
  70
0
  40
0.0046
  41
0.0046
  0
VERTEX
  8
Top_Silk
  10
1.4055
  20
2.3781
  42
0
  0
VERTEX
  8
Top_Silk
  10
1.4055
  20
2.3566
  42
0
  0
VERTEX
  8
Top_Silk
  10
1.407
  20
2.3523
  42
0
  0
VERTEX
  8
Top_Silk
  10
1.4098
  20
2.3495
  42
0
  0
VERTEX
  8
Top_Silk
  10
1.4142
  20
2.348
  42
0
  0
VERTEX
  8
Top_Silk
  10
1.417
  20
2.348
  42
0
  0
VERTEX
  8
Top_Silk
  10
1.4213
  20
2.3495
  42
0
  0
VERTEX
  8
Top_Silk
  10
1.4242
  20
2.3523
  42
0
  0
VERTEX
  8
Top_Silk
  10
1.4256
  20
2.3566
  42
0
  0
VERTEX
  8
Top_Silk
  10
1.4256
  20
2.3781
  42
0
  0
SEQEND
  0
POLYLINE
  8
Top_Silk
  6
CONTINUOUS
  66
1
  70
0
  40
0.0023
  41
0.0023
  0
VERTEX
  8
Top_Silk
  10
1.4044
  20
2.3781
  42
1
  0
VERTEX
  8
Top_Silk
  10
1.4067
  20
2.3781
  42
1
  0
VERTEX
  8
Top_Silk
  10
1.4044
  20
2.3781
  42
1
  0
SEQEND
  0
POLYLINE
  8
Top_Silk
  6
CONTINUOUS
  66
1
  70
0
  40
0.0023
  41
0.0023
  0
VERTEX
  8
Top_Silk
  10
1.4245
  20
2.3781
  42
1
  0
VERTEX
  8
Top_Silk
  10
1.4268
  20
2.3781
  42
1
  0
VERTEX
  8
Top_Silk
  10
1.4245
  20
2.3781
  42
1
  0
SEQEND
  0
POLYLINE
  8
Top_Silk
  6
CONTINUOUS
  66
1
  70
0
  40
0.0046
  41
0.0046
  0
VERTEX
  8
Top_Silk
  10
1.4521
  20
2.3781
  42
0
  0
VERTEX
  8
Top_Silk
  10
1.4378
  20
2.3781
  42
0
  0
VERTEX
  8
Top_Silk
  10
1.4363
  20
2.3652
  42
0
  0
VERTEX
  8
Top_Silk
  10
1.4378
  20
2.3666
  42
0
  0
VERTEX
  8
Top_Silk
  10
1.4421
  20
2.3681
  42
0
  0
VERTEX
  8
Top_Silk
  10
1.4464
  20
2.3681
  42
0
  0
VERTEX
  8
Top_Silk
  10
1.4507
  20
2.3666
  42
0
  0
VERTEX
  8
Top_Silk
  10
1.4536
  20
2.3638
  42
0
  0
VERTEX
  8
Top_Silk
  10
1.455
  20
2.3595
  42
0
  0
VERTEX
  8
Top_Silk
  10
1.455
  20
2.3566
  42
0
  0
VERTEX
  8
Top_Silk
  10
1.4536
  20
2.3523
  42
0
  0
VERTEX
  8
Top_Silk
  10
1.4507
  20
2.3494
  42
0
  0
VERTEX
  8
Top_Silk
  10
1.4464
  20
2.348
  42
0
  0
VERTEX
  8
Top_Silk
  10
1.4421
  20
2.348
  42
0
  0
VERTEX
  8
Top_Silk
  10
1.4378
  20
2.3494
  42
0
  0
VERTEX
  8
Top_Silk
  10
1.4363
  20
2.3509
  42
0
  0
VERTEX
  8
Top_Silk
  10
1.4349
  20
2.3537
  42
0
  0
SEQEND
  0
POLYLINE
  8
Top_Silk
  6
CONTINUOUS
  66
1
  70
0
  40
0.0023
  41
0.0023
  0
VERTEX
  8
Top_Silk
  10
1.4509
  20
2.3781
  42
1
  0
VERTEX
  8
Top_Silk
  10
1.4533
  20
2.3781
  42
1
  0
VERTEX
  8
Top_Silk
  10
1.4509
  20
2.3781
  42
1
  0
SEQEND
  0
POLYLINE
  8
Top_Silk
  6
CONTINUOUS
  66
1
  70
0
  40
0.0023
  41
0.0023
  0
VERTEX
  8
Top_Silk
  10
1.4337
  20
2.3537
  42
1
  0
VERTEX
  8
Top_Silk
  10
1.436
  20
2.3537
  42
1
  0
VERTEX
  8
Top_Silk
  10
1.4337
  20
2.3537
  42
1
  0
SEQEND
  0
POLYLINE
  8
Top_Silk
  6
CONTINUOUS
  66
1
  70
0
  40
0.008
  41
0.008
  0
VERTEX
  8
Top_Silk
  10
2.825
  20
1.2356
  42
0
  0
VERTEX
  8
Top_Silk
  10
2.825
  20
1.3044
  42
0
  0
SEQEND
  0
POLYLINE
  8
Top_Silk
  6
CONTINUOUS
  66
1
  70
0
  40
0.008
  41
0.008
  0
VERTEX
  8
Top_Silk
  10
2.925
  20
1.2356
  42
0
  0
VERTEX
  8
Top_Silk
  10
2.925
  20
1.3044
  42
0
  0
SEQEND
  0
POLYLINE
  8
Top_Silk
  6
CONTINUOUS
  66
1
  70
0
  40
0.008
  41
0.008
  0
VERTEX
  8
Top_Silk
  10
2.925
  20
1.3044
  42
0
  0
VERTEX
  8
Top_Silk
  10
2.825
  20
1.3044
  42
0
  0
SEQEND
  0
POLYLINE
  8
Top_Silk
  6
CONTINUOUS
  66
1
  70
0
  40
0.008
  41
0.008
  0
VERTEX
  8
Top_Silk
  10
2.925
  20
1.2981
  42
0
  0
VERTEX
  8
Top_Silk
  10
2.825
  20
1.2981
  42
0
  0
SEQEND
  0
POLYLINE
  8
Top_Silk
  6
CONTINUOUS
  66
1
  70
0
  40
0.008
  41
0.008
  0
VERTEX
  8
Top_Silk
  10
2.925
  20
1.2919
  42
0
  0
VERTEX
  8
Top_Silk
  10
2.825
  20
1.2919
  42
0
  0
SEQEND
  0
POLYLINE
  8
Top_Silk
  6
CONTINUOUS
  66
1
  70
0
  40
0.0046
  41
0.0046
  0
VERTEX
  8
Top_Silk
  10
2.7811
  20
1.2517
  42
0
  0
VERTEX
  8
Top_Silk
  10
2.7811
  20
1.2718
  42
0
  0
VERTEX
  8
Top_Silk
  10
2.8112
  20
1.2517
  42
0
  0
VERTEX
  8
Top_Silk
  10
2.8112
  20
1.2718
  42
0
  0
SEQEND
  0
POLYLINE
  8
Top_Silk
  6
CONTINUOUS
  66
1
  70
0
  40
0.0023
  41
0.0023
  0
VERTEX
  8
Top_Silk
  10
2.7799
  20
1.2517
  42
1
  0
VERTEX
  8
Top_Silk
  10
2.7822
  20
1.2517
  42
1
  0
VERTEX
  8
Top_Silk
  10
2.7799
  20
1.2517
  42
1
  0
SEQEND
  0
POLYLINE
  8
Top_Silk
  6
CONTINUOUS
  66
1
  70
0
  40
0.0023
  41
0.0023
  0
VERTEX
  8
Top_Silk
  10
2.8101
  20
1.2718
  42
1
  0
VERTEX
  8
Top_Silk
  10
2.8124
  20
1.2718
  42
1
  0
VERTEX
  8
Top_Silk
  10
2.8101
  20
1.2718
  42
1
  0
SEQEND
  0
POLYLINE
  8
Top_Silk
  6
CONTINUOUS
  66
1
  70
0
  40
0.0046
  41
0.0046
  0
VERTEX
  8
Top_Silk
  10
2.7868
  20
1.2811
  42
0
  0
VERTEX
  8
Top_Silk
  10
2.7854
  20
1.284
  42
0
  0
VERTEX
  8
Top_Silk
  10
2.7811
  20
1.2883
  42
0
  0
VERTEX
  8
Top_Silk
  10
2.8112
  20
1.2883
  42
0
  0
SEQEND
  0
POLYLINE
  8
Top_Silk
  6
CONTINUOUS
  66
1
  70
0
  40
0.0023
  41
0.0023
  0
VERTEX
  8
Top_Silk
  10
2.7857
  20
1.2811
  42
1
  0
VERTEX
  8
Top_Silk
  10
2.788
  20
1.2811
  42
1
  0
VERTEX
  8
Top_Silk
  10
2.7857
  20
1.2811
  42
1
  0
SEQEND
  0
POLYLINE
  8
Top_Silk
  6
CONTINUOUS
  66
1
  70
0
  40
0.0023
  41
0.0023
  0
VERTEX
  8
Top_Silk
  10
2.8101
  20
1.2883
  42
1
  0
VERTEX
  8
Top_Silk
  10
2.8124
  20
1.2883
  42
1
  0
VERTEX
  8
Top_Silk
  10
2.8101
  20
1.2883
  42
1
  0
SEQEND
  0
POLYLINE
  8
Top_Silk
  6
CONTINUOUS
  66
1
  70
0
  40
0.008
  41
0.008
  0
VERTEX
  8
Top_Silk
  10
3.12
  20
0.9206
  42
0
  0
VERTEX
  8
Top_Silk
  10
3.12
  20
0.9894
  42
0
  0
SEQEND
  0
POLYLINE
  8
Top_Silk
  6
CONTINUOUS
  66
1
  70
0
  40
0.008
  41
0.008
  0
VERTEX
  8
Top_Silk
  10
3.22
  20
0.9206
  42
0
  0
VERTEX
  8
Top_Silk
  10
3.22
  20
0.9894
  42
0
  0
SEQEND
  0
POLYLINE
  8
Top_Silk
  6
CONTINUOUS
  66
1
  70
0
  40
0.008
  41
0.008
  0
VERTEX
  8
Top_Silk
  10
3.22
  20
0.9894
  42
0
  0
VERTEX
  8
Top_Silk
  10
3.12
  20
0.9894
  42
0
  0
SEQEND
  0
POLYLINE
  8
Top_Silk
  6
CONTINUOUS
  66
1
  70
0
  40
0.008
  41
0.008
  0
VERTEX
  8
Top_Silk
  10
3.22
  20
0.9831
  42
0
  0
VERTEX
  8
Top_Silk
  10
3.12
  20
0.9831
  42
0
  0
SEQEND
  0
POLYLINE
  8
Top_Silk
  6
CONTINUOUS
  66
1
  70
0
  40
0.008
  41
0.008
  0
VERTEX
  8
Top_Silk
  10
3.22
  20
0.9769
  42
0
  0
VERTEX
  8
Top_Silk
  10
3.12
  20
0.9769
  42
0
  0
SEQEND
  0
POLYLINE
  8
Top_Silk
  6
CONTINUOUS
  66
1
  70
0
  40
0.0046
  41
0.0046
  0
VERTEX
  8
Top_Silk
  10
3.0811
  20
0.9253
  42
0
  0
VERTEX
  8
Top_Silk
  10
3.0811
  20
0.9454
  42
0
  0
VERTEX
  8
Top_Silk
  10
3.1112
  20
0.9253
  42
0
  0
VERTEX
  8
Top_Silk
  10
3.1112
  20
0.9454
  42
0
  0
SEQEND
  0
POLYLINE
  8
Top_Silk
  6
CONTINUOUS
  66
1
  70
0
  40
0.0023
  41
0.0023
  0
VERTEX
  8
Top_Silk
  10
3.0799
  20
0.9253
  42
1
  0
VERTEX
  8
Top_Silk
  10
3.0822
  20
0.9253
  42
1
  0
VERTEX
  8
Top_Silk
  10
3.0799
  20
0.9253
  42
1
  0
SEQEND
  0
POLYLINE
  8
Top_Silk
  6
CONTINUOUS
  66
1
  70
0
  40
0.0023
  41
0.0023
  0
VERTEX
  8
Top_Silk
  10
3.1101
  20
0.9454
  42
1
  0
VERTEX
  8
Top_Silk
  10
3.1124
  20
0.9454
  42
1
  0
VERTEX
  8
Top_Silk
  10
3.1101
  20
0.9454
  42
1
  0
SEQEND
  0
POLYLINE
  8
Top_Silk
  6
CONTINUOUS
  66
1
  70
0
  40
0.0046
  41
0.0046
  0
VERTEX
  8
Top_Silk
  10
3.0883
  20
0.9561
  42
0
  0
VERTEX
  8
Top_Silk
  10
3.0868
  20
0.9561
  42
0
  0
VERTEX
  8
Top_Silk
  10
3.084
  20
0.9575
  42
0
  0
VERTEX
  8
Top_Silk
  10
3.0825
  20
0.9589
  42
0
  0
VERTEX
  8
Top_Silk
  10
3.0811
  20
0.9618
  42
0
  0
VERTEX
  8
Top_Silk
  10
3.0811
  20
0.9676
  42
0
  0
VERTEX
  8
Top_Silk
  10
3.0825
  20
0.9704
  42
0
  0
VERTEX
  8
Top_Silk
  10
3.084
  20
0.9718
  42
0
  0
VERTEX
  8
Top_Silk
  10
3.0868
  20
0.9733
  42
0
  0
VERTEX
  8
Top_Silk
  10
3.0897
  20
0.9733
  42
0
  0
VERTEX
  8
Top_Silk
  10
3.0926
  20
0.9718
  42
0
  0
VERTEX
  8
Top_Silk
  10
3.0969
  20
0.969
  42
0
  0
VERTEX
  8
Top_Silk
  10
3.1112
  20
0.9546
  42
0
  0
VERTEX
  8
Top_Silk
  10
3.1112
  20
0.9747
  42
0
  0
SEQEND
  0
POLYLINE
  8
Top_Silk
  6
CONTINUOUS
  66
1
  70
0
  40
0.0023
  41
0.0023
  0
VERTEX
  8
Top_Silk
  10
3.0871
  20
0.9561
  42
1
  0
VERTEX
  8
Top_Silk
  10
3.0894
  20
0.9561
  42
1
  0
VERTEX
  8
Top_Silk
  10
3.0871
  20
0.9561
  42
1
  0
SEQEND
  0
POLYLINE
  8
Top_Silk
  6
CONTINUOUS
  66
1
  70
0
  40
0.0023
  41
0.0023
  0
VERTEX
  8
Top_Silk
  10
3.1101
  20
0.9747
  42
1
  0
VERTEX
  8
Top_Silk
  10
3.1124
  20
0.9747
  42
1
  0
VERTEX
  8
Top_Silk
  10
3.1101
  20
0.9747
  42
1
  0
SEQEND
  0
POLYLINE
  8
Top_Silk
  6
CONTINUOUS
  66
1
  70
0
  40
0.008
  41
0.008
  0
VERTEX
  8
Top_Silk
  10
2.3144
  20
2.125
  42
0
  0
VERTEX
  8
Top_Silk
  10
2.2456
  20
2.125
  42
0
  0
SEQEND
  0
POLYLINE
  8
Top_Silk
  6
CONTINUOUS
  66
1
  70
0
  40
0.008
  41
0.008
  0
VERTEX
  8
Top_Silk
  10
2.3144
  20
2.225
  42
0
  0
VERTEX
  8
Top_Silk
  10
2.2456
  20
2.225
  42
0
  0
SEQEND
  0
POLYLINE
  8
Top_Silk
  6
CONTINUOUS
  66
1
  70
0
  40
0.008
  41
0.008
  0
VERTEX
  8
Top_Silk
  10
2.2456
  20
2.225
  42
0
  0
VERTEX
  8
Top_Silk
  10
2.2456
  20
2.125
  42
0
  0
SEQEND
  0
POLYLINE
  8
Top_Silk
  6
CONTINUOUS
  66
1
  70
0
  40
0.008
  41
0.008
  0
VERTEX
  8
Top_Silk
  10
2.2519
  20
2.225
  42
0
  0
VERTEX
  8
Top_Silk
  10
2.2519
  20
2.125
  42
0
  0
SEQEND
  0
POLYLINE
  8
Top_Silk
  6
CONTINUOUS
  66
1
  70
0
  40
0.008
  41
0.008
  0
VERTEX
  8
Top_Silk
  10
2.2581
  20
2.225
  42
0
  0
VERTEX
  8
Top_Silk
  10
2.2581
  20
2.125
  42
0
  0
SEQEND
  0
POLYLINE
  8
Top_Silk
  6
CONTINUOUS
  66
1
  70
0
  40
0.0046
  41
0.0046
  0
VERTEX
  8
Top_Silk
  10
2.2553
  20
2.1148
  42
0
  0
VERTEX
  8
Top_Silk
  10
2.2754
  20
2.1148
  42
0
  0
VERTEX
  8
Top_Silk
  10
2.2553
  20
2.0847
  42
0
  0
VERTEX
  8
Top_Silk
  10
2.2754
  20
2.0847
  42
0
  0
SEQEND
  0
POLYLINE
  8
Top_Silk
  6
CONTINUOUS
  66
1
  70
0
  40
0.0023
  41
0.0023
  0
VERTEX
  8
Top_Silk
  10
2.2541
  20
2.1148
  42
1
  0
VERTEX
  8
Top_Silk
  10
2.2564
  20
2.1148
  42
1
  0
VERTEX
  8
Top_Silk
  10
2.2541
  20
2.1148
  42
1
  0
SEQEND
  0
POLYLINE
  8
Top_Silk
  6
CONTINUOUS
  66
1
  70
0
  40
0.0023
  41
0.0023
  0
VERTEX
  8
Top_Silk
  10
2.2742
  20
2.0847
  42
1
  0
VERTEX
  8
Top_Silk
  10
2.2765
  20
2.0847
  42
1
  0
VERTEX
  8
Top_Silk
  10
2.2742
  20
2.0847
  42
1
  0
SEQEND
  0
POLYLINE
  8
Top_Silk
  6
CONTINUOUS
  66
1
  70
0
  40
0.0046
  41
0.0046
  0
VERTEX
  8
Top_Silk
  10
2.2875
  20
2.1148
  42
0
  0
VERTEX
  8
Top_Silk
  10
2.3033
  20
2.1148
  42
0
  0
VERTEX
  8
Top_Silk
  10
2.2947
  20
2.1033
  42
0
  0
VERTEX
  8
Top_Silk
  10
2.299
  20
2.1033
  42
0
  0
VERTEX
  8
Top_Silk
  10
2.3018
  20
2.1019
  42
0
  0
VERTEX
  8
Top_Silk
  10
2.3033
  20
2.1005
  42
0
  0
VERTEX
  8
Top_Silk
  10
2.3047
  20
2.0962
  42
0
  0
VERTEX
  8
Top_Silk
  10
2.3047
  20
2.0933
  42
0
  0
VERTEX
  8
Top_Silk
  10
2.3033
  20
2.089
  42
0
  0
VERTEX
  8
Top_Silk
  10
2.3004
  20
2.0861
  42
0
  0
VERTEX
  8
Top_Silk
  10
2.2961
  20
2.0847
  42
0
  0
VERTEX
  8
Top_Silk
  10
2.2918
  20
2.0847
  42
0
  0
VERTEX
  8
Top_Silk
  10
2.2875
  20
2.0861
  42
0
  0
VERTEX
  8
Top_Silk
  10
2.2861
  20
2.0876
  42
0
  0
VERTEX
  8
Top_Silk
  10
2.2846
  20
2.0904
  42
0
  0
SEQEND
  0
POLYLINE
  8
Top_Silk
  6
CONTINUOUS
  66
1
  70
0
  40
0.0023
  41
0.0023
  0
VERTEX
  8
Top_Silk
  10
2.2864
  20
2.1148
  42
1
  0
VERTEX
  8
Top_Silk
  10
2.2887
  20
2.1148
  42
1
  0
VERTEX
  8
Top_Silk
  10
2.2864
  20
2.1148
  42
1
  0
SEQEND
  0
POLYLINE
  8
Top_Silk
  6
CONTINUOUS
  66
1
  70
0
  40
0.0023
  41
0.0023
  0
VERTEX
  8
Top_Silk
  10
2.2835
  20
2.0904
  42
1
  0
VERTEX
  8
Top_Silk
  10
2.2858
  20
2.0904
  42
1
  0
VERTEX
  8
Top_Silk
  10
2.2835
  20
2.0904
  42
1
  0
SEQEND
  0
TEXT
  8
Top_Silk
  10
2.47
  20
2.32
  40
0.0851
  41
0.7
  1
+
  50
90.0
  72
0
  73
3
  7
STANDARD
  71
0
  11
2.47
  21
2.32
  0
TEXT
  8
Top_Silk
  10
1.135
  20
2.355
  40
0.0486
  41
0.7
  1
|
  50
90.0
  72
0
  73
3
  7
STANDARD
  71
0
  11
1.135
  21
2.355
  0
TEXT
  8
Top_Silk
  10
2.385
  20
2.925
  40
0.0972
  41
0.7
  1
PCB832 revX3
  50
0.0
  72
0
  73
3
  7
STANDARD
  71
0
  11
2.385
  21
2.925
  0
SOLID
  8
Top_Paste
  10
0.3842
  20
0.4978
  11
0.4098
  21
0.4978
  12
0.3842
  22
0.4722
  13
0.4098
  23
0.4722
  0
SOLID
  8
Top_Paste
  10
0.3252
  20
0.4978
  11
0.3508
  21
0.4978
  12
0.3252
  22
0.4722
  13
0.3508
  23
0.4722
  0
SOLID
  8
Top_Paste
  10
0.3367
  20
0.7878
  11
0.3623
  21
0.7878
  12
0.3367
  22
0.7622
  13
0.3623
  23
0.7622
  0
SOLID
  8
Top_Paste
  10
0.2777
  20
0.7878
  11
0.3033
  21
0.7878
  12
0.2777
  22
0.7622
  13
0.3033
  23
0.7622
  0
SOLID
  8
Top_Paste
  10
0.2655
  20
0.736
  11
0.3041
  21
0.736
  12
0.2655
  22
0.684
  13
0.3041
  23
0.684
  0
SOLID
  8
Top_Paste
  10
0.3359
  20
0.736
  11
0.3745
  21
0.736
  12
0.3359
  22
0.684
  13
0.3745
  23
0.684
  0
SOLID
  8
Top_Paste
  10
3.087
  20
2.381
  11
3.143
  21
2.381
  12
3.087
  22
2.329
  13
3.143
  23
2.329
  0
SOLID
  8
Top_Paste
  10
2.997
  20
2.381
  11
3.053
  21
2.381
  12
2.997
  22
2.329
  13
3.053
  23
2.329
  0
SOLID
  8
Top_Paste
  10
3.3572
  20
0.6223
  11
3.3828
  21
0.6223
  12
3.3572
  22
0.5967
  13
3.3828
  23
0.5967
  0
SOLID
  8
Top_Paste
  10
3.3572
  20
0.5633
  11
3.3828
  21
0.5633
  12
3.3572
  22
0.5377
  13
3.3828
  23
0.5377
  0
SOLID
  8
Top_Paste
  10
2.9472
  20
2.1983
  11
2.9728
  21
2.1983
  12
2.9472
  22
2.1727
  13
2.9728
  23
2.1727
  0
SOLID
  8
Top_Paste
  10
2.9472
  20
2.2573
  11
2.9728
  21
2.2573
  12
2.9472
  22
2.2317
  13
2.9728
  23
2.2317
  0
SOLID
  8
Top_Paste
  10
2.799
  20
2.2695
  11
2.851
  21
2.2695
  12
2.799
  22
2.2309
  13
2.851
  23
2.2309
  0
SOLID
  8
Top_Paste
  10
2.799
  20
2.1991
  11
2.851
  21
2.1991
  12
2.799
  22
2.1605
  13
2.851
  23
2.1605
  0
SOLID
  8
Top_Paste
  10
2.729
  20
2.2695
  11
2.781
  21
2.2695
  12
2.729
  22
2.2309
  13
2.781
  23
2.2309
  0
SOLID
  8
Top_Paste
  10
2.729
  20
2.1991
  11
2.781
  21
2.1991
  12
2.729
  22
2.1605
  13
2.781
  23
2.1605
  0
SOLID
  8
Top_Paste
  10
3.2805
  20
2.6128
  11
3.3061
  21
2.6128
  12
3.2805
  22
2.5872
  13
3.3061
  23
2.5872
  0
SOLID
  8
Top_Paste
  10
3.2215
  20
2.6128
  11
3.2471
  21
2.6128
  12
3.2215
  22
2.5872
  13
3.2471
  23
2.5872
  0
SOLID
  8
Top_Paste
  10
1.8527
  20
1.4628
  11
1.8783
  21
1.4628
  12
1.8527
  22
1.4372
  13
1.8783
  23
1.4372
  0
SOLID
  8
Top_Paste
  10
1.9117
  20
1.4628
  11
1.9373
  21
1.4628
  12
1.9117
  22
1.4372
  13
1.9373
  23
1.4372
  0
SOLID
  8
Top_Paste
  10
1.9727
  20
1.4628
  11
1.9983
  21
1.4628
  12
1.9727
  22
1.4372
  13
1.9983
  23
1.4372
  0
SOLID
  8
Top_Paste
  10
2.0317
  20
1.4628
  11
2.0573
  21
1.4628
  12
2.0317
  22
1.4372
  13
2.0573
  23
1.4372
  0
SOLID
  8
Top_Paste
  10
0.5367
  20
1.8378
  11
0.5623
  21
1.8378
  12
0.5367
  22
1.8122
  13
0.5623
  23
1.8122
  0
SOLID
  8
Top_Paste
  10
0.4777
  20
1.8378
  11
0.5033
  21
1.8378
  12
0.4777
  22
1.8122
  13
0.5033
  23
1.8122
  0
SOLID
  8
Top_Paste
  10
2.1013
  20
1.8823
  11
2.1269
  21
1.8823
  12
2.1013
  22
1.8567
  13
2.1269
  23
1.8567
  0
SOLID
  8
Top_Paste
  10
2.0422
  20
1.8823
  11
2.0678
  21
1.8823
  12
2.0422
  22
1.8567
  13
2.0678
  23
1.8567
  0
SOLID
  8
Top_Paste
  10
0.608
  20
2.24
  11
0.668
  21
2.24
  12
0.608
  22
2.18
  13
0.668
  23
2.18
  0
SOLID
  8
Top_Paste
  10
0.742
  20
2.24
  11
0.802
  21
2.24
  12
0.742
  22
2.18
  13
0.802
  23
2.18
  0
SOLID
  8
Top_Paste
  10
1.8587
  20
2.6383
  11
1.8843
  21
2.6383
  12
1.8587
  22
2.6127
  13
1.8843
  23
2.6127
  0
SOLID
  8
Top_Paste
  10
1.8587
  20
2.6973
  11
1.8843
  21
2.6973
  12
1.8587
  22
2.6717
  13
1.8843
  23
2.6717
  0
SOLID
  8
Top_Paste
  10
2.8522
  20
1.0473
  11
2.8778
  21
1.0473
  12
2.8522
  22
1.0217
  13
2.8778
  23
1.0217
  0
SOLID
  8
Top_Paste
  10
2.8522
  20
0.9883
  11
2.8778
  21
0.9883
  12
2.8522
  22
0.9627
  13
2.8778
  23
0.9627
  0
SOLID
  8
Top_Paste
  10
0.9022
  20
2.0523
  11
0.9278
  21
2.0523
  12
0.9022
  22
2.0267
  13
0.9278
  23
2.0267
  0
SOLID
  8
Top_Paste
  10
0.9022
  20
1.9933
  11
0.9278
  21
1.9933
  12
0.9022
  22
1.9677
  13
0.9278
  23
1.9677
  0
SOLID
  8
Top_Paste
  10
2.5422
  20
1.3572
  11
2.5678
  21
1.3572
  12
2.5422
  22
1.3316
  13
2.5678
  23
1.3316
  0
SOLID
  8
Top_Paste
  10
2.5422
  20
1.2981
  11
2.5678
  21
1.2981
  12
2.5422
  22
1.2725
  13
2.5678
  23
1.2725
  0
SOLID
  8
Top_Paste
  10
1.9622
  20
1.6173
  11
1.9878
  21
1.6173
  12
1.9622
  22
1.5917
  13
1.9878
  23
1.5917
  0
SOLID
  8
Top_Paste
  10
1.9622
  20
1.5583
  11
1.9878
  21
1.5583
  12
1.9622
  22
1.5327
  13
1.9878
  23
1.5327
  0
SOLID
  8
Top_Paste
  10
1.239
  20
2.2641
  11
1.291
  21
2.2641
  12
1.239
  22
2.2255
  13
1.291
  23
2.2255
  0
SOLID
  8
Top_Paste
  10
1.239
  20
2.3345
  11
1.291
  21
2.3345
  12
1.239
  22
2.2959
  13
1.291
  23
2.2959
  0
SOLID
  8
Top_Paste
  10
0.341
  20
0.6685
  11
0.381
  21
0.6685
  12
0.341
  22
0.6015
  13
0.381
  23
0.6015
  0
SOLID
  8
Top_Paste
  10
0.219
  20
0.6685
  11
0.259
  21
0.6685
  12
0.219
  22
0.6015
  13
0.259
  23
0.6015
  0
SOLID
  8
Top_Paste
  10
2.9885
  20
2.4838
  11
3.0476
  21
2.4838
  12
2.9885
  22
2.4562
  13
3.0476
  23
2.4562
  0
SOLID
  8
Top_Paste
  10
3.1224
  20
2.4838
  11
3.1815
  21
2.4838
  12
3.1224
  22
2.4562
  13
3.1815
  23
2.4562
  0
SOLID
  8
Top_Paste
  10
0.376
  20
1.9532
  11
0.4134
  21
1.9532
  12
0.376
  22
1.9316
  13
0.4134
  23
1.9316
  0
SOLID
  8
Top_Paste
  10
0.376
  20
1.8784
  11
0.4134
  21
1.8784
  12
0.376
  22
1.8568
  13
0.4134
  23
1.8568
  0
SOLID
  8
Top_Paste
  10
0.4666
  20
1.9158
  11
0.504
  21
1.9158
  12
0.4666
  22
1.8942
  13
0.504
  23
1.8942
  0
SOLID
  8
Top_Paste
  10
3.2966
  20
0.654
  11
3.3182
  21
0.654
  12
3.2966
  22
0.6166
  13
3.3182
  23
0.6166
  0
SOLID
  8
Top_Paste
  10
3.2218
  20
0.654
  11
3.2434
  21
0.654
  12
3.2218
  22
0.6166
  13
3.2434
  23
0.6166
  0
SOLID
  8
Top_Paste
  10
3.2592
  20
0.5634
  11
3.2808
  21
0.5634
  12
3.2592
  22
0.526
  13
3.2808
  23
0.526
  0
SOLID
  8
Top_Paste
  10
3.4018
  20
1.1334
  11
3.4234
  21
1.1334
  12
3.4018
  22
1.096
  13
3.4234
  23
1.096
  0
SOLID
  8
Top_Paste
  10
3.4766
  20
1.1334
  11
3.4982
  21
1.1334
  12
3.4766
  22
1.096
  13
3.4982
  23
1.096
  0
SOLID
  8
Top_Paste
  10
3.4392
  20
1.224
  11
3.4608
  21
1.224
  12
3.4392
  22
1.1866
  13
3.4608
  23
1.1866
  0
SOLID
  8
Top_Paste
  10
1.8366
  20
2.869
  11
1.8582
  21
2.869
  12
1.8366
  22
2.8316
  13
1.8582
  23
2.8316
  0
SOLID
  8
Top_Paste
  10
1.7618
  20
2.869
  11
1.7834
  21
2.869
  12
1.7618
  22
2.8316
  13
1.7834
  23
2.8316
  0
SOLID
  8
Top_Paste
  10
1.7992
  20
2.7784
  11
1.8208
  21
2.7784
  12
1.7992
  22
2.741
  13
1.8208
  23
2.741
  0
SOLID
  8
Top_Paste
  10
1.763
  20
2.4681
  11
1.787
  21
2.4681
  12
1.763
  22
2.361
  13
1.787
  23
2.361
  0
SOLID
  8
Top_Paste
  10
1.763
  20
2.309
  11
1.787
  21
2.309
  12
1.763
  22
2.2019
  13
1.787
  23
2.2019
  0
SOLID
  8
Top_Paste
  10
1.813
  20
2.4681
  11
1.837
  21
2.4681
  12
1.813
  22
2.361
  13
1.837
  23
2.361
  0
SOLID
  8
Top_Paste
  10
1.813
  20
2.309
  11
1.837
  21
2.309
  12
1.813
  22
2.2019
  13
1.837
  23
2.2019
  0
SOLID
  8
Top_Paste
  10
1.863
  20
2.4681
  11
1.887
  21
2.4681
  12
1.863
  22
2.361
  13
1.887
  23
2.361
  0
SOLID
  8
Top_Paste
  10
1.863
  20
2.309
  11
1.887
  21
2.309
  12
1.863
  22
2.2019
  13
1.887
  23
2.2019
  0
SOLID
  8
Top_Paste
  10
1.913
  20
2.4681
  11
1.937
  21
2.4681
  12
1.913
  22
2.361
  13
1.937
  23
2.361
  0
SOLID
  8
Top_Paste
  10
1.913
  20
2.309
  11
1.937
  21
2.309
  12
1.913
  22
2.2019
  13
1.937
  23
2.2019
  0
SOLID
  8
Top_Paste
  10
1.963
  20
2.4681
  11
1.987
  21
2.4681
  12
1.963
  22
2.361
  13
1.987
  23
2.361
  0
SOLID
  8
Top_Paste
  10
1.963
  20
2.309
  11
1.987
  21
2.309
  12
1.963
  22
2.2019
  13
1.987
  23
2.2019
  0
SOLID
  8
Top_Paste
  10
3.1728
  20
2.2196
  11
3.2672
  21
2.2196
  12
3.1728
  22
2.194
  13
3.2672
  23
2.194
  0
SOLID
  8
Top_Paste
  10
3.1728
  20
2.316
  11
3.2672
  21
2.316
  12
3.1728
  22
2.2904
  13
3.2672
  23
2.2904
  0
SOLID
  8
Top_Paste
  10
0.9937
  20
2.3413
  11
1.2063
  21
2.3413
  12
0.9937
  22
2.2881
  13
1.2063
  23
2.2881
  0
SOLID
  8
Top_Paste
  10
0.9937
  20
2.1819
  11
1.2063
  21
2.1819
  12
0.9937
  22
2.1287
  13
1.2063
  23
2.1287
  0
SOLID
  8
Top_Paste
  10
1.0256
  20
2.6443
  11
1.3444
  21
2.6443
  12
1.0256
  22
2.4357
  13
1.3444
  23
2.4357
  0
SOLID
  8
Top_Paste
  10
2.4056
  20
2.6443
  11
2.7244
  21
2.6443
  12
2.4056
  22
2.4357
  13
2.7244
  23
2.4357
  0
SOLID
  8
Top_Paste
  10
3.0611
  20
2.5755
  11
3.0906
  21
2.5755
  12
3.0611
  22
2.54
  13
3.0906
  23
2.54
  0
SOLID
  8
Top_Paste
  10
3.1359
  20
2.5755
  11
3.1654
  21
2.5755
  12
3.1359
  22
2.54
  13
3.1654
  23
2.54
  0
SOLID
  8
Top_Paste
  10
3.0985
  20
2.67
  11
3.128
  21
2.67
  12
3.0985
  22
2.6345
  13
3.128
  23
2.6345
  0
SOLID
  8
Top_Paste
  10
3.0861
  20
1.1405
  11
3.1156
  21
1.1405
  12
3.0861
  22
1.105
  13
3.1156
  23
1.105
  0
SOLID
  8
Top_Paste
  10
3.1609
  20
1.1405
  11
3.1904
  21
1.1405
  12
3.1609
  22
1.105
  13
3.1904
  23
1.105
  0
SOLID
  8
Top_Paste
  10
3.1235
  20
1.235
  11
3.153
  21
1.235
  12
3.1235
  22
1.1995
  13
3.153
  23
1.1995
  0
SOLID
  8
Top_Paste
  10
2.7511
  20
1.4605
  11
2.7806
  21
1.4605
  12
2.7511
  22
1.425
  13
2.7806
  23
1.425
  0
SOLID
  8
Top_Paste
  10
2.8259
  20
1.4605
  11
2.8554
  21
1.4605
  12
2.8259
  22
1.425
  13
2.8554
  23
1.425
  0
SOLID
  8
Top_Paste
  10
2.7885
  20
1.555
  11
2.818
  21
1.555
  12
2.7885
  22
1.5195
  13
2.818
  23
1.5195
  0
SOLID
  8
Top_Paste
  10
2.1095
  20
2.1206
  11
2.145
  21
2.1206
  12
2.1095
  22
2.0911
  13
2.145
  23
2.0911
  0
SOLID
  8
Top_Paste
  10
2.1095
  20
2.1954
  11
2.145
  21
2.1954
  12
2.1095
  22
2.1659
  13
2.145
  23
2.1659
  0
SOLID
  8
Top_Paste
  10
2.015
  20
2.158
  11
2.0505
  21
2.158
  12
2.015
  22
2.1285
  13
2.0505
  23
2.1285
  0
SOLID
  8
Top_Paste
  10
2.1778
  20
1.9514
  11
2.2074
  21
1.9514
  12
2.1778
  22
1.9159
  13
2.2074
  23
1.9159
  0
SOLID
  8
Top_Paste
  10
2.2526
  20
1.9514
  11
2.2822
  21
1.9514
  12
2.2526
  22
1.9159
  13
2.2822
  23
1.9159
  0
SOLID
  8
Top_Paste
  10
2.2152
  20
2.0459
  11
2.2448
  21
2.0459
  12
2.2152
  22
2.0104
  13
2.2448
  23
2.0104
  0
SOLID
  8
Top_Paste
  10
2.92
  20
1.0556
  11
2.9555
  21
1.0556
  12
2.92
  22
1.026
  13
2.9555
  23
1.026
  0
SOLID
  8
Top_Paste
  10
2.92
  20
0.9808
  11
2.9555
  21
0.9808
  12
2.92
  22
0.9512
  13
2.9555
  23
0.9512
  0
SOLID
  8
Top_Paste
  10
3.0145
  20
1.0182
  11
3.05
  21
1.0182
  12
3.0145
  22
0.9886
  13
3.05
  23
0.9886
  0
SOLID
  8
Top_Paste
  10
3.195
  20
2.0622
  11
3.2305
  21
2.0622
  12
3.195
  22
2.0326
  13
3.2305
  23
2.0326
  0
SOLID
  8
Top_Paste
  10
3.195
  20
1.9874
  11
3.2305
  21
1.9874
  12
3.195
  22
1.9578
  13
3.2305
  23
1.9578
  0
SOLID
  8
Top_Paste
  10
3.2895
  20
2.0248
  11
3.325
  21
2.0248
  12
3.2895
  22
1.9952
  13
3.325
  23
1.9952
  0
SOLID
  8
Top_Paste
  10
2.61
  20
1.3672
  11
2.6455
  21
1.3672
  12
2.61
  22
1.3376
  13
2.6455
  23
1.3376
  0
SOLID
  8
Top_Paste
  10
2.61
  20
1.2924
  11
2.6455
  21
1.2924
  12
2.61
  22
1.2628
  13
2.6455
  23
1.2628
  0
SOLID
  8
Top_Paste
  10
2.7045
  20
1.3298
  11
2.74
  21
1.3298
  12
2.7045
  22
1.3002
  13
2.74
  23
1.3002
  0
SOLID
  8
Top_Paste
  10
2.02
  20
1.6272
  11
2.0555
  21
1.6272
  12
2.02
  22
1.5976
  13
2.0555
  23
1.5976
  0
SOLID
  8
Top_Paste
  10
2.02
  20
1.5524
  11
2.0555
  21
1.5524
  12
2.02
  22
1.5228
  13
2.0555
  23
1.5228
  0
SOLID
  8
Top_Paste
  10
2.1145
  20
1.5898
  11
2.15
  21
1.5898
  12
2.1145
  22
1.5602
  13
2.15
  23
1.5602
  0
SOLID
  8
Top_Paste
  10
0.3252
  20
0.5685
  11
0.3508
  21
0.5685
  12
0.3252
  22
0.5429
  13
0.3508
  23
0.5429
  0
SOLID
  8
Top_Paste
  10
0.3842
  20
0.5685
  11
0.4098
  21
0.5685
  12
0.3842
  22
0.5429
  13
0.4098
  23
0.5429
  0
SOLID
  8
Top_Paste
  10
2.867
  20
2.1979
  11
2.923
  21
2.1979
  12
2.867
  22
2.1585
  13
2.923
  23
2.1585
  0
SOLID
  8
Top_Paste
  10
2.867
  20
2.2715
  11
2.923
  21
2.2715
  12
2.867
  22
2.2321
  13
2.923
  23
2.2321
  0
SOLID
  8
Top_Paste
  10
2.8822
  20
2.3333
  11
2.9078
  21
2.3333
  12
2.8822
  22
2.3077
  13
2.9078
  23
2.3077
  0
SOLID
  8
Top_Paste
  10
2.8822
  20
2.3923
  11
2.9078
  21
2.3923
  12
2.8822
  22
2.3667
  13
2.9078
  23
2.3667
  0
SOLID
  8
Top_Paste
  10
3.4917
  20
0.5628
  11
3.5173
  21
0.5628
  12
3.4917
  22
0.5372
  13
3.5173
  23
0.5372
  0
SOLID
  8
Top_Paste
  10
3.4327
  20
0.5628
  11
3.4583
  21
0.5628
  12
3.4327
  22
0.5372
  13
3.4583
  23
0.5372
  0
SOLID
  8
Top_Paste
  10
3.4327
  20
0.6228
  11
3.4583
  21
0.6228
  12
3.4327
  22
0.5972
  13
3.4583
  23
0.5972
  0
SOLID
  8
Top_Paste
  10
3.4917
  20
0.6228
  11
3.5173
  21
0.6228
  12
3.4917
  22
0.5972
  13
3.5173
  23
0.5972
  0
SOLID
  8
Top_Paste
  10
2.9772
  20
2.5833
  11
3.0028
  21
2.5833
  12
2.9772
  22
2.5577
  13
3.0028
  23
2.5577
  0
SOLID
  8
Top_Paste
  10
2.9772
  20
2.6423
  11
3.0028
  21
2.6423
  12
2.9772
  22
2.6167
  13
3.0028
  23
2.6167
  0
SOLID
  8
Top_Paste
  10
3.2215
  20
2.4828
  11
3.2471
  21
2.4828
  12
3.2215
  22
2.4572
  13
3.2471
  23
2.4572
  0
SOLID
  8
Top_Paste
  10
3.2805
  20
2.4828
  11
3.3061
  21
2.4828
  12
3.2805
  22
2.4572
  13
3.3061
  23
2.4572
  0
SOLID
  8
Top_Paste
  10
3.2805
  20
2.5478
  11
3.3061
  21
2.5478
  12
3.2805
  22
2.5222
  13
3.3061
  23
2.5222
  0
SOLID
  8
Top_Paste
  10
3.2215
  20
2.5478
  11
3.2471
  21
2.5478
  12
3.2215
  22
2.5222
  13
3.2471
  23
2.5222
  0
SOLID
  8
Top_Paste
  10
0.5971
  20
1.938
  11
0.6365
  21
1.938
  12
0.5971
  22
1.882
  13
0.6365
  23
1.882
  0
SOLID
  8
Top_Paste
  10
0.5235
  20
1.938
  11
0.5629
  21
1.938
  12
0.5235
  22
1.882
  13
0.5629
  23
1.882
  0
SOLID
  8
Top_Paste
  10
0.4777
  20
1.9978
  11
0.5033
  21
1.9978
  12
0.4777
  22
1.9722
  13
0.5033
  23
1.9722
  0
SOLID
  8
Top_Paste
  10
0.5367
  20
1.9978
  11
0.5623
  21
1.9978
  12
0.5367
  22
1.9722
  13
0.5623
  23
1.9722
  0
SOLID
  8
Top_Paste
  10
2.2427
  20
2.2728
  11
2.2683
  21
2.2728
  12
2.2427
  22
2.2472
  13
2.2683
  23
2.2472
  0
SOLID
  8
Top_Paste
  10
2.3017
  20
2.2728
  11
2.3273
  21
2.2728
  12
2.3017
  22
2.2472
  13
2.3273
  23
2.2472
  0
SOLID
  8
Top_Paste
  10
2.1013
  20
2.0123
  11
2.1269
  21
2.0123
  12
2.1013
  22
1.9867
  13
2.1269
  23
1.9867
  0
SOLID
  8
Top_Paste
  10
2.0422
  20
2.0123
  11
2.0678
  21
2.0123
  12
2.0422
  22
1.9867
  13
2.0678
  23
1.9867
  0
SOLID
  8
Top_Paste
  10
3.2422
  20
0.9923
  11
3.2678
  21
0.9923
  12
3.2422
  22
0.9667
  13
3.2678
  23
0.9667
  0
SOLID
  8
Top_Paste
  10
3.2422
  20
0.9333
  11
3.2678
  21
0.9333
  12
3.2422
  22
0.9077
  13
3.2678
  23
0.9077
  0
SOLID
  8
Top_Paste
  10
3.537
  20
1.221
  11
3.593
  21
1.221
  12
3.537
  22
1.169
  13
3.593
  23
1.169
  0
SOLID
  8
Top_Paste
  10
3.627
  20
1.221
  11
3.683
  21
1.221
  12
3.627
  22
1.169
  13
3.683
  23
1.169
  0
SOLID
  8
Top_Paste
  10
2.9472
  20
1.3073
  11
2.9728
  21
1.3073
  12
2.9472
  22
1.2817
  13
2.9728
  23
1.2817
  0
SOLID
  8
Top_Paste
  10
2.9472
  20
1.2483
  11
2.9728
  21
1.2483
  12
2.9472
  22
1.2227
  13
2.9728
  23
1.2227
  0
SOLID
  8
Top_Paste
  10
2.1013
  20
1.9473
  11
2.1269
  21
1.9473
  12
2.1013
  22
1.9217
  13
2.1269
  23
1.9217
  0
SOLID
  8
Top_Paste
  10
2.0422
  20
1.9473
  11
2.0678
  21
1.9473
  12
2.0422
  22
1.9217
  13
2.0678
  23
1.9217
  0
SOLID
  8
Top_Paste
  10
3.2972
  20
2.2973
  11
3.3228
  21
2.2973
  12
3.2972
  22
2.2717
  13
3.3228
  23
2.2717
  0
SOLID
  8
Top_Paste
  10
3.2972
  20
2.2383
  11
3.3228
  21
2.2383
  12
3.2972
  22
2.2127
  13
3.3228
  23
2.2127
  0
SOLID
  8
Top_Paste
  10
1.3472
  20
2.1183
  11
1.3728
  21
2.1183
  12
1.3472
  22
2.0927
  13
1.3728
  23
2.0927
  0
SOLID
  8
Top_Paste
  10
1.3472
  20
2.1773
  11
1.3728
  21
2.1773
  12
1.3472
  22
2.1517
  13
1.3728
  23
2.1517
  0
SOLID
  8
Top_Paste
  10
1.782
  20
2.6379
  11
1.838
  21
2.6379
  12
1.782
  22
2.5985
  13
1.838
  23
2.5985
  0
SOLID
  8
Top_Paste
  10
1.782
  20
2.7115
  11
1.838
  21
2.7115
  12
1.782
  22
2.6721
  13
1.838
  23
2.6721
  0
SOLID
  8
Top_Paste
  10
1.9172
  20
2.6973
  11
1.9428
  21
2.6973
  12
1.9172
  22
2.6717
  13
1.9428
  23
2.6717
  0
SOLID
  8
Top_Paste
  10
1.9172
  20
2.6383
  11
1.9428
  21
2.6383
  12
1.9172
  22
2.6127
  13
1.9428
  23
2.6127
  0
SOLID
  8
Top_Paste
  10
2.3422
  20
2.0973
  11
2.3678
  21
2.0973
  12
2.3422
  22
2.0717
  13
2.3678
  23
2.0717
  0
SOLID
  8
Top_Paste
  10
2.3422
  20
2.0383
  11
2.3678
  21
2.0383
  12
2.3422
  22
2.0127
  13
2.3678
  23
2.0127
  0
SOLID
  8
Top_Paste
  10
2.7172
  20
1.0473
  11
2.7428
  21
1.0473
  12
2.7172
  22
1.0217
  13
2.7428
  23
1.0217
  0
SOLID
  8
Top_Paste
  10
2.7172
  20
0.9883
  11
2.7428
  21
0.9883
  12
2.7172
  22
0.9627
  13
2.7428
  23
0.9627
  0
SOLID
  8
Top_Paste
  10
0.8445
  20
2.0595
  11
0.8755
  21
2.0595
  12
0.8445
  22
2.0395
  13
0.8755
  23
2.0395
  0
SOLID
  8
Top_Paste
  10
0.8445
  20
2.0005
  11
0.8755
  21
2.0005
  12
0.8445
  22
1.9805
  13
0.8755
  23
1.9805
  0
SOLID
  8
Top_Paste
  10
0.7572
  20
2.1323
  11
0.7828
  21
2.1323
  12
0.7572
  22
2.1067
  13
0.7828
  23
2.1067
  0
SOLID
  8
Top_Paste
  10
0.7572
  20
2.0733
  11
0.7828
  21
2.0733
  12
0.7572
  22
2.0477
  13
0.7828
  23
2.0477
  0
SOLID
  8
Top_Paste
  10
3.1372
  20
2.0573
  11
3.1628
  21
2.0573
  12
3.1372
  22
2.0317
  13
3.1628
  23
2.0317
  0
SOLID
  8
Top_Paste
  10
3.1372
  20
1.9983
  11
3.1628
  21
1.9983
  12
3.1372
  22
1.9727
  13
3.1628
  23
1.9727
  0
SOLID
  8
Top_Paste
  10
2.7822
  20
1.0473
  11
2.8078
  21
1.0473
  12
2.7822
  22
1.0217
  13
2.8078
  23
1.0217
  0
SOLID
  8
Top_Paste
  10
2.7822
  20
0.9883
  11
2.8078
  21
0.9883
  12
2.7822
  22
0.9627
  13
2.8078
  23
0.9627
  0
SOLID
  8
Top_Paste
  10
3.0817
  20
0.8862
  11
3.1073
  21
0.8862
  12
3.0817
  22
0.8606
  13
3.1073
  23
0.8606
  0
SOLID
  8
Top_Paste
  10
3.0227
  20
0.8862
  11
3.0483
  21
0.8862
  12
3.0227
  22
0.8606
  13
3.0483
  23
0.8606
  0
SOLID
  8
Top_Paste
  10
2.4122
  20
1.3573
  11
2.4378
  21
1.3573
  12
2.4122
  22
1.3317
  13
2.4378
  23
1.3317
  0
SOLID
  8
Top_Paste
  10
2.4122
  20
1.2983
  11
2.4378
  21
1.2983
  12
2.4122
  22
1.2727
  13
2.4378
  23
1.2727
  0
SOLID
  8
Top_Paste
  10
2.4772
  20
1.3573
  11
2.5028
  21
1.3573
  12
2.4772
  22
1.3317
  13
2.5028
  23
1.3317
  0
SOLID
  8
Top_Paste
  10
2.4772
  20
1.2983
  11
2.5028
  21
1.2983
  12
2.4772
  22
1.2727
  13
2.5028
  23
1.2727
  0
SOLID
  8
Top_Paste
  10
2.7667
  20
1.2028
  11
2.7923
  21
1.2028
  12
2.7667
  22
1.1772
  13
2.7923
  23
1.1772
  0
SOLID
  8
Top_Paste
  10
2.7077
  20
1.2028
  11
2.7333
  21
1.2028
  12
2.7077
  22
1.1772
  13
2.7333
  23
1.1772
  0
SOLID
  8
Top_Paste
  10
1.8322
  20
1.6173
  11
1.8578
  21
1.6173
  12
1.8322
  22
1.5917
  13
1.8578
  23
1.5917
  0
SOLID
  8
Top_Paste
  10
1.8322
  20
1.5583
  11
1.8578
  21
1.5583
  12
1.8322
  22
1.5327
  13
1.8578
  23
1.5327
  0
SOLID
  8
Top_Paste
  10
1.8972
  20
1.6173
  11
1.9228
  21
1.6173
  12
1.8972
  22
1.5917
  13
1.9228
  23
1.5917
  0
SOLID
  8
Top_Paste
  10
1.8972
  20
1.5583
  11
1.9228
  21
1.5583
  12
1.8972
  22
1.5327
  13
1.9228
  23
1.5327
  0
SOLID
  8
Top_Paste
  10
0.6739
  20
1.8386
  11
0.7487
  21
1.8386
  12
0.6739
  22
1.7914
  13
0.7487
  23
1.7914
  0
SOLID
  8
Top_Paste
  10
1.4613
  20
1.8386
  11
1.5361
  21
1.8386
  12
1.4613
  22
1.7914
  13
1.5361
  23
1.7914
  0
SOLID
  8
Top_Paste
  10
3.0013
  20
1.8386
  11
3.0761
  21
1.8386
  12
3.0013
  22
1.7914
  13
3.0761
  23
1.7914
  0
SOLID
  8
Top_Paste
  10
2.2139
  20
1.8386
  11
2.2887
  21
1.8386
  12
2.2139
  22
1.7914
  13
2.2887
  23
1.7914
  0
SOLID
  8
Top_Paste
  10
0.283
  20
0.9104
  11
0.3145
  21
0.9104
  12
0.283
  22
0.8356
  13
0.3145
  23
0.8356
  0
SOLID
  8
Top_Paste
  10
0.333
  20
0.9104
  11
0.3645
  21
0.9104
  12
0.333
  22
0.8356
  13
0.3645
  23
0.8356
  0
SOLID
  8
Top_Paste
  10
0.383
  20
0.9104
  11
0.4145
  21
0.9104
  12
0.383
  22
0.8356
  13
0.4145
  23
0.8356
  0
SOLID
  8
Top_Paste
  10
0.433
  20
0.9104
  11
0.4645
  21
0.9104
  12
0.433
  22
0.8356
  13
0.4645
  23
0.8356
  0
SOLID
  8
Top_Paste
  10
0.483
  20
0.9104
  11
0.5145
  21
0.9104
  12
0.483
  22
0.8356
  13
0.5145
  23
0.8356
  0
SOLID
  8
Top_Paste
  10
0.533
  20
0.9104
  11
0.5645
  21
0.9104
  12
0.533
  22
0.8356
  13
0.5645
  23
0.8356
  0
SOLID
  8
Top_Paste
  10
0.583
  20
0.9104
  11
0.6145
  21
0.9104
  12
0.583
  22
0.8356
  13
0.6145
  23
0.8356
  0
SOLID
  8
Top_Paste
  10
0.633
  20
0.9104
  11
0.6645
  21
0.9104
  12
0.633
  22
0.8356
  13
0.6645
  23
0.8356
  0
SOLID
  8
Top_Paste
  10
0.683
  20
0.9104
  11
0.7145
  21
0.9104
  12
0.683
  22
0.8356
  13
0.7145
  23
0.8356
  0
SOLID
  8
Top_Paste
  10
0.733
  20
0.9104
  11
0.7645
  21
0.9104
  12
0.733
  22
0.8356
  13
0.7645
  23
0.8356
  0
SOLID
  8
Top_Paste
  10
0.783
  20
0.9104
  11
0.8145
  21
0.9104
  12
0.783
  22
0.8356
  13
0.8145
  23
0.8356
  0
SOLID
  8
Top_Paste
  10
0.833
  20
0.9104
  11
0.8645
  21
0.9104
  12
0.833
  22
0.8356
  13
0.8645
  23
0.8356
  0
SOLID
  8
Top_Paste
  10
0.883
  20
0.9104
  11
0.9145
  21
0.9104
  12
0.883
  22
0.8356
  13
0.9145
  23
0.8356
  0
SOLID
  8
Top_Paste
  10
0.933
  20
0.9104
  11
0.9645
  21
0.9104
  12
0.933
  22
0.8356
  13
0.9645
  23
0.8356
  0
SOLID
  8
Top_Paste
  10
0.9704
  20
0.9634
  11
1.0452
  21
0.9634
  12
0.9704
  22
0.9319
  13
1.0452
  23
0.9319
  0
SOLID
  8
Top_Paste
  10
0.9704
  20
1.0134
  11
1.0452
  21
1.0134
  12
0.9704
  22
0.9819
  13
1.0452
  23
0.9819
  0
SOLID
  8
Top_Paste
  10
0.9704
  20
1.0634
  11
1.0452
  21
1.0634
  12
0.9704
  22
1.0319
  13
1.0452
  23
1.0319
  0
SOLID
  8
Top_Paste
  10
0.9704
  20
1.1134
  11
1.0452
  21
1.1134
  12
0.9704
  22
1.0819
  13
1.0452
  23
1.0819
  0
SOLID
  8
Top_Paste
  10
0.9704
  20
1.1634
  11
1.0452
  21
1.1634
  12
0.9704
  22
1.1319
  13
1.0452
  23
1.1319
  0
SOLID
  8
Top_Paste
  10
0.9704
  20
1.2134
  11
1.0452
  21
1.2134
  12
0.9704
  22
1.1819
  13
1.0452
  23
1.1819
  0
SOLID
  8
Top_Paste
  10
0.9704
  20
1.2634
  11
1.0452
  21
1.2634
  12
0.9704
  22
1.2319
  13
1.0452
  23
1.2319
  0
SOLID
  8
Top_Paste
  10
0.9704
  20
1.3134
  11
1.0452
  21
1.3134
  12
0.9704
  22
1.2819
  13
1.0452
  23
1.2819
  0
SOLID
  8
Top_Paste
  10
0.9703
  20
1.3634
  11
1.0452
  21
1.3634
  12
0.9703
  22
1.3319
  13
1.0452
  23
1.3319
  0
SOLID
  8
Top_Paste
  10
0.9703
  20
1.4134
  11
1.0452
  21
1.4134
  12
0.9703
  22
1.3819
  13
1.0452
  23
1.3819
  0
SOLID
  8
Top_Paste
  10
0.9703
  20
1.4634
  11
1.0451
  21
1.4634
  12
0.9703
  22
1.4319
  13
1.0451
  23
1.4319
  0
SOLID
  8
Top_Paste
  10
0.9703
  20
1.5134
  11
1.0451
  21
1.5134
  12
0.9703
  22
1.4819
  13
1.0451
  23
1.4819
  0
SOLID
  8
Top_Paste
  10
0.9329
  20
1.6191
  11
0.9644
  21
1.6191
  12
0.9329
  22
1.5443
  13
0.9644
  23
1.5443
  0
SOLID
  8
Top_Paste
  10
0.8829
  20
1.6191
  11
0.9144
  21
1.6191
  12
0.8829
  22
1.5443
  13
0.9144
  23
1.5443
  0
SOLID
  8
Top_Paste
  10
0.8329
  20
1.6191
  11
0.8644
  21
1.6191
  12
0.8329
  22
1.5443
  13
0.8644
  23
1.5443
  0
SOLID
  8
Top_Paste
  10
0.7829
  20
1.6191
  11
0.8144
  21
1.6191
  12
0.7829
  22
1.5443
  13
0.8144
  23
1.5443
  0
SOLID
  8
Top_Paste
  10
0.7329
  20
1.6191
  11
0.7644
  21
1.6191
  12
0.7329
  22
1.5443
  13
0.7644
  23
1.5443
  0
SOLID
  8
Top_Paste
  10
0.6829
  20
1.6191
  11
0.7144
  21
1.6191
  12
0.6829
  22
1.5443
  13
0.7144
  23
1.5443
  0
SOLID
  8
Top_Paste
  10
0.6329
  20
1.6191
  11
0.6644
  21
1.6191
  12
0.6329
  22
1.5443
  13
0.6644
  23
1.5443
  0
SOLID
  8
Top_Paste
  10
0.5829
  20
1.6191
  11
0.6144
  21
1.6191
  12
0.5829
  22
1.5443
  13
0.6144
  23
1.5443
  0
SOLID
  8
Top_Paste
  10
0.5329
  20
1.6191
  11
0.5644
  21
1.6191
  12
0.5329
  22
1.5443
  13
0.5644
  23
1.5443
  0
SOLID
  8
Top_Paste
  10
0.4829
  20
1.6191
  11
0.5144
  21
1.6191
  12
0.4829
  22
1.5443
  13
0.5144
  23
1.5443
  0
SOLID
  8
Top_Paste
  10
0.4329
  20
1.6191
  11
0.4644
  21
1.6191
  12
0.4329
  22
1.5443
  13
0.4644
  23
1.5443
  0
SOLID
  8
Top_Paste
  10
0.3829
  20
1.6191
  11
0.4144
  21
1.6191
  12
0.3829
  22
1.5443
  13
0.4144
  23
1.5443
  0
SOLID
  8
Top_Paste
  10
0.3329
  20
1.6191
  11
0.3644
  21
1.6191
  12
0.3329
  22
1.5443
  13
0.3644
  23
1.5443
  0
SOLID
  8
Top_Paste
  10
0.2829
  20
1.6191
  11
0.3144
  21
1.6191
  12
0.2829
  22
1.5443
  13
0.3144
  23
1.5443
  0
SOLID
  8
Top_Paste
  10
1.5669
  20
1.388
  11
1.5925
  21
1.388
  12
1.5669
  22
1.262
  13
1.5925
  23
1.262
  0
SOLID
  8
Top_Paste
  10
1.6063
  20
1.388
  11
1.6319
  21
1.388
  12
1.6063
  22
1.262
  13
1.6319
  23
1.262
  0
SOLID
  8
Top_Paste
  10
1.6457
  20
1.388
  11
1.6713
  21
1.388
  12
1.6457
  22
1.262
  13
1.6713
  23
1.262
  0
SOLID
  8
Top_Paste
  10
1.685
  20
1.388
  11
1.7106
  21
1.388
  12
1.685
  22
1.262
  13
1.7106
  23
1.262
  0
SOLID
  8
Top_Paste
  10
1.7244
  20
1.388
  11
1.75
  21
1.388
  12
1.7244
  22
1.262
  13
1.75
  23
1.262
  0
SOLID
  8
Top_Paste
  10
1.7638
  20
1.388
  11
1.7894
  21
1.388
  12
1.7638
  22
1.262
  13
1.7894
  23
1.262
  0
SOLID
  8
Top_Paste
  10
1.8031
  20
1.388
  11
1.8287
  21
1.388
  12
1.8031
  22
1.262
  13
1.8287
  23
1.262
  0
SOLID
  8
Top_Paste
  10
1.8425
  20
1.388
  11
1.8681
  21
1.388
  12
1.8425
  22
1.262
  13
1.8681
  23
1.262
  0
SOLID
  8
Top_Paste
  10
1.8819
  20
1.388
  11
1.9075
  21
1.388
  12
1.8819
  22
1.262
  13
1.9075
  23
1.262
  0
SOLID
  8
Top_Paste
  10
1.9213
  20
1.388
  11
1.9469
  21
1.388
  12
1.9213
  22
1.262
  13
1.9469
  23
1.262
  0
SOLID
  8
Top_Paste
  10
1.9606
  20
1.388
  11
1.9862
  21
1.388
  12
1.9606
  22
1.262
  13
1.9862
  23
1.262
  0
SOLID
  8
Top_Paste
  10
2.0
  20
1.388
  11
2.0256
  21
1.388
  12
2.0
  22
1.262
  13
2.0256
  23
1.262
  0
SOLID
  8
Top_Paste
  10
2.0394
  20
1.388
  11
2.065
  21
1.388
  12
2.0394
  22
1.262
  13
2.065
  23
1.262
  0
SOLID
  8
Top_Paste
  10
2.0787
  20
1.388
  11
2.1043
  21
1.388
  12
2.0787
  22
1.262
  13
2.1043
  23
1.262
  0
SOLID
  8
Top_Paste
  10
2.1181
  20
1.388
  11
2.1437
  21
1.388
  12
2.1181
  22
1.262
  13
2.1437
  23
1.262
  0
SOLID
  8
Top_Paste
  10
2.1575
  20
1.388
  11
2.1831
  21
1.388
  12
2.1575
  22
1.262
  13
2.1831
  23
1.262
  0
SOLID
  8
Top_Paste
  10
3.0962
  20
2.189
  11
3.1214
  21
2.189
  12
3.0962
  22
2.1819
  13
3.1214
  23
2.1819
  0
SOLID
  8
Top_Paste
  10
3.0186
  20
2.2481
  11
3.0438
  21
2.2481
  12
3.0186
  22
2.241
  13
3.0438
  23
2.241
  0
POLYLINE
  8
Top_Paste
  6
CONTINUOUS
  66
1
  70
0
  40
0.0014
  41
0.0014
  0
VERTEX
  8
Top_Paste
  10
3.1212
  20
2.2486
  42
1
  0
VERTEX
  8
Top_Paste
  10
3.1226
  20
2.2486
  42
1
  0
VERTEX
  8
Top_Paste
  10
3.1212
  20
2.2486
  42
1
  0
SEQEND
  0
POLYLINE
  8
Top_Paste
  6
CONTINUOUS
  66
1
  70
0
  40
0.0014
  41
0.0014
  0
VERTEX
  8
Top_Paste
  10
3.1212
  20
2.2404
  42
1
  0
VERTEX
  8
Top_Paste
  10
3.1226
  20
2.2404
  42
1
  0
VERTEX
  8
Top_Paste
  10
3.1212
  20
2.2404
  42
1
  0
SEQEND
  0
POLYLINE
  8
Top_Paste
  6
CONTINUOUS
  66
1
  70
0
  40
0.0014
  41
0.0014
  0
VERTEX
  8
Top_Paste
  10
3.0949
  20
2.2404
  42
1
  0
VERTEX
  8
Top_Paste
  10
3.0964
  20
2.2404
  42
1
  0
VERTEX
  8
Top_Paste
  10
3.0949
  20
2.2404
  42
1
  0
SEQEND
  0
POLYLINE
  8
Top_Paste
  6
CONTINUOUS
  66
1
  70
0
  40
0.0014
  41
0.0014
  0
VERTEX
  8
Top_Paste
  10
3.0949
  20
2.2486
  42
1
  0
VERTEX
  8
Top_Paste
  10
3.0964
  20
2.2486
  42
1
  0
VERTEX
  8
Top_Paste
  10
3.0949
  20
2.2486
  42
1
  0
SEQEND
  0
SOLID
  8
Top_Paste
  10
3.0956
  20
2.25
  11
3.1219
  21
2.25
  12
3.1233
  22
2.2404
  13
3.1233
  23
2.2486
  0
SOLID
  8
Top_Paste
  10
3.0956
  20
2.25
  11
3.1233
  21
2.2404
  12
3.0956
  22
2.239
  13
3.1219
  23
2.239
  0
SOLID
  8
Top_Paste
  10
3.0956
  20
2.25
  11
3.0956
  21
2.239
  12
3.0942
  22
2.2486
  13
3.0942
  23
2.2404
  0
SOLID
  8
Top_Paste
  10
3.0186
  20
2.2284
  11
3.0438
  21
2.2284
  12
3.0186
  22
2.2213
  13
3.0438
  23
2.2213
  0
SOLID
  8
Top_Paste
  10
3.0962
  20
2.2087
  11
3.1214
  21
2.2087
  12
3.0962
  22
2.2016
  13
3.1214
  23
2.2016
  0
SOLID
  8
Top_Paste
  10
3.0186
  20
2.2087
  11
3.0438
  21
2.2087
  12
3.0186
  22
2.2016
  13
3.0438
  23
2.2016
  0
SOLID
  8
Top_Paste
  10
3.0186
  20
2.189
  11
3.0438
  21
2.189
  12
3.0186
  22
2.1819
  13
3.0438
  23
2.1819
  0
POLYLINE
  8
Top_Paste
  6
CONTINUOUS
  66
1
  70
0
  40
0.0014
  41
0.0014
  0
VERTEX
  8
Top_Paste
  10
3.1212
  20
2.2289
  42
1
  0
VERTEX
  8
Top_Paste
  10
3.1226
  20
2.2289
  42
1
  0
VERTEX
  8
Top_Paste
  10
3.1212
  20
2.2289
  42
1
  0
SEQEND
  0
POLYLINE
  8
Top_Paste
  6
CONTINUOUS
  66
1
  70
0
  40
0.0014
  41
0.0014
  0
VERTEX
  8
Top_Paste
  10
3.1212
  20
2.2208
  42
1
  0
VERTEX
  8
Top_Paste
  10
3.1226
  20
2.2208
  42
1
  0
VERTEX
  8
Top_Paste
  10
3.1212
  20
2.2208
  42
1
  0
SEQEND
  0
POLYLINE
  8
Top_Paste
  6
CONTINUOUS
  66
1
  70
0
  40
0.0014
  41
0.0014
  0
VERTEX
  8
Top_Paste
  10
3.0949
  20
2.2208
  42
1
  0
VERTEX
  8
Top_Paste
  10
3.0964
  20
2.2208
  42
1
  0
VERTEX
  8
Top_Paste
  10
3.0949
  20
2.2208
  42
1
  0
SEQEND
  0
POLYLINE
  8
Top_Paste
  6
CONTINUOUS
  66
1
  70
0
  40
0.0014
  41
0.0014
  0
VERTEX
  8
Top_Paste
  10
3.0949
  20
2.2289
  42
1
  0
VERTEX
  8
Top_Paste
  10
3.0964
  20
2.2289
  42
1
  0
VERTEX
  8
Top_Paste
  10
3.0949
  20
2.2289
  42
1
  0
SEQEND
  0
SOLID
  8
Top_Paste
  10
3.0956
  20
2.2304
  11
3.1219
  21
2.2304
  12
3.1233
  22
2.2208
  13
3.1233
  23
2.2289
  0
SOLID
  8
Top_Paste
  10
3.0956
  20
2.2304
  11
3.1233
  21
2.2208
  12
3.0956
  22
2.2193
  13
3.1219
  23
2.2193
  0
SOLID
  8
Top_Paste
  10
3.0956
  20
2.2304
  11
3.0956
  21
2.2193
  12
3.0942
  22
2.2289
  13
3.0942
  23
2.2208
  0
POLYLINE
  8
Top_Paste
  6
CONTINUOUS
  66
1
  70
0
  40
0.0
  41
0.0
  0
VERTEX
  8
Top_Paste
  10
3.059
  20
2.2351
  42
0
  0
VERTEX
  8
Top_Paste
  10
3.059
  20
2.1949
  42
0
  0
VERTEX
  8
Top_Paste
  10
3.081
  20
2.1949
  42
0
  0
VERTEX
  8
Top_Paste
  10
3.081
  20
2.2351
  42
0
  0
VERTEX
  8
Top_Paste
  10
3.059
  20
2.2351
  42
0
  0
SEQEND
  0
SOLID
  8
Top_Paste
  10
0.9285
  20
2.1776
  11
0.9445
  21
2.1776
  12
0.9285
  22
2.1715
  13
0.9445
  23
2.1715
  0
SOLID
  8
Top_Paste
  10
0.8855
  20
2.1579
  11
0.9015
  21
2.1579
  12
0.8855
  22
2.1518
  13
0.9015
  23
2.1518
  0
SOLID
  8
Top_Paste
  10
0.9285
  20
2.1382
  11
0.9445
  21
2.1382
  12
0.9285
  22
2.1321
  13
0.9445
  23
2.1321
  0
SOLID
  8
Top_Paste
  10
0.8913
  20
2.1196
  11
0.8993
  21
2.1196
  12
0.8913
  22
2.1055
  13
0.8993
  23
2.1055
  0
SOLID
  8
Top_Paste
  10
0.911
  20
2.1196
  11
0.919
  21
2.1196
  12
0.911
  22
2.1055
  13
0.919
  23
2.1055
  0
SOLID
  8
Top_Paste
  10
0.9307
  20
2.1196
  11
0.9387
  21
2.1196
  12
0.9307
  22
2.1055
  13
0.9387
  23
2.1055
  0
SOLID
  8
Top_Paste
  10
0.8855
  20
2.1382
  11
0.9135
  21
2.1382
  12
0.8855
  22
2.1321
  13
0.9135
  23
2.1321
  0
SOLID
  8
Top_Paste
  10
0.9285
  20
2.1579
  11
0.9445
  21
2.1579
  12
0.9285
  22
2.1518
  13
0.9445
  23
2.1518
  0
SOLID
  8
Top_Paste
  10
0.8855
  20
2.1776
  11
0.9135
  21
2.1776
  12
0.8855
  22
2.1715
  13
0.9135
  23
2.1715
  0
POLYLINE
  8
Top_Paste
  6
CONTINUOUS
  66
1
  70
0
  40
0.002
  41
0.002
  0
VERTEX
  8
Top_Paste
  10
1.4226
  20
2.3164
  42
1
  0
VERTEX
  8
Top_Paste
  10
1.4246
  20
2.3164
  42
1
  0
VERTEX
  8
Top_Paste
  10
1.4226
  20
2.3164
  42
1
  0
SEQEND
  0
POLYLINE
  8
Top_Paste
  6
CONTINUOUS
  66
1
  70
0
  40
0.002
  41
0.002
  0
VERTEX
  8
Top_Paste
  10
1.4226
  20
2.3048
  42
1
  0
VERTEX
  8
Top_Paste
  10
1.4246
  20
2.3048
  42
1
  0
VERTEX
  8
Top_Paste
  10
1.4226
  20
2.3048
  42
1
  0
SEQEND
  0
POLYLINE
  8
Top_Paste
  6
CONTINUOUS
  66
1
  70
0
  40
0.002
  41
0.002
  0
VERTEX
  8
Top_Paste
  10
1.3798
  20
2.3048
  42
1
  0
VERTEX
  8
Top_Paste
  10
1.3819
  20
2.3048
  42
1
  0
VERTEX
  8
Top_Paste
  10
1.3798
  20
2.3048
  42
1
  0
SEQEND
  0
POLYLINE
  8
Top_Paste
  6
CONTINUOUS
  66
1
  70
0
  40
0.002
  41
0.002
  0
VERTEX
  8
Top_Paste
  10
1.3798
  20
2.3164
  42
1
  0
VERTEX
  8
Top_Paste
  10
1.3819
  20
2.3164
  42
1
  0
VERTEX
  8
Top_Paste
  10
1.3798
  20
2.3164
  42
1
  0
SEQEND
  0
SOLID
  8
Top_Paste
  10
1.3808
  20
2.3185
  11
1.4236
  21
2.3185
  12
1.4256
  22
2.3048
  13
1.4256
  23
2.3164
  0
SOLID
  8
Top_Paste
  10
1.3808
  20
2.3185
  11
1.4256
  21
2.3048
  12
1.3808
  22
2.3027
  13
1.4236
  23
2.3027
  0
SOLID
  8
Top_Paste
  10
1.3808
  20
2.3185
  11
1.3808
  21
2.3027
  12
1.3788
  22
2.3164
  13
1.3788
  23
2.3048
  0
POLYLINE
  8
Top_Paste
  6
CONTINUOUS
  66
1
  70
0
  40
0.002
  41
0.002
  0
VERTEX
  8
Top_Paste
  10
1.4981
  20
2.3164
  42
1
  0
VERTEX
  8
Top_Paste
  10
1.5002
  20
2.3164
  42
1
  0
VERTEX
  8
Top_Paste
  10
1.4981
  20
2.3164
  42
1
  0
SEQEND
  0
POLYLINE
  8
Top_Paste
  6
CONTINUOUS
  66
1
  70
0
  40
0.002
  41
0.002
  0
VERTEX
  8
Top_Paste
  10
1.4981
  20
2.3048
  42
1
  0
VERTEX
  8
Top_Paste
  10
1.5002
  20
2.3048
  42
1
  0
VERTEX
  8
Top_Paste
  10
1.4981
  20
2.3048
  42
1
  0
SEQEND
  0
POLYLINE
  8
Top_Paste
  6
CONTINUOUS
  66
1
  70
0
  40
0.002
  41
0.002
  0
VERTEX
  8
Top_Paste
  10
1.4554
  20
2.3048
  42
1
  0
VERTEX
  8
Top_Paste
  10
1.4574
  20
2.3048
  42
1
  0
VERTEX
  8
Top_Paste
  10
1.4554
  20
2.3048
  42
1
  0
SEQEND
  0
POLYLINE
  8
Top_Paste
  6
CONTINUOUS
  66
1
  70
0
  40
0.002
  41
0.002
  0
VERTEX
  8
Top_Paste
  10
1.4554
  20
2.3164
  42
1
  0
VERTEX
  8
Top_Paste
  10
1.4574
  20
2.3164
  42
1
  0
VERTEX
  8
Top_Paste
  10
1.4554
  20
2.3164
  42
1
  0
SEQEND
  0
SOLID
  8
Top_Paste
  10
1.4564
  20
2.3185
  11
1.4992
  21
2.3185
  12
1.5012
  22
2.3048
  13
1.5012
  23
2.3164
  0
SOLID
  8
Top_Paste
  10
1.4564
  20
2.3185
  11
1.5012
  21
2.3048
  12
1.4564
  22
2.3027
  13
1.4992
  23
2.3027
  0
SOLID
  8
Top_Paste
  10
1.4564
  20
2.3185
  11
1.4564
  21
2.3027
  12
1.4544
  22
2.3164
  13
1.4544
  23
2.3048
  0
POLYLINE
  8
Top_Paste
  6
CONTINUOUS
  66
1
  70
0
  40
0.002
  41
0.002
  0
VERTEX
  8
Top_Paste
  10
1.4226
  20
2.2652
  42
1
  0
VERTEX
  8
Top_Paste
  10
1.4246
  20
2.2652
  42
1
  0
VERTEX
  8
Top_Paste
  10
1.4226
  20
2.2652
  42
1
  0
SEQEND
  0
POLYLINE
  8
Top_Paste
  6
CONTINUOUS
  66
1
  70
0
  40
0.002
  41
0.002
  0
VERTEX
  8
Top_Paste
  10
1.4226
  20
2.2536
  42
1
  0
VERTEX
  8
Top_Paste
  10
1.4246
  20
2.2536
  42
1
  0
VERTEX
  8
Top_Paste
  10
1.4226
  20
2.2536
  42
1
  0
SEQEND
  0
POLYLINE
  8
Top_Paste
  6
CONTINUOUS
  66
1
  70
0
  40
0.002
  41
0.002
  0
VERTEX
  8
Top_Paste
  10
1.3798
  20
2.2536
  42
1
  0
VERTEX
  8
Top_Paste
  10
1.3819
  20
2.2536
  42
1
  0
VERTEX
  8
Top_Paste
  10
1.3798
  20
2.2536
  42
1
  0
SEQEND
  0
POLYLINE
  8
Top_Paste
  6
CONTINUOUS
  66
1
  70
0
  40
0.002
  41
0.002
  0
VERTEX
  8
Top_Paste
  10
1.3798
  20
2.2652
  42
1
  0
VERTEX
  8
Top_Paste
  10
1.3819
  20
2.2652
  42
1
  0
VERTEX
  8
Top_Paste
  10
1.3798
  20
2.2652
  42
1
  0
SEQEND
  0
SOLID
  8
Top_Paste
  10
1.3808
  20
2.2673
  11
1.4236
  21
2.2673
  12
1.4256
  22
2.2536
  13
1.4256
  23
2.2652
  0
SOLID
  8
Top_Paste
  10
1.3808
  20
2.2673
  11
1.4256
  21
2.2536
  12
1.3808
  22
2.2515
  13
1.4236
  23
2.2515
  0
SOLID
  8
Top_Paste
  10
1.3808
  20
2.2673
  11
1.3808
  21
2.2515
  12
1.3788
  22
2.2652
  13
1.3788
  23
2.2536
  0
POLYLINE
  8
Top_Paste
  6
CONTINUOUS
  66
1
  70
0
  40
0.002
  41
0.002
  0
VERTEX
  8
Top_Paste
  10
1.4981
  20
2.2908
  42
1
  0
VERTEX
  8
Top_Paste
  10
1.5002
  20
2.2908
  42
1
  0
VERTEX
  8
Top_Paste
  10
1.4981
  20
2.2908
  42
1
  0
SEQEND
  0
POLYLINE
  8
Top_Paste
  6
CONTINUOUS
  66
1
  70
0
  40
0.002
  41
0.002
  0
VERTEX
  8
Top_Paste
  10
1.4981
  20
2.2792
  42
1
  0
VERTEX
  8
Top_Paste
  10
1.5002
  20
2.2792
  42
1
  0
VERTEX
  8
Top_Paste
  10
1.4981
  20
2.2792
  42
1
  0
SEQEND
  0
POLYLINE
  8
Top_Paste
  6
CONTINUOUS
  66
1
  70
0
  40
0.002
  41
0.002
  0
VERTEX
  8
Top_Paste
  10
1.4554
  20
2.2792
  42
1
  0
VERTEX
  8
Top_Paste
  10
1.4574
  20
2.2792
  42
1
  0
VERTEX
  8
Top_Paste
  10
1.4554
  20
2.2792
  42
1
  0
SEQEND
  0
POLYLINE
  8
Top_Paste
  6
CONTINUOUS
  66
1
  70
0
  40
0.002
  41
0.002
  0
VERTEX
  8
Top_Paste
  10
1.4554
  20
2.2908
  42
1
  0
VERTEX
  8
Top_Paste
  10
1.4574
  20
2.2908
  42
1
  0
VERTEX
  8
Top_Paste
  10
1.4554
  20
2.2908
  42
1
  0
SEQEND
  0
SOLID
  8
Top_Paste
  10
1.4564
  20
2.2929
  11
1.4992
  21
2.2929
  12
1.5012
  22
2.2792
  13
1.5012
  23
2.2908
  0
SOLID
  8
Top_Paste
  10
1.4564
  20
2.2929
  11
1.5012
  21
2.2792
  12
1.4564
  22
2.2771
  13
1.4992
  23
2.2771
  0
SOLID
  8
Top_Paste
  10
1.4564
  20
2.2929
  11
1.4564
  21
2.2771
  12
1.4544
  22
2.2908
  13
1.4544
  23
2.2792
  0
POLYLINE
  8
Top_Paste
  6
CONTINUOUS
  66
1
  70
0
  40
0.002
  41
0.002
  0
VERTEX
  8
Top_Paste
  10
1.4981
  20
2.2652
  42
1
  0
VERTEX
  8
Top_Paste
  10
1.5002
  20
2.2652
  42
1
  0
VERTEX
  8
Top_Paste
  10
1.4981
  20
2.2652
  42
1
  0
SEQEND
  0
POLYLINE
  8
Top_Paste
  6
CONTINUOUS
  66
1
  70
0
  40
0.002
  41
0.002
  0
VERTEX
  8
Top_Paste
  10
1.4981
  20
2.2536
  42
1
  0
VERTEX
  8
Top_Paste
  10
1.5002
  20
2.2536
  42
1
  0
VERTEX
  8
Top_Paste
  10
1.4981
  20
2.2536
  42
1
  0
SEQEND
  0
POLYLINE
  8
Top_Paste
  6
CONTINUOUS
  66
1
  70
0
  40
0.002
  41
0.002
  0
VERTEX
  8
Top_Paste
  10
1.4554
  20
2.2536
  42
1
  0
VERTEX
  8
Top_Paste
  10
1.4574
  20
2.2536
  42
1
  0
VERTEX
  8
Top_Paste
  10
1.4554
  20
2.2536
  42
1
  0
SEQEND
  0
POLYLINE
  8
Top_Paste
  6
CONTINUOUS
  66
1
  70
0
  40
0.002
  41
0.002
  0
VERTEX
  8
Top_Paste
  10
1.4554
  20
2.2652
  42
1
  0
VERTEX
  8
Top_Paste
  10
1.4574
  20
2.2652
  42
1
  0
VERTEX
  8
Top_Paste
  10
1.4554
  20
2.2652
  42
1
  0
SEQEND
  0
SOLID
  8
Top_Paste
  10
1.4564
  20
2.2673
  11
1.4992
  21
2.2673
  12
1.5012
  22
2.2536
  13
1.5012
  23
2.2652
  0
SOLID
  8
Top_Paste
  10
1.4564
  20
2.2673
  11
1.5012
  21
2.2536
  12
1.4564
  22
2.2515
  13
1.4992
  23
2.2515
  0
SOLID
  8
Top_Paste
  10
1.4564
  20
2.2673
  11
1.4564
  21
2.2515
  12
1.4544
  22
2.2652
  13
1.4544
  23
2.2536
  0
POLYLINE
  8
Top_Paste
  6
CONTINUOUS
  66
1
  70
0
  40
0.002
  41
0.002
  0
VERTEX
  8
Top_Paste
  10
1.4226
  20
2.2908
  42
1
  0
VERTEX
  8
Top_Paste
  10
1.4246
  20
2.2908
  42
1
  0
VERTEX
  8
Top_Paste
  10
1.4226
  20
2.2908
  42
1
  0
SEQEND
  0
POLYLINE
  8
Top_Paste
  6
CONTINUOUS
  66
1
  70
0
  40
0.002
  41
0.002
  0
VERTEX
  8
Top_Paste
  10
1.4226
  20
2.2792
  42
1
  0
VERTEX
  8
Top_Paste
  10
1.4246
  20
2.2792
  42
1
  0
VERTEX
  8
Top_Paste
  10
1.4226
  20
2.2792
  42
1
  0
SEQEND
  0
POLYLINE
  8
Top_Paste
  6
CONTINUOUS
  66
1
  70
0
  40
0.002
  41
0.002
  0
VERTEX
  8
Top_Paste
  10
1.3798
  20
2.2792
  42
1
  0
VERTEX
  8
Top_Paste
  10
1.3819
  20
2.2792
  42
1
  0
VERTEX
  8
Top_Paste
  10
1.3798
  20
2.2792
  42
1
  0
SEQEND
  0
POLYLINE
  8
Top_Paste
  6
CONTINUOUS
  66
1
  70
0
  40
0.002
  41
0.002
  0
VERTEX
  8
Top_Paste
  10
1.3798
  20
2.2908
  42
1
  0
VERTEX
  8
Top_Paste
  10
1.3819
  20
2.2908
  42
1
  0
VERTEX
  8
Top_Paste
  10
1.3798
  20
2.2908
  42
1
  0
SEQEND
  0
SOLID
  8
Top_Paste
  10
1.3808
  20
2.2929
  11
1.4236
  21
2.2929
  12
1.4256
  22
2.2792
  13
1.4256
  23
2.2908
  0
SOLID
  8
Top_Paste
  10
1.3808
  20
2.2929
  11
1.4256
  21
2.2792
  12
1.3808
  22
2.2771
  13
1.4236
  23
2.2771
  0
SOLID
  8
Top_Paste
  10
1.3808
  20
2.2929
  11
1.3808
  21
2.2771
  12
1.3788
  22
2.2908
  13
1.3788
  23
2.2792
  0
SOLID
  8
Top_Paste
  10
2.8445
  20
1.2202
  11
2.9055
  21
1.2202
  12
2.8445
  22
1.1641
  13
2.9055
  23
1.1641
  0
SOLID
  8
Top_Paste
  10
2.8445
  20
1.3759
  11
2.9055
  21
1.3759
  12
2.8445
  22
1.3198
  13
2.9055
  23
1.3198
  0
SOLID
  8
Top_Paste
  10
3.1395
  20
0.9052
  11
3.2005
  21
0.9052
  12
3.1395
  22
0.8491
  13
3.2005
  23
0.8491
  0
SOLID
  8
Top_Paste
  10
3.1395
  20
1.0609
  11
3.2005
  21
1.0609
  12
3.1395
  22
1.0048
  13
3.2005
  23
1.0048
  0
SOLID
  8
Top_Paste
  10
2.3298
  20
2.2055
  11
2.3859
  21
2.2055
  12
2.3298
  22
2.1445
  13
2.3859
  23
2.1445
  0
SOLID
  8
Top_Paste
  10
2.1741
  20
2.2055
  11
2.2302
  21
2.2055
  12
2.1741
  22
2.1445
  13
2.2302
  23
2.1445
  0
POLYLINE
  8
Board_Outline
  6
CONTINUOUS
  66
1
  70
0
  40
0.005
  41
0.005
  0
VERTEX
  8
Board_Outline
  10
0.272
  20
2.601
  42
0
  0
VERTEX
  8
Board_Outline
  10
0.2723
  20
2.6062
  42
0
  0
VERTEX
  8
Board_Outline
  10
0.2734
  20
2.6114
  42
0
  0
VERTEX
  8
Board_Outline
  10
0.275
  20
2.6163
  42
0
  0
VERTEX
  8
Board_Outline
  10
0.2774
  20
2.621
  42
0
  0
VERTEX
  8
Board_Outline
  10
0.2803
  20
2.6254
  42
0
  0
VERTEX
  8
Board_Outline
  10
0.2837
  20
2.6293
  42
0
  0
VERTEX
  8
Board_Outline
  10
0.2876
  20
2.6327
  42
0
  0
VERTEX
  8
Board_Outline
  10
0.292
  20
2.6356
  42
0
  0
VERTEX
  8
Board_Outline
  10
0.2967
  20
2.638
  42
0
  0
VERTEX
  8
Board_Outline
  10
0.3016
  20
2.6396
  42
0
  0
VERTEX
  8
Board_Outline
  10
0.3068
  20
2.6407
  42
0
  0
VERTEX
  8
Board_Outline
  10
0.312
  20
2.641
  42
0
  0
VERTEX
  8
Board_Outline
  10
0.3172
  20
2.6407
  42
0
  0
VERTEX
  8
Board_Outline
  10
0.3224
  20
2.6396
  42
0
  0
VERTEX
  8
Board_Outline
  10
0.3273
  20
2.638
  42
0
  0
VERTEX
  8
Board_Outline
  10
0.332
  20
2.6356
  42
0
  0
VERTEX
  8
Board_Outline
  10
0.3364
  20
2.6327
  42
0
  0
VERTEX
  8
Board_Outline
  10
0.3403
  20
2.6293
  42
0
  0
VERTEX
  8
Board_Outline
  10
0.3437
  20
2.6254
  42
0
  0
VERTEX
  8
Board_Outline
  10
0.3466
  20
2.621
  42
0
  0
VERTEX
  8
Board_Outline
  10
0.349
  20
2.6163
  42
0
  0
VERTEX
  8
Board_Outline
  10
0.3506
  20
2.6114
  42
0
  0
VERTEX
  8
Board_Outline
  10
0.3517
  20
2.6062
  42
0
  0
VERTEX
  8
Board_Outline
  10
0.352
  20
2.601
  42
0
  0
VERTEX
  8
Board_Outline
  10
0.352
  20
2.386
  42
0
  0
VERTEX
  8
Board_Outline
  10
0.3517
  20
2.3808
  42
0
  0
VERTEX
  8
Board_Outline
  10
0.3506
  20
2.3756
  42
0
  0
VERTEX
  8
Board_Outline
  10
0.349
  20
2.3707
  42
0
  0
VERTEX
  8
Board_Outline
  10
0.3466
  20
2.366
  42
0
  0
VERTEX
  8
Board_Outline
  10
0.3437
  20
2.3616
  42
0
  0
VERTEX
  8
Board_Outline
  10
0.3403
  20
2.3577
  42
0
  0
VERTEX
  8
Board_Outline
  10
0.3364
  20
2.3543
  42
0
  0
VERTEX
  8
Board_Outline
  10
0.332
  20
2.3514
  42
0
  0
VERTEX
  8
Board_Outline
  10
0.3273
  20
2.349
  42
0
  0
VERTEX
  8
Board_Outline
  10
0.3224
  20
2.3474
  42
0
  0
VERTEX
  8
Board_Outline
  10
0.3172
  20
2.3463
  42
0
  0
VERTEX
  8
Board_Outline
  10
0.312
  20
2.346
  42
0
  0
VERTEX
  8
Board_Outline
  10
0.3068
  20
2.3463
  42
0
  0
VERTEX
  8
Board_Outline
  10
0.3016
  20
2.3474
  42
0
  0
VERTEX
  8
Board_Outline
  10
0.2967
  20
2.349
  42
0
  0
VERTEX
  8
Board_Outline
  10
0.292
  20
2.3514
  42
0
  0
VERTEX
  8
Board_Outline
  10
0.2876
  20
2.3543
  42
0
  0
VERTEX
  8
Board_Outline
  10
0.2837
  20
2.3577
  42
0
  0
VERTEX
  8
Board_Outline
  10
0.2803
  20
2.3616
  42
0
  0
VERTEX
  8
Board_Outline
  10
0.2774
  20
2.366
  42
0
  0
VERTEX
  8
Board_Outline
  10
0.275
  20
2.3707
  42
0
  0
VERTEX
  8
Board_Outline
  10
0.2734
  20
2.3756
  42
0
  0
VERTEX
  8
Board_Outline
  10
0.2723
  20
2.3808
  42
0
  0
VERTEX
  8
Board_Outline
  10
0.272
  20
2.386
  42
0
  0
VERTEX
  8
Board_Outline
  10
0.272
  20
2.601
  42
0
  0
SEQEND
  0
POLYLINE
  8
Board_Outline
  6
CONTINUOUS
  66
1
  70
0
  40
0.005
  41
0.005
  0
VERTEX
  8
Board_Outline
  10
3.397
  20
2.601
  42
0
  0
VERTEX
  8
Board_Outline
  10
3.3973
  20
2.6062
  42
0
  0
VERTEX
  8
Board_Outline
  10
3.3984
  20
2.6114
  42
0
  0
VERTEX
  8
Board_Outline
  10
3.4
  20
2.6163
  42
0
  0
VERTEX
  8
Board_Outline
  10
3.4024
  20
2.621
  42
0
  0
VERTEX
  8
Board_Outline
  10
3.4053
  20
2.6254
  42
0
  0
VERTEX
  8
Board_Outline
  10
3.4087
  20
2.6293
  42
0
  0
VERTEX
  8
Board_Outline
  10
3.4126
  20
2.6327
  42
0
  0
VERTEX
  8
Board_Outline
  10
3.417
  20
2.6356
  42
0
  0
VERTEX
  8
Board_Outline
  10
3.4217
  20
2.638
  42
0
  0
VERTEX
  8
Board_Outline
  10
3.4266
  20
2.6396
  42
0
  0
VERTEX
  8
Board_Outline
  10
3.4318
  20
2.6407
  42
0
  0
VERTEX
  8
Board_Outline
  10
3.437
  20
2.641
  42
0
  0
VERTEX
  8
Board_Outline
  10
3.4422
  20
2.6407
  42
0
  0
VERTEX
  8
Board_Outline
  10
3.4474
  20
2.6396
  42
0
  0
VERTEX
  8
Board_Outline
  10
3.4523
  20
2.638
  42
0
  0
VERTEX
  8
Board_Outline
  10
3.457
  20
2.6356
  42
0
  0
VERTEX
  8
Board_Outline
  10
3.4614
  20
2.6327
  42
0
  0
VERTEX
  8
Board_Outline
  10
3.4653
  20
2.6293
  42
0
  0
VERTEX
  8
Board_Outline
  10
3.4687
  20
2.6254
  42
0
  0
VERTEX
  8
Board_Outline
  10
3.4716
  20
2.621
  42
0
  0
VERTEX
  8
Board_Outline
  10
3.474
  20
2.6163
  42
0
  0
VERTEX
  8
Board_Outline
  10
3.4756
  20
2.6114
  42
0
  0
VERTEX
  8
Board_Outline
  10
3.4767
  20
2.6062
  42
0
  0
VERTEX
  8
Board_Outline
  10
3.477
  20
2.601
  42
0
  0
VERTEX
  8
Board_Outline
  10
3.477
  20
2.386
  42
0
  0
VERTEX
  8
Board_Outline
  10
3.4767
  20
2.3808
  42
0
  0
VERTEX
  8
Board_Outline
  10
3.4756
  20
2.3756
  42
0
  0
VERTEX
  8
Board_Outline
  10
3.474
  20
2.3707
  42
0
  0
VERTEX
  8
Board_Outline
  10
3.4716
  20
2.366
  42
0
  0
VERTEX
  8
Board_Outline
  10
3.4687
  20
2.3616
  42
0
  0
VERTEX
  8
Board_Outline
  10
3.4653
  20
2.3577
  42
0
  0
VERTEX
  8
Board_Outline
  10
3.4614
  20
2.3543
  42
0
  0
VERTEX
  8
Board_Outline
  10
3.457
  20
2.3514
  42
0
  0
VERTEX
  8
Board_Outline
  10
3.4523
  20
2.349
  42
0
  0
VERTEX
  8
Board_Outline
  10
3.4474
  20
2.3474
  42
0
  0
VERTEX
  8
Board_Outline
  10
3.4422
  20
2.3463
  42
0
  0
VERTEX
  8
Board_Outline
  10
3.437
  20
2.346
  42
0
  0
VERTEX
  8
Board_Outline
  10
3.4318
  20
2.3463
  42
0
  0
VERTEX
  8
Board_Outline
  10
3.4266
  20
2.3474
  42
0
  0
VERTEX
  8
Board_Outline
  10
3.4217
  20
2.349
  42
0
  0
VERTEX
  8
Board_Outline
  10
3.417
  20
2.3514
  42
0
  0
VERTEX
  8
Board_Outline
  10
3.4126
  20
2.3543
  42
0
  0
VERTEX
  8
Board_Outline
  10
3.4087
  20
2.3577
  42
0
  0
VERTEX
  8
Board_Outline
  10
3.4053
  20
2.3616
  42
0
  0
VERTEX
  8
Board_Outline
  10
3.4024
  20
2.366
  42
0
  0
VERTEX
  8
Board_Outline
  10
3.4
  20
2.3707
  42
0
  0
VERTEX
  8
Board_Outline
  10
3.3984
  20
2.3756
  42
0
  0
VERTEX
  8
Board_Outline
  10
3.3973
  20
2.3808
  42
0
  0
VERTEX
  8
Board_Outline
  10
3.397
  20
2.386
  42
0
  0
VERTEX
  8
Board_Outline
  10
3.397
  20
2.601
  42
0
  0
SEQEND
  0
POLYLINE
  8
Board_Outline
  6
CONTINUOUS
  66
1
  70
0
  40
0.005
  41
0.005
  0
VERTEX
  8
Board_Outline
  10
2.8825
  20
0.649
  42
0
  0
VERTEX
  8
Board_Outline
  10
2.8773
  20
0.6493
  42
0
  0
VERTEX
  8
Board_Outline
  10
2.8721
  20
0.6504
  42
0
  0
VERTEX
  8
Board_Outline
  10
2.8672
  20
0.652
  42
0
  0
VERTEX
  8
Board_Outline
  10
2.8625
  20
0.6544
  42
0
  0
VERTEX
  8
Board_Outline
  10
2.8581
  20
0.6573
  42
0
  0
VERTEX
  8
Board_Outline
  10
2.8542
  20
0.6607
  42
0
  0
VERTEX
  8
Board_Outline
  10
2.8508
  20
0.6646
  42
0
  0
VERTEX
  8
Board_Outline
  10
2.8479
  20
0.669
  42
0
  0
VERTEX
  8
Board_Outline
  10
2.8455
  20
0.6737
  42
0
  0
VERTEX
  8
Board_Outline
  10
2.8439
  20
0.6786
  42
0
  0
VERTEX
  8
Board_Outline
  10
2.8428
  20
0.6838
  42
0
  0
VERTEX
  8
Board_Outline
  10
2.8425
  20
0.689
  42
0
  0
VERTEX
  8
Board_Outline
  10
2.8428
  20
0.6942
  42
0
  0
VERTEX
  8
Board_Outline
  10
2.8439
  20
0.6994
  42
0
  0
VERTEX
  8
Board_Outline
  10
2.8455
  20
0.7043
  42
0
  0
VERTEX
  8
Board_Outline
  10
2.8479
  20
0.709
  42
0
  0
VERTEX
  8
Board_Outline
  10
2.8508
  20
0.7134
  42
0
  0
VERTEX
  8
Board_Outline
  10
2.8542
  20
0.7173
  42
0
  0
VERTEX
  8
Board_Outline
  10
2.8581
  20
0.7207
  42
0
  0
VERTEX
  8
Board_Outline
  10
2.8625
  20
0.7236
  42
0
  0
VERTEX
  8
Board_Outline
  10
2.8672
  20
0.726
  42
0
  0
VERTEX
  8
Board_Outline
  10
2.8721
  20
0.7276
  42
0
  0
VERTEX
  8
Board_Outline
  10
2.8773
  20
0.7287
  42
0
  0
VERTEX
  8
Board_Outline
  10
2.8825
  20
0.729
  42
0
  0
VERTEX
  8
Board_Outline
  10
3.1025
  20
0.729
  42
0
  0
VERTEX
  8
Board_Outline
  10
3.1077
  20
0.7287
  42
0
  0
VERTEX
  8
Board_Outline
  10
3.1129
  20
0.7276
  42
0
  0
VERTEX
  8
Board_Outline
  10
3.1178
  20
0.726
  42
0
  0
VERTEX
  8
Board_Outline
  10
3.1225
  20
0.7236
  42
0
  0
VERTEX
  8
Board_Outline
  10
3.1269
  20
0.7207
  42
0
  0
VERTEX
  8
Board_Outline
  10
3.1308
  20
0.7173
  42
0
  0
VERTEX
  8
Board_Outline
  10
3.1342
  20
0.7134
  42
0
  0
VERTEX
  8
Board_Outline
  10
3.1371
  20
0.709
  42
0
  0
VERTEX
  8
Board_Outline
  10
3.1395
  20
0.7043
  42
0
  0
VERTEX
  8
Board_Outline
  10
3.1411
  20
0.6994
  42
0
  0
VERTEX
  8
Board_Outline
  10
3.1422
  20
0.6942
  42
0
  0
VERTEX
  8
Board_Outline
  10
3.1425
  20
0.689
  42
0
  0
VERTEX
  8
Board_Outline
  10
3.1422
  20
0.6838
  42
0
  0
VERTEX
  8
Board_Outline
  10
3.1411
  20
0.6786
  42
0
  0
VERTEX
  8
Board_Outline
  10
3.1395
  20
0.6737
  42
0
  0
VERTEX
  8
Board_Outline
  10
3.1371
  20
0.669
  42
0
  0
VERTEX
  8
Board_Outline
  10
3.1342
  20
0.6646
  42
0
  0
VERTEX
  8
Board_Outline
  10
3.1308
  20
0.6607
  42
0
  0
VERTEX
  8
Board_Outline
  10
3.1269
  20
0.6573
  42
0
  0
VERTEX
  8
Board_Outline
  10
3.1225
  20
0.6544
  42
0
  0
VERTEX
  8
Board_Outline
  10
3.1178
  20
0.652
  42
0
  0
VERTEX
  8
Board_Outline
  10
3.1129
  20
0.6504
  42
0
  0
VERTEX
  8
Board_Outline
  10
3.1077
  20
0.6493
  42
0
  0
VERTEX
  8
Board_Outline
  10
3.1025
  20
0.649
  42
0
  0
VERTEX
  8
Board_Outline
  10
2.8825
  20
0.649
  42
0
  0
SEQEND
  0
POLYLINE
  8
Board_Outline
  6
CONTINUOUS
  66
1
  70
0
  40
0.005
  41
0.005
  0
VERTEX
  8
Board_Outline
  10
0.648
  20
0.6489
  42
0
  0
VERTEX
  8
Board_Outline
  10
0.6428
  20
0.6492
  42
0
  0
VERTEX
  8
Board_Outline
  10
0.6376
  20
0.6503
  42
0
  0
VERTEX
  8
Board_Outline
  10
0.6327
  20
0.6519
  42
0
  0
VERTEX
  8
Board_Outline
  10
0.628
  20
0.6543
  42
0
  0
VERTEX
  8
Board_Outline
  10
0.6236
  20
0.6572
  42
0
  0
VERTEX
  8
Board_Outline
  10
0.6197
  20
0.6606
  42
0
  0
VERTEX
  8
Board_Outline
  10
0.6163
  20
0.6645
  42
0
  0
VERTEX
  8
Board_Outline
  10
0.6134
  20
0.6689
  42
0
  0
VERTEX
  8
Board_Outline
  10
0.611
  20
0.6736
  42
0
  0
VERTEX
  8
Board_Outline
  10
0.6094
  20
0.6785
  42
0
  0
VERTEX
  8
Board_Outline
  10
0.6083
  20
0.6837
  42
0
  0
VERTEX
  8
Board_Outline
  10
0.608
  20
0.6889
  42
0
  0
VERTEX
  8
Board_Outline
  10
0.6083
  20
0.6941
  42
0
  0
VERTEX
  8
Board_Outline
  10
0.6094
  20
0.6993
  42
0
  0
VERTEX
  8
Board_Outline
  10
0.611
  20
0.7042
  42
0
  0
VERTEX
  8
Board_Outline
  10
0.6134
  20
0.7089
  42
0
  0
VERTEX
  8
Board_Outline
  10
0.6163
  20
0.7133
  42
0
  0
VERTEX
  8
Board_Outline
  10
0.6197
  20
0.7172
  42
0
  0
VERTEX
  8
Board_Outline
  10
0.6236
  20
0.7206
  42
0
  0
VERTEX
  8
Board_Outline
  10
0.628
  20
0.7235
  42
0
  0
VERTEX
  8
Board_Outline
  10
0.6327
  20
0.7259
  42
0
  0
VERTEX
  8
Board_Outline
  10
0.6376
  20
0.7275
  42
0
  0
VERTEX
  8
Board_Outline
  10
0.6428
  20
0.7286
  42
0
  0
VERTEX
  8
Board_Outline
  10
0.648
  20
0.7289
  42
0
  0
VERTEX
  8
Board_Outline
  10
0.866
  20
0.7289
  42
0
  0
VERTEX
  8
Board_Outline
  10
0.8712
  20
0.7286
  42
0
  0
VERTEX
  8
Board_Outline
  10
0.8764
  20
0.7275
  42
0
  0
VERTEX
  8
Board_Outline
  10
0.8813
  20
0.7259
  42
0
  0
VERTEX
  8
Board_Outline
  10
0.886
  20
0.7235
  42
0
  0
VERTEX
  8
Board_Outline
  10
0.8904
  20
0.7206
  42
0
  0
VERTEX
  8
Board_Outline
  10
0.8943
  20
0.7172
  42
0
  0
VERTEX
  8
Board_Outline
  10
0.8977
  20
0.7133
  42
0
  0
VERTEX
  8
Board_Outline
  10
0.9006
  20
0.7089
  42
0
  0
VERTEX
  8
Board_Outline
  10
0.903
  20
0.7042
  42
0
  0
VERTEX
  8
Board_Outline
  10
0.9046
  20
0.6993
  42
0
  0
VERTEX
  8
Board_Outline
  10
0.9057
  20
0.6941
  42
0
  0
VERTEX
  8
Board_Outline
  10
0.906
  20
0.6889
  42
0
  0
VERTEX
  8
Board_Outline
  10
0.9057
  20
0.6837
  42
0
  0
VERTEX
  8
Board_Outline
  10
0.9046
  20
0.6785
  42
0
  0
VERTEX
  8
Board_Outline
  10
0.903
  20
0.6736
  42
0
  0
VERTEX
  8
Board_Outline
  10
0.9006
  20
0.6689
  42
0
  0
VERTEX
  8
Board_Outline
  10
0.8977
  20
0.6645
  42
0
  0
VERTEX
  8
Board_Outline
  10
0.8943
  20
0.6606
  42
0
  0
VERTEX
  8
Board_Outline
  10
0.8904
  20
0.6572
  42
0
  0
VERTEX
  8
Board_Outline
  10
0.886
  20
0.6543
  42
0
  0
VERTEX
  8
Board_Outline
  10
0.8813
  20
0.6519
  42
0
  0
VERTEX
  8
Board_Outline
  10
0.8764
  20
0.6503
  42
0
  0
VERTEX
  8
Board_Outline
  10
0.8712
  20
0.6492
  42
0
  0
VERTEX
  8
Board_Outline
  10
0.866
  20
0.6489
  42
0
  0
VERTEX
  8
Board_Outline
  10
0.648
  20
0.6489
  42
0
  0
SEQEND
  0
POLYLINE
  8
Board_Outline
  6
CONTINUOUS
  66
1
  70
0
  40
0.005
  41
0.005
  0
VERTEX
  8
Board_Outline
  10
1.42
  20
0.649
  42
0
  0
VERTEX
  8
Board_Outline
  10
1.4148
  20
0.6493
  42
0
  0
VERTEX
  8
Board_Outline
  10
1.4096
  20
0.6504
  42
0
  0
VERTEX
  8
Board_Outline
  10
1.4047
  20
0.652
  42
0
  0
VERTEX
  8
Board_Outline
  10
1.4
  20
0.6544
  42
0
  0
VERTEX
  8
Board_Outline
  10
1.3956
  20
0.6573
  42
0
  0
VERTEX
  8
Board_Outline
  10
1.3917
  20
0.6607
  42
0
  0
VERTEX
  8
Board_Outline
  10
1.3883
  20
0.6646
  42
0
  0
VERTEX
  8
Board_Outline
  10
1.3854
  20
0.669
  42
0
  0
VERTEX
  8
Board_Outline
  10
1.383
  20
0.6737
  42
0
  0
VERTEX
  8
Board_Outline
  10
1.3814
  20
0.6786
  42
0
  0
VERTEX
  8
Board_Outline
  10
1.3803
  20
0.6838
  42
0
  0
VERTEX
  8
Board_Outline
  10
1.38
  20
0.689
  42
0
  0
VERTEX
  8
Board_Outline
  10
1.3803
  20
0.6942
  42
0
  0
VERTEX
  8
Board_Outline
  10
1.3814
  20
0.6994
  42
0
  0
VERTEX
  8
Board_Outline
  10
1.383
  20
0.7043
  42
0
  0
VERTEX
  8
Board_Outline
  10
1.3854
  20
0.709
  42
0
  0
VERTEX
  8
Board_Outline
  10
1.3883
  20
0.7134
  42
0
  0
VERTEX
  8
Board_Outline
  10
1.3917
  20
0.7173
  42
0
  0
VERTEX
  8
Board_Outline
  10
1.3956
  20
0.7207
  42
0
  0
VERTEX
  8
Board_Outline
  10
1.4
  20
0.7236
  42
0
  0
VERTEX
  8
Board_Outline
  10
1.4047
  20
0.726
  42
0
  0
VERTEX
  8
Board_Outline
  10
1.4096
  20
0.7276
  42
0
  0
VERTEX
  8
Board_Outline
  10
1.4148
  20
0.7287
  42
0
  0
VERTEX
  8
Board_Outline
  10
1.42
  20
0.729
  42
0
  0
VERTEX
  8
Board_Outline
  10
2.37
  20
0.729
  42
0
  0
VERTEX
  8
Board_Outline
  10
2.3752
  20
0.7287
  42
0
  0
VERTEX
  8
Board_Outline
  10
2.3804
  20
0.7276
  42
0
  0
VERTEX
  8
Board_Outline
  10
2.3853
  20
0.726
  42
0
  0
VERTEX
  8
Board_Outline
  10
2.39
  20
0.7236
  42
0
  0
VERTEX
  8
Board_Outline
  10
2.3944
  20
0.7207
  42
0
  0
VERTEX
  8
Board_Outline
  10
2.3983
  20
0.7173
  42
0
  0
VERTEX
  8
Board_Outline
  10
2.4017
  20
0.7134
  42
0
  0
VERTEX
  8
Board_Outline
  10
2.4046
  20
0.709
  42
0
  0
VERTEX
  8
Board_Outline
  10
2.407
  20
0.7043
  42
0
  0
VERTEX
  8
Board_Outline
  10
2.4086
  20
0.6994
  42
0
  0
VERTEX
  8
Board_Outline
  10
2.4097
  20
0.6942
  42
0
  0
VERTEX
  8
Board_Outline
  10
2.41
  20
0.689
  42
0
  0
VERTEX
  8
Board_Outline
  10
2.4097
  20
0.6838
  42
0
  0
VERTEX
  8
Board_Outline
  10
2.4086
  20
0.6786
  42
0
  0
VERTEX
  8
Board_Outline
  10
2.407
  20
0.6737
  42
0
  0
VERTEX
  8
Board_Outline
  10
2.4046
  20
0.669
  42
0
  0
VERTEX
  8
Board_Outline
  10
2.4017
  20
0.6646
  42
0
  0
VERTEX
  8
Board_Outline
  10
2.3983
  20
0.6607
  42
0
  0
VERTEX
  8
Board_Outline
  10
2.3944
  20
0.6573
  42
0
  0
VERTEX
  8
Board_Outline
  10
2.39
  20
0.6544
  42
0
  0
VERTEX
  8
Board_Outline
  10
2.3853
  20
0.652
  42
0
  0
VERTEX
  8
Board_Outline
  10
2.3804
  20
0.6504
  42
0
  0
VERTEX
  8
Board_Outline
  10
2.3752
  20
0.6493
  42
0
  0
VERTEX
  8
Board_Outline
  10
2.37
  20
0.649
  42
0
  0
VERTEX
  8
Board_Outline
  10
1.42
  20
0.649
  42
0
  0
SEQEND
  0
POLYLINE
  8
Board_Outline
  6
CONTINUOUS
  66
1
  70
0
  40
0.005
  41
0.005
  0
VERTEX
  8
Board_Outline
  10
3.25
  20
0.3313
  42
0
  0
VERTEX
  8
Board_Outline
  10
3.241
  20
0.3319
  42
0
  0
VERTEX
  8
Board_Outline
  10
3.2322
  20
0.3336
  42
0
  0
VERTEX
  8
Board_Outline
  10
3.2237
  20
0.3365
  42
0
  0
VERTEX
  8
Board_Outline
  10
3.2156
  20
0.3405
  42
0
  0
VERTEX
  8
Board_Outline
  10
3.2081
  20
0.3455
  42
0
  0
VERTEX
  8
Board_Outline
  10
3.2014
  20
0.3514
  42
0
  0
VERTEX
  8
Board_Outline
  10
3.1954
  20
0.3582
  42
0
  0
VERTEX
  8
Board_Outline
  10
3.1905
  20
0.3656
  42
0
  0
VERTEX
  8
Board_Outline
  10
3.1865
  20
0.3737
  42
0
  0
VERTEX
  8
Board_Outline
  10
3.1836
  20
0.3822
  42
0
  0
VERTEX
  8
Board_Outline
  10
3.1818
  20
0.391
  42
0
  0
VERTEX
  8
Board_Outline
  10
3.1813
  20
0.4
  42
0
  0
VERTEX
  8
Board_Outline
  10
3.1818
  20
0.409
  42
0
  0
VERTEX
  8
Board_Outline
  10
3.1836
  20
0.4178
  42
0
  0
VERTEX
  8
Board_Outline
  10
3.1865
  20
0.4263
  42
0
  0
VERTEX
  8
Board_Outline
  10
3.1905
  20
0.4344
  42
0
  0
VERTEX
  8
Board_Outline
  10
3.1954
  20
0.4418
  42
0
  0
VERTEX
  8
Board_Outline
  10
3.2014
  20
0.4486
  42
0
  0
VERTEX
  8
Board_Outline
  10
3.2081
  20
0.4545
  42
0
  0
VERTEX
  8
Board_Outline
  10
3.2156
  20
0.4595
  42
0
  0
VERTEX
  8
Board_Outline
  10
3.2237
  20
0.4635
  42
0
  0
VERTEX
  8
Board_Outline
  10
3.2322
  20
0.4664
  42
0
  0
VERTEX
  8
Board_Outline
  10
3.241
  20
0.4681
  42
0
  0
VERTEX
  8
Board_Outline
  10
3.25
  20
0.4687
  42
0
  0
VERTEX
  8
Board_Outline
  10
3.25
  20
0.4687
  42
0
  0
VERTEX
  8
Board_Outline
  10
3.259
  20
0.4681
  42
0
  0
VERTEX
  8
Board_Outline
  10
3.2678
  20
0.4664
  42
0
  0
VERTEX
  8
Board_Outline
  10
3.2763
  20
0.4635
  42
0
  0
VERTEX
  8
Board_Outline
  10
3.2844
  20
0.4595
  42
0
  0
VERTEX
  8
Board_Outline
  10
3.2919
  20
0.4545
  42
0
  0
VERTEX
  8
Board_Outline
  10
3.2986
  20
0.4486
  42
0
  0
VERTEX
  8
Board_Outline
  10
3.3046
  20
0.4418
  42
0
  0
VERTEX
  8
Board_Outline
  10
3.3095
  20
0.4344
  42
0
  0
VERTEX
  8
Board_Outline
  10
3.3135
  20
0.4263
  42
0
  0
VERTEX
  8
Board_Outline
  10
3.3164
  20
0.4178
  42
0
  0
VERTEX
  8
Board_Outline
  10
3.3182
  20
0.409
  42
0
  0
VERTEX
  8
Board_Outline
  10
3.3187
  20
0.4
  42
0
  0
VERTEX
  8
Board_Outline
  10
3.3182
  20
0.391
  42
0
  0
VERTEX
  8
Board_Outline
  10
3.3164
  20
0.3822
  42
0
  0
VERTEX
  8
Board_Outline
  10
3.3135
  20
0.3737
  42
0
  0
VERTEX
  8
Board_Outline
  10
3.3095
  20
0.3656
  42
0
  0
VERTEX
  8
Board_Outline
  10
3.3046
  20
0.3582
  42
0
  0
VERTEX
  8
Board_Outline
  10
3.2986
  20
0.3514
  42
0
  0
VERTEX
  8
Board_Outline
  10
3.2919
  20
0.3455
  42
0
  0
VERTEX
  8
Board_Outline
  10
3.2844
  20
0.3405
  42
0
  0
VERTEX
  8
Board_Outline
  10
3.2763
  20
0.3365
  42
0
  0
VERTEX
  8
Board_Outline
  10
3.2678
  20
0.3336
  42
0
  0
VERTEX
  8
Board_Outline
  10
3.259
  20
0.3319
  42
0
  0
VERTEX
  8
Board_Outline
  10
3.25
  20
0.3313
  42
0
  0
VERTEX
  8
Board_Outline
  10
3.25
  20
0.3313
  42
0
  0
SEQEND
  0
POLYLINE
  8
Board_Outline
  6
CONTINUOUS
  66
1
  70
0
  40
0.005
  41
0.005
  0
VERTEX
  8
Board_Outline
  10
3.5771
  20
2.1813
  42
0
  0
VERTEX
  8
Board_Outline
  10
3.5681
  20
2.1819
  42
0
  0
VERTEX
  8
Board_Outline
  10
3.5593
  20
2.1836
  42
0
  0
VERTEX
  8
Board_Outline
  10
3.5508
  20
2.1865
  42
0
  0
VERTEX
  8
Board_Outline
  10
3.5427
  20
2.1905
  42
0
  0
VERTEX
  8
Board_Outline
  10
3.5352
  20
2.1955
  42
0
  0
VERTEX
  8
Board_Outline
  10
3.5285
  20
2.2014
  42
0
  0
VERTEX
  8
Board_Outline
  10
3.5225
  20
2.2082
  42
0
  0
VERTEX
  8
Board_Outline
  10
3.5176
  20
2.2156
  42
0
  0
VERTEX
  8
Board_Outline
  10
3.5136
  20
2.2237
  42
0
  0
VERTEX
  8
Board_Outline
  10
3.5107
  20
2.2322
  42
0
  0
VERTEX
  8
Board_Outline
  10
3.5089
  20
2.241
  42
0
  0
VERTEX
  8
Board_Outline
  10
3.5084
  20
2.25
  42
0
  0
VERTEX
  8
Board_Outline
  10
3.5089
  20
2.259
  42
0
  0
VERTEX
  8
Board_Outline
  10
3.5107
  20
2.2678
  42
0
  0
VERTEX
  8
Board_Outline
  10
3.5136
  20
2.2763
  42
0
  0
VERTEX
  8
Board_Outline
  10
3.5176
  20
2.2844
  42
0
  0
VERTEX
  8
Board_Outline
  10
3.5225
  20
2.2918
  42
0
  0
VERTEX
  8
Board_Outline
  10
3.5285
  20
2.2986
  42
0
  0
VERTEX
  8
Board_Outline
  10
3.5352
  20
2.3045
  42
0
  0
VERTEX
  8
Board_Outline
  10
3.5427
  20
2.3095
  42
0
  0
VERTEX
  8
Board_Outline
  10
3.5508
  20
2.3135
  42
0
  0
VERTEX
  8
Board_Outline
  10
3.5593
  20
2.3164
  42
0
  0
VERTEX
  8
Board_Outline
  10
3.5681
  20
2.3181
  42
0
  0
VERTEX
  8
Board_Outline
  10
3.5771
  20
2.3187
  42
0
  0
VERTEX
  8
Board_Outline
  10
3.5771
  20
2.3187
  42
0
  0
VERTEX
  8
Board_Outline
  10
3.5861
  20
2.3181
  42
0
  0
VERTEX
  8
Board_Outline
  10
3.5949
  20
2.3164
  42
0
  0
VERTEX
  8
Board_Outline
  10
3.6034
  20
2.3135
  42
0
  0
VERTEX
  8
Board_Outline
  10
3.6115
  20
2.3095
  42
0
  0
VERTEX
  8
Board_Outline
  10
3.619
  20
2.3045
  42
0
  0
VERTEX
  8
Board_Outline
  10
3.6257
  20
2.2986
  42
0
  0
VERTEX
  8
Board_Outline
  10
3.6317
  20
2.2918
  42
0
  0
VERTEX
  8
Board_Outline
  10
3.6366
  20
2.2844
  42
0
  0
VERTEX
  8
Board_Outline
  10
3.6406
  20
2.2763
  42
0
  0
VERTEX
  8
Board_Outline
  10
3.6435
  20
2.2678
  42
0
  0
VERTEX
  8
Board_Outline
  10
3.6453
  20
2.259
  42
0
  0
VERTEX
  8
Board_Outline
  10
3.6458
  20
2.25
  42
0
  0
VERTEX
  8
Board_Outline
  10
3.6453
  20
2.241
  42
0
  0
VERTEX
  8
Board_Outline
  10
3.6435
  20
2.2322
  42
0
  0
VERTEX
  8
Board_Outline
  10
3.6406
  20
2.2237
  42
0
  0
VERTEX
  8
Board_Outline
  10
3.6366
  20
2.2156
  42
0
  0
VERTEX
  8
Board_Outline
  10
3.6317
  20
2.2082
  42
0
  0
VERTEX
  8
Board_Outline
  10
3.6257
  20
2.2014
  42
0
  0
VERTEX
  8
Board_Outline
  10
3.619
  20
2.1955
  42
0
  0
VERTEX
  8
Board_Outline
  10
3.6115
  20
2.1905
  42
0
  0
VERTEX
  8
Board_Outline
  10
3.6034
  20
2.1865
  42
0
  0
VERTEX
  8
Board_Outline
  10
3.5949
  20
2.1836
  42
0
  0
VERTEX
  8
Board_Outline
  10
3.5861
  20
2.1819
  42
0
  0
VERTEX
  8
Board_Outline
  10
3.5771
  20
2.1813
  42
0
  0
VERTEX
  8
Board_Outline
  10
3.5771
  20
2.1813
  42
0
  0
SEQEND
  0
POLYLINE
  8
Board_Outline
  6
CONTINUOUS
  66
1
  70
0
  40
0.005
  41
0.005
  0
VERTEX
  8
Board_Outline
  10
0.15
  20
2.1813
  42
0
  0
VERTEX
  8
Board_Outline
  10
0.141
  20
2.1819
  42
0
  0
VERTEX
  8
Board_Outline
  10
0.1322
  20
2.1836
  42
0
  0
VERTEX
  8
Board_Outline
  10
0.1237
  20
2.1865
  42
0
  0
VERTEX
  8
Board_Outline
  10
0.1156
  20
2.1905
  42
0
  0
VERTEX
  8
Board_Outline
  10
0.1081
  20
2.1955
  42
0
  0
VERTEX
  8
Board_Outline
  10
0.1014
  20
2.2014
  42
0
  0
VERTEX
  8
Board_Outline
  10
0.0954
  20
2.2082
  42
0
  0
VERTEX
  8
Board_Outline
  10
0.0905
  20
2.2156
  42
0
  0
VERTEX
  8
Board_Outline
  10
0.0865
  20
2.2237
  42
0
  0
VERTEX
  8
Board_Outline
  10
0.0836
  20
2.2322
  42
0
  0
VERTEX
  8
Board_Outline
  10
0.0818
  20
2.241
  42
0
  0
VERTEX
  8
Board_Outline
  10
0.0813
  20
2.25
  42
0
  0
VERTEX
  8
Board_Outline
  10
0.0818
  20
2.259
  42
0
  0
VERTEX
  8
Board_Outline
  10
0.0836
  20
2.2678
  42
0
  0
VERTEX
  8
Board_Outline
  10
0.0865
  20
2.2763
  42
0
  0
VERTEX
  8
Board_Outline
  10
0.0905
  20
2.2844
  42
0
  0
VERTEX
  8
Board_Outline
  10
0.0954
  20
2.2918
  42
0
  0
VERTEX
  8
Board_Outline
  10
0.1014
  20
2.2986
  42
0
  0
VERTEX
  8
Board_Outline
  10
0.1081
  20
2.3045
  42
0
  0
VERTEX
  8
Board_Outline
  10
0.1156
  20
2.3095
  42
0
  0
VERTEX
  8
Board_Outline
  10
0.1237
  20
2.3135
  42
0
  0
VERTEX
  8
Board_Outline
  10
0.1322
  20
2.3164
  42
0
  0
VERTEX
  8
Board_Outline
  10
0.141
  20
2.3181
  42
0
  0
VERTEX
  8
Board_Outline
  10
0.15
  20
2.3187
  42
0
  0
VERTEX
  8
Board_Outline
  10
0.15
  20
2.3187
  42
0
  0
VERTEX
  8
Board_Outline
  10
0.159
  20
2.3181
  42
0
  0
VERTEX
  8
Board_Outline
  10
0.1678
  20
2.3164
  42
0
  0
VERTEX
  8
Board_Outline
  10
0.1763
  20
2.3135
  42
0
  0
VERTEX
  8
Board_Outline
  10
0.1844
  20
2.3095
  42
0
  0
VERTEX
  8
Board_Outline
  10
0.1919
  20
2.3045
  42
0
  0
VERTEX
  8
Board_Outline
  10
0.1986
  20
2.2986
  42
0
  0
VERTEX
  8
Board_Outline
  10
0.2046
  20
2.2918
  42
0
  0
VERTEX
  8
Board_Outline
  10
0.2095
  20
2.2844
  42
0
  0
VERTEX
  8
Board_Outline
  10
0.2135
  20
2.2763
  42
0
  0
VERTEX
  8
Board_Outline
  10
0.2164
  20
2.2678
  42
0
  0
VERTEX
  8
Board_Outline
  10
0.2182
  20
2.259
  42
0
  0
VERTEX
  8
Board_Outline
  10
0.2187
  20
2.25
  42
0
  0
VERTEX
  8
Board_Outline
  10
0.2182
  20
2.241
  42
0
  0
VERTEX
  8
Board_Outline
  10
0.2164
  20
2.2322
  42
0
  0
VERTEX
  8
Board_Outline
  10
0.2135
  20
2.2237
  42
0
  0
VERTEX
  8
Board_Outline
  10
0.2095
  20
2.2156
  42
0
  0
VERTEX
  8
Board_Outline
  10
0.2046
  20
2.2082
  42
0
  0
VERTEX
  8
Board_Outline
  10
0.1986
  20
2.2014
  42
0
  0
VERTEX
  8
Board_Outline
  10
0.1919
  20
2.1955
  42
0
  0
VERTEX
  8
Board_Outline
  10
0.1844
  20
2.1905
  42
0
  0
VERTEX
  8
Board_Outline
  10
0.1763
  20
2.1865
  42
0
  0
VERTEX
  8
Board_Outline
  10
0.1678
  20
2.1836
  42
0
  0
VERTEX
  8
Board_Outline
  10
0.159
  20
2.1819
  42
0
  0
VERTEX
  8
Board_Outline
  10
0.15
  20
2.1813
  42
0
  0
VERTEX
  8
Board_Outline
  10
0.15
  20
2.1813
  42
0
  0
SEQEND
  0
POLYLINE
  8
Board_Outline
  6
CONTINUOUS
  66
1
  70
0
  40
0.005
  41
0.005
  0
VERTEX
  8
Board_Outline
  10
0.5
  20
0.3313
  42
0
  0
VERTEX
  8
Board_Outline
  10
0.491
  20
0.3319
  42
0
  0
VERTEX
  8
Board_Outline
  10
0.4822
  20
0.3336
  42
0
  0
VERTEX
  8
Board_Outline
  10
0.4737
  20
0.3365
  42
0
  0
VERTEX
  8
Board_Outline
  10
0.4656
  20
0.3405
  42
0
  0
VERTEX
  8
Board_Outline
  10
0.4581
  20
0.3455
  42
0
  0
VERTEX
  8
Board_Outline
  10
0.4514
  20
0.3514
  42
0
  0
VERTEX
  8
Board_Outline
  10
0.4454
  20
0.3582
  42
0
  0
VERTEX
  8
Board_Outline
  10
0.4405
  20
0.3656
  42
0
  0
VERTEX
  8
Board_Outline
  10
0.4365
  20
0.3737
  42
0
  0
VERTEX
  8
Board_Outline
  10
0.4336
  20
0.3822
  42
0
  0
VERTEX
  8
Board_Outline
  10
0.4318
  20
0.391
  42
0
  0
VERTEX
  8
Board_Outline
  10
0.4313
  20
0.4
  42
0
  0
VERTEX
  8
Board_Outline
  10
0.4318
  20
0.409
  42
0
  0
VERTEX
  8
Board_Outline
  10
0.4336
  20
0.4178
  42
0
  0
VERTEX
  8
Board_Outline
  10
0.4365
  20
0.4263
  42
0
  0
VERTEX
  8
Board_Outline
  10
0.4405
  20
0.4344
  42
0
  0
VERTEX
  8
Board_Outline
  10
0.4454
  20
0.4418
  42
0
  0
VERTEX
  8
Board_Outline
  10
0.4514
  20
0.4486
  42
0
  0
VERTEX
  8
Board_Outline
  10
0.4581
  20
0.4545
  42
0
  0
VERTEX
  8
Board_Outline
  10
0.4656
  20
0.4595
  42
0
  0
VERTEX
  8
Board_Outline
  10
0.4737
  20
0.4635
  42
0
  0
VERTEX
  8
Board_Outline
  10
0.4822
  20
0.4664
  42
0
  0
VERTEX
  8
Board_Outline
  10
0.491
  20
0.4681
  42
0
  0
VERTEX
  8
Board_Outline
  10
0.5
  20
0.4687
  42
0
  0
VERTEX
  8
Board_Outline
  10
0.5
  20
0.4687
  42
0
  0
VERTEX
  8
Board_Outline
  10
0.509
  20
0.4681
  42
0
  0
VERTEX
  8
Board_Outline
  10
0.5178
  20
0.4664
  42
0
  0
VERTEX
  8
Board_Outline
  10
0.5263
  20
0.4635
  42
0
  0
VERTEX
  8
Board_Outline
  10
0.5344
  20
0.4595
  42
0
  0
VERTEX
  8
Board_Outline
  10
0.5419
  20
0.4545
  42
0
  0
VERTEX
  8
Board_Outline
  10
0.5486
  20
0.4486
  42
0
  0
VERTEX
  8
Board_Outline
  10
0.5546
  20
0.4418
  42
0
  0
VERTEX
  8
Board_Outline
  10
0.5595
  20
0.4344
  42
0
  0
VERTEX
  8
Board_Outline
  10
0.5635
  20
0.4263
  42
0
  0
VERTEX
  8
Board_Outline
  10
0.5664
  20
0.4178
  42
0
  0
VERTEX
  8
Board_Outline
  10
0.5682
  20
0.409
  42
0
  0
VERTEX
  8
Board_Outline
  10
0.5687
  20
0.4
  42
0
  0
VERTEX
  8
Board_Outline
  10
0.5682
  20
0.391
  42
0
  0
VERTEX
  8
Board_Outline
  10
0.5664
  20
0.3822
  42
0
  0
VERTEX
  8
Board_Outline
  10
0.5635
  20
0.3737
  42
0
  0
VERTEX
  8
Board_Outline
  10
0.5595
  20
0.3656
  42
0
  0
VERTEX
  8
Board_Outline
  10
0.5546
  20
0.3582
  42
0
  0
VERTEX
  8
Board_Outline
  10
0.5486
  20
0.3514
  42
0
  0
VERTEX
  8
Board_Outline
  10
0.5419
  20
0.3455
  42
0
  0
VERTEX
  8
Board_Outline
  10
0.5344
  20
0.3405
  42
0
  0
VERTEX
  8
Board_Outline
  10
0.5263
  20
0.3365
  42
0
  0
VERTEX
  8
Board_Outline
  10
0.5178
  20
0.3336
  42
0
  0
VERTEX
  8
Board_Outline
  10
0.509
  20
0.3319
  42
0
  0
VERTEX
  8
Board_Outline
  10
0.5
  20
0.3313
  42
0
  0
VERTEX
  8
Board_Outline
  10
0.5
  20
0.3313
  42
0
  0
SEQEND
  0
POLYLINE
  8
Board_Outline
  6
CONTINUOUS
  66
1
  70
0
  40
0.005
  41
0.005
  0
VERTEX
  8
Board_Outline
  10
0.7
  20
0.0
  42
0
  0
VERTEX
  8
Board_Outline
  10
3.05
  20
0.0
  42
0
  0
VERTEX
  8
Board_Outline
  10
3.75
  20
0.7
  42
0
  0
VERTEX
  8
Board_Outline
  10
3.75
  20
3.0
  42
0
  0
VERTEX
  8
Board_Outline
  10
0.0
  20
3.0
  42
0
  0
VERTEX
  8
Board_Outline
  10
0.0
  20
0.7
  42
0
  0
VERTEX
  8
Board_Outline
  10
0.7
  20
0.0
  42
0
  0
SEQEND
  0
ENDSEC
  0
EOF
